product_id,product_name,country,base_price,current_selling,current_markup_pct,markup_if_single_orig,markup_if_doubled_orig,corrected_selling_if_doubled
e8a7d861-5a40-4cba-ab26-c1c2e56dc1c9,1:36 Scale Mahindra Thar 4x4 Die-Cast Model Car,AL,347.00,680.12,96.00,73.00,50.00,600.31
e8a7d861-5a40-4cba-ab26-c1c2e56dc1c9,1:36 Scale Mahindra Thar 4x4 Die-Cast Model Car,CH,347.00,680.12,96.00,73.00,50.00,600.31
e8a7d861-5a40-4cba-ab26-c1c2e56dc1c9,1:36 Scale Mahindra Thar 4x4 Die-Cast Model Car,DE,347.00,680.12,96.00,73.00,50.00,600.31
e8a7d861-5a40-4cba-ab26-c1c2e56dc1c9,1:36 Scale Mahindra Thar 4x4 Die-Cast Model Car,FR,347.00,680.12,96.00,73.00,50.00,600.31
e8a7d861-5a40-4cba-ab26-c1c2e56dc1c9,1:36 Scale Mahindra Thar 4x4 Die-Cast Model Car,GB,347.00,680.12,96.00,73.00,50.00,600.31
e8a7d861-5a40-4cba-ab26-c1c2e56dc1c9,1:36 Scale Mahindra Thar 4x4 Die-Cast Model Car,IE,347.00,697.47,101.00,78.00,55.00,617.66
e8a7d861-5a40-4cba-ab26-c1c2e56dc1c9,1:36 Scale Mahindra Thar 4x4 Die-Cast Model Car,KE,347.00,680.12,96.00,73.00,50.00,600.31
e8a7d861-5a40-4cba-ab26-c1c2e56dc1c9,1:36 Scale Mahindra Thar 4x4 Die-Cast Model Car,MT,347.00,680.12,96.00,73.00,50.00,600.31
e8a7d861-5a40-4cba-ab26-c1c2e56dc1c9,1:36 Scale Mahindra Thar 4x4 Die-Cast Model Car,US,347.00,680.12,96.00,73.00,50.00,600.31
04ecec55-8570-4170-bd39-b9f03cf39d5a,ABC AND NUMBER PUZZLE,AL,140.00,281.40,101.00,78.00,55.00,249.20
04ecec55-8570-4170-bd39-b9f03cf39d5a,ABC AND NUMBER PUZZLE,CH,140.00,281.40,101.00,78.00,55.00,249.20
04ecec55-8570-4170-bd39-b9f03cf39d5a,ABC AND NUMBER PUZZLE,DE,140.00,281.40,101.00,78.00,55.00,249.20
04ecec55-8570-4170-bd39-b9f03cf39d5a,ABC AND NUMBER PUZZLE,FR,140.00,281.40,101.00,78.00,55.00,249.20
04ecec55-8570-4170-bd39-b9f03cf39d5a,ABC AND NUMBER PUZZLE,GB,140.00,281.40,101.00,78.00,55.00,249.20
04ecec55-8570-4170-bd39-b9f03cf39d5a,ABC AND NUMBER PUZZLE,IE,140.00,283.99,102.85,79.85,56.85,251.79
04ecec55-8570-4170-bd39-b9f03cf39d5a,ABC AND NUMBER PUZZLE,KE,140.00,281.40,101.00,78.00,55.00,249.20
04ecec55-8570-4170-bd39-b9f03cf39d5a,ABC AND NUMBER PUZZLE,MT,140.00,281.40,101.00,78.00,55.00,249.20
04ecec55-8570-4170-bd39-b9f03cf39d5a,ABC AND NUMBER PUZZLE,US,140.00,281.40,101.00,78.00,55.00,249.20
87aed819-e588-480b-abb5-0e68bdb2dbf4,Adrock Back Strap Sandals,AL,999.00,2107.89,111.00,88.00,65.00,1878.12
87aed819-e588-480b-abb5-0e68bdb2dbf4,Adrock Back Strap Sandals,CH,999.00,2107.89,111.00,88.00,65.00,1878.12
87aed819-e588-480b-abb5-0e68bdb2dbf4,Adrock Back Strap Sandals,DE,999.00,2107.89,111.00,88.00,65.00,1878.12
87aed819-e588-480b-abb5-0e68bdb2dbf4,Adrock Back Strap Sandals,FR,999.00,2107.89,111.00,88.00,65.00,1878.12
87aed819-e588-480b-abb5-0e68bdb2dbf4,Adrock Back Strap Sandals,GB,999.00,2107.89,111.00,88.00,65.00,1878.12
87aed819-e588-480b-abb5-0e68bdb2dbf4,Adrock Back Strap Sandals,IE,999.00,2307.69,131.00,108.00,85.00,2077.92
87aed819-e588-480b-abb5-0e68bdb2dbf4,Adrock Back Strap Sandals,KE,999.00,2107.89,111.00,88.00,65.00,1878.12
87aed819-e588-480b-abb5-0e68bdb2dbf4,Adrock Back Strap Sandals,MT,999.00,2107.89,111.00,88.00,65.00,1878.12
87aed819-e588-480b-abb5-0e68bdb2dbf4,Adrock Back Strap Sandals,US,999.00,2107.89,111.00,88.00,65.00,1878.12
fc192409-0336-4992-b669-8a4f4e24bfb5,Al Hiza Chembakam Roll-On Perfume,AL,49.00,96.04,96.00,73.00,50.00,84.77
fc192409-0336-4992-b669-8a4f4e24bfb5,Al Hiza Chembakam Roll-On Perfume,CH,49.00,96.04,96.00,73.00,50.00,84.77
fc192409-0336-4992-b669-8a4f4e24bfb5,Al Hiza Chembakam Roll-On Perfume,DE,49.00,96.04,96.00,73.00,50.00,84.77
fc192409-0336-4992-b669-8a4f4e24bfb5,Al Hiza Chembakam Roll-On Perfume,FR,49.00,96.04,96.00,73.00,50.00,84.77
fc192409-0336-4992-b669-8a4f4e24bfb5,Al Hiza Chembakam Roll-On Perfume,GB,49.00,96.04,96.00,73.00,50.00,84.77
fc192409-0336-4992-b669-8a4f4e24bfb5,Al Hiza Chembakam Roll-On Perfume,IE,49.00,98.49,101.00,78.00,55.00,87.22
fc192409-0336-4992-b669-8a4f4e24bfb5,Al Hiza Chembakam Roll-On Perfume,KE,49.00,96.04,96.00,73.00,50.00,84.77
fc192409-0336-4992-b669-8a4f4e24bfb5,Al Hiza Chembakam Roll-On Perfume,MT,49.00,96.04,96.00,73.00,50.00,84.77
fc192409-0336-4992-b669-8a4f4e24bfb5,Al Hiza Chembakam Roll-On Perfume,US,49.00,96.04,96.00,73.00,50.00,84.77
bd23697c-2841-4e48-bb89-6574d3556f29,Al Hiza Cool Water Roll-On Perfume,AL,49.00,96.04,96.00,73.00,50.00,84.77
bd23697c-2841-4e48-bb89-6574d3556f29,Al Hiza Cool Water Roll-On Perfume,CH,49.00,96.04,96.00,73.00,50.00,84.77
bd23697c-2841-4e48-bb89-6574d3556f29,Al Hiza Cool Water Roll-On Perfume,DE,49.00,96.04,96.00,73.00,50.00,84.77
bd23697c-2841-4e48-bb89-6574d3556f29,Al Hiza Cool Water Roll-On Perfume,FR,49.00,96.04,96.00,73.00,50.00,84.77
bd23697c-2841-4e48-bb89-6574d3556f29,Al Hiza Cool Water Roll-On Perfume,GB,49.00,96.04,96.00,73.00,50.00,84.77
bd23697c-2841-4e48-bb89-6574d3556f29,Al Hiza Cool Water Roll-On Perfume,IE,49.00,98.49,101.00,78.00,55.00,87.22
bd23697c-2841-4e48-bb89-6574d3556f29,Al Hiza Cool Water Roll-On Perfume,KE,49.00,96.04,96.00,73.00,50.00,84.77
bd23697c-2841-4e48-bb89-6574d3556f29,Al Hiza Cool Water Roll-On Perfume,MT,49.00,96.04,96.00,73.00,50.00,84.77
bd23697c-2841-4e48-bb89-6574d3556f29,Al Hiza Cool Water Roll-On Perfume,US,49.00,96.04,96.00,73.00,50.00,84.77
47491e81-52bd-43ac-9abb-03732962b37a,Al Hiza CR7 Roll-On Perfume | Alcohol-Free Attar | Long Lasting Fragrance | 6ml,AL,50.00,98.00,96.00,73.00,50.00,86.50
47491e81-52bd-43ac-9abb-03732962b37a,Al Hiza CR7 Roll-On Perfume | Alcohol-Free Attar | Long Lasting Fragrance | 6ml,CH,50.00,98.00,96.00,73.00,50.00,86.50
47491e81-52bd-43ac-9abb-03732962b37a,Al Hiza CR7 Roll-On Perfume | Alcohol-Free Attar | Long Lasting Fragrance | 6ml,DE,50.00,98.00,96.00,73.00,50.00,86.50
47491e81-52bd-43ac-9abb-03732962b37a,Al Hiza CR7 Roll-On Perfume | Alcohol-Free Attar | Long Lasting Fragrance | 6ml,FR,50.00,98.00,96.00,73.00,50.00,86.50
47491e81-52bd-43ac-9abb-03732962b37a,Al Hiza CR7 Roll-On Perfume | Alcohol-Free Attar | Long Lasting Fragrance | 6ml,GB,50.00,98.00,96.00,73.00,50.00,86.50
47491e81-52bd-43ac-9abb-03732962b37a,Al Hiza CR7 Roll-On Perfume | Alcohol-Free Attar | Long Lasting Fragrance | 6ml,IE,50.00,100.50,101.00,78.00,55.00,89.00
47491e81-52bd-43ac-9abb-03732962b37a,Al Hiza CR7 Roll-On Perfume | Alcohol-Free Attar | Long Lasting Fragrance | 6ml,KE,50.00,98.00,96.00,73.00,50.00,86.50
47491e81-52bd-43ac-9abb-03732962b37a,Al Hiza CR7 Roll-On Perfume | Alcohol-Free Attar | Long Lasting Fragrance | 6ml,MT,50.00,98.00,96.00,73.00,50.00,86.50
47491e81-52bd-43ac-9abb-03732962b37a,Al Hiza CR7 Roll-On Perfume | Alcohol-Free Attar | Long Lasting Fragrance | 6ml,US,50.00,98.00,96.00,73.00,50.00,86.50
b3102dfc-447d-4d80-8f04-e741657e3dfb,Al Hiza Enchandeur Roll-On Perfume,AL,49.00,96.04,96.00,73.00,50.00,84.77
b3102dfc-447d-4d80-8f04-e741657e3dfb,Al Hiza Enchandeur Roll-On Perfume,CH,49.00,96.04,96.00,73.00,50.00,84.77
b3102dfc-447d-4d80-8f04-e741657e3dfb,Al Hiza Enchandeur Roll-On Perfume,DE,49.00,96.04,96.00,73.00,50.00,84.77
b3102dfc-447d-4d80-8f04-e741657e3dfb,Al Hiza Enchandeur Roll-On Perfume,FR,49.00,96.04,96.00,73.00,50.00,84.77
b3102dfc-447d-4d80-8f04-e741657e3dfb,Al Hiza Enchandeur Roll-On Perfume,GB,49.00,96.04,96.00,73.00,50.00,84.77
b3102dfc-447d-4d80-8f04-e741657e3dfb,Al Hiza Enchandeur Roll-On Perfume,IE,49.00,98.49,101.00,78.00,55.00,87.22
b3102dfc-447d-4d80-8f04-e741657e3dfb,Al Hiza Enchandeur Roll-On Perfume,KE,49.00,96.04,96.00,73.00,50.00,84.77
b3102dfc-447d-4d80-8f04-e741657e3dfb,Al Hiza Enchandeur Roll-On Perfume,MT,49.00,96.04,96.00,73.00,50.00,84.77
b3102dfc-447d-4d80-8f04-e741657e3dfb,Al Hiza Enchandeur Roll-On Perfume,US,49.00,96.04,96.00,73.00,50.00,84.77
7b91c32d-a7c1-47ee-ba0a-b3638175b0e9,Al Hiza White Oudh Roll-On Perfume,AL,49.00,96.04,96.00,73.00,50.00,84.77
7b91c32d-a7c1-47ee-ba0a-b3638175b0e9,Al Hiza White Oudh Roll-On Perfume,CH,49.00,96.04,96.00,73.00,50.00,84.77
7b91c32d-a7c1-47ee-ba0a-b3638175b0e9,Al Hiza White Oudh Roll-On Perfume,DE,49.00,96.04,96.00,73.00,50.00,84.77
7b91c32d-a7c1-47ee-ba0a-b3638175b0e9,Al Hiza White Oudh Roll-On Perfume,FR,49.00,96.04,96.00,73.00,50.00,84.77
7b91c32d-a7c1-47ee-ba0a-b3638175b0e9,Al Hiza White Oudh Roll-On Perfume,GB,49.00,96.04,96.00,73.00,50.00,84.77
7b91c32d-a7c1-47ee-ba0a-b3638175b0e9,Al Hiza White Oudh Roll-On Perfume,IE,49.00,98.49,101.00,78.00,55.00,87.22
7b91c32d-a7c1-47ee-ba0a-b3638175b0e9,Al Hiza White Oudh Roll-On Perfume,KE,49.00,96.04,96.00,73.00,50.00,84.77
7b91c32d-a7c1-47ee-ba0a-b3638175b0e9,Al Hiza White Oudh Roll-On Perfume,MT,49.00,96.04,96.00,73.00,50.00,84.77
7b91c32d-a7c1-47ee-ba0a-b3638175b0e9,Al Hiza White Oudh Roll-On Perfume,US,49.00,96.04,96.00,73.00,50.00,84.77
aaf6ced4-e5e3-4b01-9bcc-6bcaa75ddebc,Al Hiza Z Roll-On Perfume (6ml) | Long Lasting Attar | Alcohol-Free Fragrance for Men & Women,AL,49.00,96.04,96.00,73.00,50.00,84.77
aaf6ced4-e5e3-4b01-9bcc-6bcaa75ddebc,Al Hiza Z Roll-On Perfume (6ml) | Long Lasting Attar | Alcohol-Free Fragrance for Men & Women,CH,49.00,96.04,96.00,73.00,50.00,84.77
aaf6ced4-e5e3-4b01-9bcc-6bcaa75ddebc,Al Hiza Z Roll-On Perfume (6ml) | Long Lasting Attar | Alcohol-Free Fragrance for Men & Women,DE,49.00,96.04,96.00,73.00,50.00,84.77
aaf6ced4-e5e3-4b01-9bcc-6bcaa75ddebc,Al Hiza Z Roll-On Perfume (6ml) | Long Lasting Attar | Alcohol-Free Fragrance for Men & Women,FR,49.00,96.04,96.00,73.00,50.00,84.77
aaf6ced4-e5e3-4b01-9bcc-6bcaa75ddebc,Al Hiza Z Roll-On Perfume (6ml) | Long Lasting Attar | Alcohol-Free Fragrance for Men & Women,GB,49.00,96.04,96.00,73.00,50.00,84.77
aaf6ced4-e5e3-4b01-9bcc-6bcaa75ddebc,Al Hiza Z Roll-On Perfume (6ml) | Long Lasting Attar | Alcohol-Free Fragrance for Men & Women,IE,49.00,98.49,101.00,78.00,55.00,87.22
aaf6ced4-e5e3-4b01-9bcc-6bcaa75ddebc,Al Hiza Z Roll-On Perfume (6ml) | Long Lasting Attar | Alcohol-Free Fragrance for Men & Women,KE,49.00,96.04,96.00,73.00,50.00,84.77
aaf6ced4-e5e3-4b01-9bcc-6bcaa75ddebc,Al Hiza Z Roll-On Perfume (6ml) | Long Lasting Attar | Alcohol-Free Fragrance for Men & Women,MT,49.00,96.04,96.00,73.00,50.00,84.77
aaf6ced4-e5e3-4b01-9bcc-6bcaa75ddebc,Al Hiza Z Roll-On Perfume (6ml) | Long Lasting Attar | Alcohol-Free Fragrance for Men & Women,US,49.00,96.04,96.00,73.00,50.00,84.77
b0bcb6db-f357-4ada-8337-fcb0b269dee7,Al-Naas Cleopatra Perfume (Attar),AL,49.00,96.04,96.00,73.00,50.00,84.77
b0bcb6db-f357-4ada-8337-fcb0b269dee7,Al-Naas Cleopatra Perfume (Attar),CH,49.00,96.04,96.00,73.00,50.00,84.77
b0bcb6db-f357-4ada-8337-fcb0b269dee7,Al-Naas Cleopatra Perfume (Attar),DE,49.00,96.04,96.00,73.00,50.00,84.77
b0bcb6db-f357-4ada-8337-fcb0b269dee7,Al-Naas Cleopatra Perfume (Attar),FR,49.00,96.04,96.00,73.00,50.00,84.77
b0bcb6db-f357-4ada-8337-fcb0b269dee7,Al-Naas Cleopatra Perfume (Attar),GB,49.00,96.04,96.00,73.00,50.00,84.77
b0bcb6db-f357-4ada-8337-fcb0b269dee7,Al-Naas Cleopatra Perfume (Attar),IE,49.00,98.49,101.00,78.00,55.00,87.22
b0bcb6db-f357-4ada-8337-fcb0b269dee7,Al-Naas Cleopatra Perfume (Attar),KE,49.00,96.04,96.00,73.00,50.00,84.77
b0bcb6db-f357-4ada-8337-fcb0b269dee7,Al-Naas Cleopatra Perfume (Attar),MT,49.00,96.04,96.00,73.00,50.00,84.77
b0bcb6db-f357-4ada-8337-fcb0b269dee7,Al-Naas Cleopatra Perfume (Attar),US,49.00,96.04,96.00,73.00,50.00,84.77
af743b6d-af94-4ae4-b4b8-3a8fb2c22f3f,Al-Naas Jasmine Attar (Perfume Oil),AL,49.00,96.04,96.00,73.00,50.00,84.77
af743b6d-af94-4ae4-b4b8-3a8fb2c22f3f,Al-Naas Jasmine Attar (Perfume Oil),CH,49.00,96.04,96.00,73.00,50.00,84.77
af743b6d-af94-4ae4-b4b8-3a8fb2c22f3f,Al-Naas Jasmine Attar (Perfume Oil),DE,49.00,96.04,96.00,73.00,50.00,84.77
af743b6d-af94-4ae4-b4b8-3a8fb2c22f3f,Al-Naas Jasmine Attar (Perfume Oil),FR,49.00,96.04,96.00,73.00,50.00,84.77
af743b6d-af94-4ae4-b4b8-3a8fb2c22f3f,Al-Naas Jasmine Attar (Perfume Oil),GB,49.00,96.04,96.00,73.00,50.00,84.77
af743b6d-af94-4ae4-b4b8-3a8fb2c22f3f,Al-Naas Jasmine Attar (Perfume Oil),IE,49.00,98.49,101.00,78.00,55.00,87.22
af743b6d-af94-4ae4-b4b8-3a8fb2c22f3f,Al-Naas Jasmine Attar (Perfume Oil),KE,49.00,96.04,96.00,73.00,50.00,84.77
af743b6d-af94-4ae4-b4b8-3a8fb2c22f3f,Al-Naas Jasmine Attar (Perfume Oil),MT,49.00,96.04,96.00,73.00,50.00,84.77
af743b6d-af94-4ae4-b4b8-3a8fb2c22f3f,Al-Naas Jasmine Attar (Perfume Oil),US,49.00,96.04,96.00,73.00,50.00,84.77
acb21ec9-84c3-48b9-9611-c06428503b86,Almas Dark Chocolate Roll-On Perfume,AL,49.00,96.04,96.00,73.00,50.00,84.77
acb21ec9-84c3-48b9-9611-c06428503b86,Almas Dark Chocolate Roll-On Perfume,CH,49.00,96.04,96.00,73.00,50.00,84.77
acb21ec9-84c3-48b9-9611-c06428503b86,Almas Dark Chocolate Roll-On Perfume,DE,49.00,96.04,96.00,73.00,50.00,84.77
acb21ec9-84c3-48b9-9611-c06428503b86,Almas Dark Chocolate Roll-On Perfume,FR,49.00,96.04,96.00,73.00,50.00,84.77
acb21ec9-84c3-48b9-9611-c06428503b86,Almas Dark Chocolate Roll-On Perfume,GB,49.00,96.04,96.00,73.00,50.00,84.77
acb21ec9-84c3-48b9-9611-c06428503b86,Almas Dark Chocolate Roll-On Perfume,IE,49.00,98.49,101.00,78.00,55.00,87.22
acb21ec9-84c3-48b9-9611-c06428503b86,Almas Dark Chocolate Roll-On Perfume,KE,49.00,96.04,96.00,73.00,50.00,84.77
acb21ec9-84c3-48b9-9611-c06428503b86,Almas Dark Chocolate Roll-On Perfume,MT,49.00,96.04,96.00,73.00,50.00,84.77
acb21ec9-84c3-48b9-9611-c06428503b86,Almas Dark Chocolate Roll-On Perfume,US,49.00,96.04,96.00,73.00,50.00,84.77
88e713a1-47f1-4729-b820-2e6e41b34579,Alps Goodness 100% Pure Glycerine 100 ml,AL,149.00,292.04,96.00,73.00,50.00,257.77
88e713a1-47f1-4729-b820-2e6e41b34579,Alps Goodness 100% Pure Glycerine 100 ml,CH,149.00,292.04,96.00,73.00,50.00,257.77
88e713a1-47f1-4729-b820-2e6e41b34579,Alps Goodness 100% Pure Glycerine 100 ml,DE,149.00,292.04,96.00,73.00,50.00,257.77
88e713a1-47f1-4729-b820-2e6e41b34579,Alps Goodness 100% Pure Glycerine 100 ml,FR,149.00,292.04,96.00,73.00,50.00,257.77
88e713a1-47f1-4729-b820-2e6e41b34579,Alps Goodness 100% Pure Glycerine 100 ml,GB,149.00,292.04,96.00,73.00,50.00,257.77
88e713a1-47f1-4729-b820-2e6e41b34579,Alps Goodness 100% Pure Glycerine 100 ml,IE,149.00,299.49,101.00,78.00,55.00,265.22
88e713a1-47f1-4729-b820-2e6e41b34579,Alps Goodness 100% Pure Glycerine 100 ml,KE,149.00,292.04,96.00,73.00,50.00,257.77
88e713a1-47f1-4729-b820-2e6e41b34579,Alps Goodness 100% Pure Glycerine 100 ml,MT,149.00,292.04,96.00,73.00,50.00,257.77
88e713a1-47f1-4729-b820-2e6e41b34579,Alps Goodness 100% Pure Glycerine 100 ml,US,149.00,292.04,96.00,73.00,50.00,257.77
d9a25248-a99d-4b21-9496-7641a396f707,Alps Goodness Amla Reetha & Shikakai 50 gm,AL,110.00,212.14,92.85,69.85,46.85,186.84
d9a25248-a99d-4b21-9496-7641a396f707,Alps Goodness Amla Reetha & Shikakai 50 gm,CH,110.00,212.14,92.85,69.85,46.85,186.84
d9a25248-a99d-4b21-9496-7641a396f707,Alps Goodness Amla Reetha & Shikakai 50 gm,DE,110.00,212.14,92.85,69.85,46.85,186.84
d9a25248-a99d-4b21-9496-7641a396f707,Alps Goodness Amla Reetha & Shikakai 50 gm,FR,110.00,212.14,92.85,69.85,46.85,186.84
d9a25248-a99d-4b21-9496-7641a396f707,Alps Goodness Amla Reetha & Shikakai 50 gm,GB,110.00,212.14,92.85,69.85,46.85,186.84
d9a25248-a99d-4b21-9496-7641a396f707,Alps Goodness Amla Reetha & Shikakai 50 gm,IE,110.00,219.54,99.58,76.58,53.58,194.24
d9a25248-a99d-4b21-9496-7641a396f707,Alps Goodness Amla Reetha & Shikakai 50 gm,KE,110.00,212.14,92.85,69.85,46.85,186.84
d9a25248-a99d-4b21-9496-7641a396f707,Alps Goodness Amla Reetha & Shikakai 50 gm,MT,110.00,212.14,92.85,69.85,46.85,186.84
d9a25248-a99d-4b21-9496-7641a396f707,Alps Goodness Amla Reetha & Shikakai 50 gm,US,110.00,212.14,92.85,69.85,46.85,186.84
6e63d13a-f8c8-44a2-851a-1d30eedd6886,Alps Goodness Castor & Bhringraj Hair Oil 300 ml,AL,399.00,782.04,96.00,73.00,50.00,690.27
6e63d13a-f8c8-44a2-851a-1d30eedd6886,Alps Goodness Castor & Bhringraj Hair Oil 300 ml,CH,399.00,782.04,96.00,73.00,50.00,690.27
6e63d13a-f8c8-44a2-851a-1d30eedd6886,Alps Goodness Castor & Bhringraj Hair Oil 300 ml,DE,399.00,782.04,96.00,73.00,50.00,690.27
6e63d13a-f8c8-44a2-851a-1d30eedd6886,Alps Goodness Castor & Bhringraj Hair Oil 300 ml,FR,399.00,782.04,96.00,73.00,50.00,690.27
6e63d13a-f8c8-44a2-851a-1d30eedd6886,Alps Goodness Castor & Bhringraj Hair Oil 300 ml,GB,399.00,782.04,96.00,73.00,50.00,690.27
6e63d13a-f8c8-44a2-851a-1d30eedd6886,Alps Goodness Castor & Bhringraj Hair Oil 300 ml,IE,399.00,809.38,102.85,79.85,56.85,717.61
6e63d13a-f8c8-44a2-851a-1d30eedd6886,Alps Goodness Castor & Bhringraj Hair Oil 300 ml,KE,399.00,782.04,96.00,73.00,50.00,690.27
6e63d13a-f8c8-44a2-851a-1d30eedd6886,Alps Goodness Castor & Bhringraj Hair Oil 300 ml,MT,399.00,782.04,96.00,73.00,50.00,690.27
6e63d13a-f8c8-44a2-851a-1d30eedd6886,Alps Goodness Castor & Bhringraj Hair Oil 300 ml,US,399.00,782.04,96.00,73.00,50.00,690.27
1785a953-c9da-46e3-91ae-f4a0748c9656,"Alps Goodness Coconut, Argan Oil & Hyaluronic Acid Hydrating & Moisturizing Conditioner For Dry Hair(200 ml)| No Nasties| CGM Friendly| Silicone Free",AL,228.00,446.88,96.00,73.00,50.00,394.44
1785a953-c9da-46e3-91ae-f4a0748c9656,"Alps Goodness Coconut, Argan Oil & Hyaluronic Acid Hydrating & Moisturizing Conditioner For Dry Hair(200 ml)| No Nasties| CGM Friendly| Silicone Free",CH,228.00,446.88,96.00,73.00,50.00,394.44
1785a953-c9da-46e3-91ae-f4a0748c9656,"Alps Goodness Coconut, Argan Oil & Hyaluronic Acid Hydrating & Moisturizing Conditioner For Dry Hair(200 ml)| No Nasties| CGM Friendly| Silicone Free",DE,228.00,446.88,96.00,73.00,50.00,394.44
1785a953-c9da-46e3-91ae-f4a0748c9656,"Alps Goodness Coconut, Argan Oil & Hyaluronic Acid Hydrating & Moisturizing Conditioner For Dry Hair(200 ml)| No Nasties| CGM Friendly| Silicone Free",FR,228.00,446.88,96.00,73.00,50.00,394.44
1785a953-c9da-46e3-91ae-f4a0748c9656,"Alps Goodness Coconut, Argan Oil & Hyaluronic Acid Hydrating & Moisturizing Conditioner For Dry Hair(200 ml)| No Nasties| CGM Friendly| Silicone Free",GB,228.00,446.88,96.00,73.00,50.00,394.44
1785a953-c9da-46e3-91ae-f4a0748c9656,"Alps Goodness Coconut, Argan Oil & Hyaluronic Acid Hydrating & Moisturizing Conditioner For Dry Hair(200 ml)| No Nasties| CGM Friendly| Silicone Free",IE,228.00,462.50,102.85,79.85,56.85,410.06
1785a953-c9da-46e3-91ae-f4a0748c9656,"Alps Goodness Coconut, Argan Oil & Hyaluronic Acid Hydrating & Moisturizing Conditioner For Dry Hair(200 ml)| No Nasties| CGM Friendly| Silicone Free",KE,228.00,446.88,96.00,73.00,50.00,394.44
1785a953-c9da-46e3-91ae-f4a0748c9656,"Alps Goodness Coconut, Argan Oil & Hyaluronic Acid Hydrating & Moisturizing Conditioner For Dry Hair(200 ml)| No Nasties| CGM Friendly| Silicone Free",MT,228.00,446.88,96.00,73.00,50.00,394.44
1785a953-c9da-46e3-91ae-f4a0748c9656,"Alps Goodness Coconut, Argan Oil & Hyaluronic Acid Hydrating & Moisturizing Conditioner For Dry Hair(200 ml)| No Nasties| CGM Friendly| Silicone Free",US,228.00,446.88,96.00,73.00,50.00,394.44
87517628-2e1f-438e-b803-4214de2fb972,"Alps Goodness Coconut, Argan Oil & Hyaluronic Acid Hydrating & Nourishing Shampoo for Dry Hair & Frizzy Hair (290 ml)",IE,210.00,422.10,101.00,78.00,55.00,373.80
08da87c6-6718-4735-8d93-adbbc7f749d1,"Alps Goodness Fenugreek Biotin & Redensyl Anti Hairfall Shampoo (290 ml) | Methi Hairloss Control Shampoo For All Hair Types | Sulphate, Silicone & Paraben Free | Gentle & Mild Cleansing Shampoo| Vegan",IE,243.98,494.93,102.86,79.86,56.86,438.81
941833b4-90ab-422e-987f-4e8d40bb412e,Alps Goodness Fermented Rice Water 100 ml,AL,249.00,488.04,96.00,73.00,50.00,430.77
941833b4-90ab-422e-987f-4e8d40bb412e,Alps Goodness Fermented Rice Water 100 ml,CH,249.00,488.04,96.00,73.00,50.00,430.77
941833b4-90ab-422e-987f-4e8d40bb412e,Alps Goodness Fermented Rice Water 100 ml,DE,249.00,488.04,96.00,73.00,50.00,430.77
941833b4-90ab-422e-987f-4e8d40bb412e,Alps Goodness Fermented Rice Water 100 ml,FR,249.00,488.04,96.00,73.00,50.00,430.77
941833b4-90ab-422e-987f-4e8d40bb412e,Alps Goodness Fermented Rice Water 100 ml,GB,249.00,488.04,96.00,73.00,50.00,430.77
941833b4-90ab-422e-987f-4e8d40bb412e,Alps Goodness Fermented Rice Water 100 ml,IE,249.00,505.10,102.85,79.85,56.85,447.83
941833b4-90ab-422e-987f-4e8d40bb412e,Alps Goodness Fermented Rice Water 100 ml,KE,249.00,488.04,96.00,73.00,50.00,430.77
941833b4-90ab-422e-987f-4e8d40bb412e,Alps Goodness Fermented Rice Water 100 ml,MT,249.00,488.04,96.00,73.00,50.00,430.77
941833b4-90ab-422e-987f-4e8d40bb412e,Alps Goodness Fermented Rice Water 100 ml,US,249.00,488.04,96.00,73.00,50.00,430.77
569fb053-a548-42b2-a48a-3544bbbdf711,Alps Goodness Flaxseed Gel with Rosemary Hair Mask 300 ml | For Hair growth & Frizz| Made with Rosemary Oil | Curly Hair Gel | Conditioner & Hair Mask,IE,299.00,606.53,102.85,79.85,56.85,537.76
7917fb9f-3a1e-49ac-b335-924deb0cb98c,Alps Goodness Intensive Scalp Treatment Duo 5% Rosemary Hair Oil 105 ml + 0.5 mm Derma Roller,IE,749.00,1505.49,101.00,78.00,55.00,1333.22
edc8ae6a-525e-43de-851a-2be4e479465b,Alps Goodness Powder Amla 50 gm,AL,119.00,233.24,96.00,73.00,50.00,205.87
edc8ae6a-525e-43de-851a-2be4e479465b,Alps Goodness Powder Amla 50 gm,CH,119.00,233.24,96.00,73.00,50.00,205.87
edc8ae6a-525e-43de-851a-2be4e479465b,Alps Goodness Powder Amla 50 gm,DE,119.00,233.24,96.00,73.00,50.00,205.87
edc8ae6a-525e-43de-851a-2be4e479465b,Alps Goodness Powder Amla 50 gm,FR,119.00,233.24,96.00,73.00,50.00,205.87
edc8ae6a-525e-43de-851a-2be4e479465b,Alps Goodness Powder Amla 50 gm,GB,119.00,233.24,96.00,73.00,50.00,205.87
edc8ae6a-525e-43de-851a-2be4e479465b,Alps Goodness Powder Amla 50 gm,IE,119.00,239.19,101.00,78.00,55.00,211.82
edc8ae6a-525e-43de-851a-2be4e479465b,Alps Goodness Powder Amla 50 gm,KE,119.00,233.24,96.00,73.00,50.00,205.87
edc8ae6a-525e-43de-851a-2be4e479465b,Alps Goodness Powder Amla 50 gm,MT,119.00,233.24,96.00,73.00,50.00,205.87
edc8ae6a-525e-43de-851a-2be4e479465b,Alps Goodness Powder Amla 50 gm,US,119.00,233.24,96.00,73.00,50.00,205.87
21aa3e1e-4ee6-4817-b8ff-c976564624c9,Alps Goodness Powder Bhringraj 50 gm,AL,119.00,233.24,96.00,73.00,50.00,205.87
21aa3e1e-4ee6-4817-b8ff-c976564624c9,Alps Goodness Powder Bhringraj 50 gm,CH,119.00,233.24,96.00,73.00,50.00,205.87
21aa3e1e-4ee6-4817-b8ff-c976564624c9,Alps Goodness Powder Bhringraj 50 gm,DE,119.00,233.24,96.00,73.00,50.00,205.87
21aa3e1e-4ee6-4817-b8ff-c976564624c9,Alps Goodness Powder Bhringraj 50 gm,FR,119.00,233.24,96.00,73.00,50.00,205.87
21aa3e1e-4ee6-4817-b8ff-c976564624c9,Alps Goodness Powder Bhringraj 50 gm,GB,119.00,233.24,96.00,73.00,50.00,205.87
21aa3e1e-4ee6-4817-b8ff-c976564624c9,Alps Goodness Powder Bhringraj 50 gm,IE,119.00,241.39,102.85,79.85,56.85,214.02
21aa3e1e-4ee6-4817-b8ff-c976564624c9,Alps Goodness Powder Bhringraj 50 gm,KE,119.00,233.24,96.00,73.00,50.00,205.87
21aa3e1e-4ee6-4817-b8ff-c976564624c9,Alps Goodness Powder Bhringraj 50 gm,MT,119.00,233.24,96.00,73.00,50.00,205.87
21aa3e1e-4ee6-4817-b8ff-c976564624c9,Alps Goodness Powder Bhringraj 50 gm,US,119.00,233.24,96.00,73.00,50.00,205.87
88425eca-5745-41e2-b64a-813d64f7209c,Alps Goodness Powder Hibiscus 50 gm,AL,119.00,233.24,96.00,73.00,50.00,205.87
88425eca-5745-41e2-b64a-813d64f7209c,Alps Goodness Powder Hibiscus 50 gm,CH,119.00,233.24,96.00,73.00,50.00,205.87
88425eca-5745-41e2-b64a-813d64f7209c,Alps Goodness Powder Hibiscus 50 gm,DE,119.00,233.24,96.00,73.00,50.00,205.87
88425eca-5745-41e2-b64a-813d64f7209c,Alps Goodness Powder Hibiscus 50 gm,FR,119.00,233.24,96.00,73.00,50.00,205.87
88425eca-5745-41e2-b64a-813d64f7209c,Alps Goodness Powder Hibiscus 50 gm,GB,119.00,233.24,96.00,73.00,50.00,205.87
88425eca-5745-41e2-b64a-813d64f7209c,Alps Goodness Powder Hibiscus 50 gm,IE,119.00,241.39,102.85,79.85,56.85,214.02
88425eca-5745-41e2-b64a-813d64f7209c,Alps Goodness Powder Hibiscus 50 gm,KE,119.00,233.24,96.00,73.00,50.00,205.87
88425eca-5745-41e2-b64a-813d64f7209c,Alps Goodness Powder Hibiscus 50 gm,MT,119.00,233.24,96.00,73.00,50.00,205.87
88425eca-5745-41e2-b64a-813d64f7209c,Alps Goodness Powder Hibiscus 50 gm,US,119.00,233.24,96.00,73.00,50.00,205.87
54eba8bb-0255-4191-8343-265b6e4b0c8f,Alps Goodness Powder Neem 50 gm,AL,105.00,230.02,119.07,96.07,73.07,205.87
54eba8bb-0255-4191-8343-265b6e4b0c8f,Alps Goodness Powder Neem 50 gm,CH,105.00,230.02,119.07,96.07,73.07,205.87
54eba8bb-0255-4191-8343-265b6e4b0c8f,Alps Goodness Powder Neem 50 gm,DE,105.00,230.02,119.07,96.07,73.07,205.87
54eba8bb-0255-4191-8343-265b6e4b0c8f,Alps Goodness Powder Neem 50 gm,FR,105.00,230.02,119.07,96.07,73.07,205.87
54eba8bb-0255-4191-8343-265b6e4b0c8f,Alps Goodness Powder Neem 50 gm,GB,105.00,230.02,119.07,96.07,73.07,205.87
54eba8bb-0255-4191-8343-265b6e4b0c8f,Alps Goodness Powder Neem 50 gm,IE,105.00,238.17,126.83,103.83,80.83,214.02
54eba8bb-0255-4191-8343-265b6e4b0c8f,Alps Goodness Powder Neem 50 gm,KE,105.00,230.02,119.07,96.07,73.07,205.87
54eba8bb-0255-4191-8343-265b6e4b0c8f,Alps Goodness Powder Neem 50 gm,MT,105.00,230.02,119.07,96.07,73.07,205.87
54eba8bb-0255-4191-8343-265b6e4b0c8f,Alps Goodness Powder Neem 50 gm,US,105.00,230.02,119.07,96.07,73.07,205.87
487b669c-6f12-46c4-8165-588cdf428fc5,Alps Goodness Pure Essential Oil Lavender 10 ml,AL,239.00,468.44,96.00,73.00,50.00,413.47
487b669c-6f12-46c4-8165-588cdf428fc5,Alps Goodness Pure Essential Oil Lavender 10 ml,CH,239.00,468.44,96.00,73.00,50.00,413.47
487b669c-6f12-46c4-8165-588cdf428fc5,Alps Goodness Pure Essential Oil Lavender 10 ml,DE,239.00,468.44,96.00,73.00,50.00,413.47
487b669c-6f12-46c4-8165-588cdf428fc5,Alps Goodness Pure Essential Oil Lavender 10 ml,FR,239.00,468.44,96.00,73.00,50.00,413.47
487b669c-6f12-46c4-8165-588cdf428fc5,Alps Goodness Pure Essential Oil Lavender 10 ml,GB,239.00,468.44,96.00,73.00,50.00,413.47
487b669c-6f12-46c4-8165-588cdf428fc5,Alps Goodness Pure Essential Oil Lavender 10 ml,IE,239.00,484.81,102.85,79.85,56.85,429.84
487b669c-6f12-46c4-8165-588cdf428fc5,Alps Goodness Pure Essential Oil Lavender 10 ml,KE,239.00,468.44,96.00,73.00,50.00,413.47
487b669c-6f12-46c4-8165-588cdf428fc5,Alps Goodness Pure Essential Oil Lavender 10 ml,MT,239.00,468.44,96.00,73.00,50.00,413.47
487b669c-6f12-46c4-8165-588cdf428fc5,Alps Goodness Pure Essential Oil Lavender 10 ml,US,239.00,468.44,96.00,73.00,50.00,413.47
3f3bfdaf-53f2-4686-bdca-73d6113adf55,Alps Goodness Pure Essential Oil Rosemary 10 ml,AL,190.00,457.17,140.62,117.62,94.62,413.47
3f3bfdaf-53f2-4686-bdca-73d6113adf55,Alps Goodness Pure Essential Oil Rosemary 10 ml,CH,190.00,457.17,140.62,117.62,94.62,413.47
3f3bfdaf-53f2-4686-bdca-73d6113adf55,Alps Goodness Pure Essential Oil Rosemary 10 ml,DE,190.00,457.17,140.62,117.62,94.62,413.47
3f3bfdaf-53f2-4686-bdca-73d6113adf55,Alps Goodness Pure Essential Oil Rosemary 10 ml,FR,190.00,457.17,140.62,117.62,94.62,413.47
3f3bfdaf-53f2-4686-bdca-73d6113adf55,Alps Goodness Pure Essential Oil Rosemary 10 ml,GB,190.00,457.17,140.62,117.62,94.62,413.47
3f3bfdaf-53f2-4686-bdca-73d6113adf55,Alps Goodness Pure Essential Oil Rosemary 10 ml,IE,190.00,473.54,149.23,126.23,103.23,429.84
3f3bfdaf-53f2-4686-bdca-73d6113adf55,Alps Goodness Pure Essential Oil Rosemary 10 ml,KE,190.00,457.17,140.62,117.62,94.62,413.47
3f3bfdaf-53f2-4686-bdca-73d6113adf55,Alps Goodness Pure Essential Oil Rosemary 10 ml,MT,190.00,457.17,140.62,117.62,94.62,413.47
3f3bfdaf-53f2-4686-bdca-73d6113adf55,Alps Goodness Pure Essential Oil Rosemary 10 ml,US,190.00,457.17,140.62,117.62,94.62,413.47
83748b93-a5fb-49d9-abc9-183beca0502b,Alps Goodness Pure Essential Oil Tea Tree 10 ml,AL,239.00,468.44,96.00,73.00,50.00,413.47
83748b93-a5fb-49d9-abc9-183beca0502b,Alps Goodness Pure Essential Oil Tea Tree 10 ml,CH,239.00,468.44,96.00,73.00,50.00,413.47
83748b93-a5fb-49d9-abc9-183beca0502b,Alps Goodness Pure Essential Oil Tea Tree 10 ml,DE,239.00,468.44,96.00,73.00,50.00,413.47
83748b93-a5fb-49d9-abc9-183beca0502b,Alps Goodness Pure Essential Oil Tea Tree 10 ml,FR,239.00,468.44,96.00,73.00,50.00,413.47
83748b93-a5fb-49d9-abc9-183beca0502b,Alps Goodness Pure Essential Oil Tea Tree 10 ml,GB,239.00,468.44,96.00,73.00,50.00,413.47
83748b93-a5fb-49d9-abc9-183beca0502b,Alps Goodness Pure Essential Oil Tea Tree 10 ml,IE,239.00,484.81,102.85,79.85,56.85,429.84
83748b93-a5fb-49d9-abc9-183beca0502b,Alps Goodness Pure Essential Oil Tea Tree 10 ml,KE,239.00,468.44,96.00,73.00,50.00,413.47
83748b93-a5fb-49d9-abc9-183beca0502b,Alps Goodness Pure Essential Oil Tea Tree 10 ml,MT,239.00,468.44,96.00,73.00,50.00,413.47
83748b93-a5fb-49d9-abc9-183beca0502b,Alps Goodness Pure Essential Oil Tea Tree 10 ml,US,239.00,468.44,96.00,73.00,50.00,413.47
bdc86ed6-4263-4815-9ff4-354a574a2331,"Alps Goodness Rice, Liquorice & Niacinamide Brightening Facewash For Normal to Dry Skin (100 ml) | Sulphate Free, Soap Free, Silicone Free, Paraben Free, Mineral Oil Free | Gentle Face Cleanser",AL,199.00,390.04,96.00,73.00,50.00,344.27
bdc86ed6-4263-4815-9ff4-354a574a2331,"Alps Goodness Rice, Liquorice & Niacinamide Brightening Facewash For Normal to Dry Skin (100 ml) | Sulphate Free, Soap Free, Silicone Free, Paraben Free, Mineral Oil Free | Gentle Face Cleanser",CH,199.00,390.04,96.00,73.00,50.00,344.27
bdc86ed6-4263-4815-9ff4-354a574a2331,"Alps Goodness Rice, Liquorice & Niacinamide Brightening Facewash For Normal to Dry Skin (100 ml) | Sulphate Free, Soap Free, Silicone Free, Paraben Free, Mineral Oil Free | Gentle Face Cleanser",DE,199.00,390.04,96.00,73.00,50.00,344.27
bdc86ed6-4263-4815-9ff4-354a574a2331,"Alps Goodness Rice, Liquorice & Niacinamide Brightening Facewash For Normal to Dry Skin (100 ml) | Sulphate Free, Soap Free, Silicone Free, Paraben Free, Mineral Oil Free | Gentle Face Cleanser",FR,199.00,390.04,96.00,73.00,50.00,344.27
bdc86ed6-4263-4815-9ff4-354a574a2331,"Alps Goodness Rice, Liquorice & Niacinamide Brightening Facewash For Normal to Dry Skin (100 ml) | Sulphate Free, Soap Free, Silicone Free, Paraben Free, Mineral Oil Free | Gentle Face Cleanser",GB,199.00,390.04,96.00,73.00,50.00,344.27
bdc86ed6-4263-4815-9ff4-354a574a2331,"Alps Goodness Rice, Liquorice & Niacinamide Brightening Facewash For Normal to Dry Skin (100 ml) | Sulphate Free, Soap Free, Silicone Free, Paraben Free, Mineral Oil Free | Gentle Face Cleanser",IE,199.00,399.99,101.00,78.00,55.00,354.22
bdc86ed6-4263-4815-9ff4-354a574a2331,"Alps Goodness Rice, Liquorice & Niacinamide Brightening Facewash For Normal to Dry Skin (100 ml) | Sulphate Free, Soap Free, Silicone Free, Paraben Free, Mineral Oil Free | Gentle Face Cleanser",KE,199.00,390.04,96.00,73.00,50.00,344.27
bdc86ed6-4263-4815-9ff4-354a574a2331,"Alps Goodness Rice, Liquorice & Niacinamide Brightening Facewash For Normal to Dry Skin (100 ml) | Sulphate Free, Soap Free, Silicone Free, Paraben Free, Mineral Oil Free | Gentle Face Cleanser",MT,199.00,390.04,96.00,73.00,50.00,344.27
bdc86ed6-4263-4815-9ff4-354a574a2331,"Alps Goodness Rice, Liquorice & Niacinamide Brightening Facewash For Normal to Dry Skin (100 ml) | Sulphate Free, Soap Free, Silicone Free, Paraben Free, Mineral Oil Free | Gentle Face Cleanser",US,199.00,390.04,96.00,73.00,50.00,344.27
95fd0aa3-6bf3-4758-8c81-ef164ad32da8,Alps Goodness Rosemary & Curry Leaf Powder 50 gm,AL,119.00,233.24,96.00,73.00,50.00,205.87
95fd0aa3-6bf3-4758-8c81-ef164ad32da8,Alps Goodness Rosemary & Curry Leaf Powder 50 gm,CH,119.00,233.24,96.00,73.00,50.00,205.87
95fd0aa3-6bf3-4758-8c81-ef164ad32da8,Alps Goodness Rosemary & Curry Leaf Powder 50 gm,DE,119.00,233.24,96.00,73.00,50.00,205.87
95fd0aa3-6bf3-4758-8c81-ef164ad32da8,Alps Goodness Rosemary & Curry Leaf Powder 50 gm,FR,119.00,233.24,96.00,73.00,50.00,205.87
95fd0aa3-6bf3-4758-8c81-ef164ad32da8,Alps Goodness Rosemary & Curry Leaf Powder 50 gm,GB,119.00,233.24,96.00,73.00,50.00,205.87
95fd0aa3-6bf3-4758-8c81-ef164ad32da8,Alps Goodness Rosemary & Curry Leaf Powder 50 gm,IE,119.00,241.39,102.85,79.85,56.85,214.02
95fd0aa3-6bf3-4758-8c81-ef164ad32da8,Alps Goodness Rosemary & Curry Leaf Powder 50 gm,KE,119.00,233.24,96.00,73.00,50.00,205.87
95fd0aa3-6bf3-4758-8c81-ef164ad32da8,Alps Goodness Rosemary & Curry Leaf Powder 50 gm,MT,119.00,233.24,96.00,73.00,50.00,205.87
95fd0aa3-6bf3-4758-8c81-ef164ad32da8,Alps Goodness Rosemary & Curry Leaf Powder 50 gm,US,119.00,233.24,96.00,73.00,50.00,205.87
c2ca3081-feb9-48df-88d1-ecf6f83dc1be,Alps Goodness Rosemary Hair Oil 105 ml,AL,319.00,625.24,96.00,73.00,50.00,551.87
c2ca3081-feb9-48df-88d1-ecf6f83dc1be,Alps Goodness Rosemary Hair Oil 105 ml,CH,319.00,625.24,96.00,73.00,50.00,551.87
c2ca3081-feb9-48df-88d1-ecf6f83dc1be,Alps Goodness Rosemary Hair Oil 105 ml,DE,319.00,625.24,96.00,73.00,50.00,551.87
c2ca3081-feb9-48df-88d1-ecf6f83dc1be,Alps Goodness Rosemary Hair Oil 105 ml,FR,319.00,625.24,96.00,73.00,50.00,551.87
c2ca3081-feb9-48df-88d1-ecf6f83dc1be,Alps Goodness Rosemary Hair Oil 105 ml,GB,319.00,625.24,96.00,73.00,50.00,551.87
c2ca3081-feb9-48df-88d1-ecf6f83dc1be,Alps Goodness Rosemary Hair Oil 105 ml,IE,319.00,647.10,102.85,79.85,56.85,573.73
c2ca3081-feb9-48df-88d1-ecf6f83dc1be,Alps Goodness Rosemary Hair Oil 105 ml,KE,319.00,625.24,96.00,73.00,50.00,551.87
c2ca3081-feb9-48df-88d1-ecf6f83dc1be,Alps Goodness Rosemary Hair Oil 105 ml,MT,319.00,625.24,96.00,73.00,50.00,551.87
c2ca3081-feb9-48df-88d1-ecf6f83dc1be,Alps Goodness Rosemary Hair Oil 105 ml,US,319.00,625.24,96.00,73.00,50.00,551.87
6e0e916c-4f1f-451e-9255-222ea3d1818d,Alps Goodness Rosemary Water 100 ml,AL,249.00,488.04,96.00,73.00,50.00,430.77
6e0e916c-4f1f-451e-9255-222ea3d1818d,Alps Goodness Rosemary Water 100 ml,CH,249.00,488.04,96.00,73.00,50.00,430.77
6e0e916c-4f1f-451e-9255-222ea3d1818d,Alps Goodness Rosemary Water 100 ml,DE,249.00,488.04,96.00,73.00,50.00,430.77
6e0e916c-4f1f-451e-9255-222ea3d1818d,Alps Goodness Rosemary Water 100 ml,FR,249.00,488.04,96.00,73.00,50.00,430.77
6e0e916c-4f1f-451e-9255-222ea3d1818d,Alps Goodness Rosemary Water 100 ml,GB,249.00,488.04,96.00,73.00,50.00,430.77
6e0e916c-4f1f-451e-9255-222ea3d1818d,Alps Goodness Rosemary Water 100 ml,IE,249.00,505.10,102.85,79.85,56.85,447.83
6e0e916c-4f1f-451e-9255-222ea3d1818d,Alps Goodness Rosemary Water 100 ml,KE,249.00,488.04,96.00,73.00,50.00,430.77
6e0e916c-4f1f-451e-9255-222ea3d1818d,Alps Goodness Rosemary Water 100 ml,MT,249.00,488.04,96.00,73.00,50.00,430.77
6e0e916c-4f1f-451e-9255-222ea3d1818d,Alps Goodness Rosemary Water 100 ml,US,249.00,488.04,96.00,73.00,50.00,430.77
6abb3f1b-1866-4ad6-b8f3-850a52097679,ALPS GOODNESS ROSEMARY WATER FOR THICK HAIR,AL,225.00,441.00,96.00,73.00,50.00,389.25
6abb3f1b-1866-4ad6-b8f3-850a52097679,ALPS GOODNESS ROSEMARY WATER FOR THICK HAIR,CH,225.00,441.00,96.00,73.00,50.00,389.25
6abb3f1b-1866-4ad6-b8f3-850a52097679,ALPS GOODNESS ROSEMARY WATER FOR THICK HAIR,DE,225.00,441.00,96.00,73.00,50.00,389.25
6abb3f1b-1866-4ad6-b8f3-850a52097679,ALPS GOODNESS ROSEMARY WATER FOR THICK HAIR,FR,225.00,441.00,96.00,73.00,50.00,389.25
6abb3f1b-1866-4ad6-b8f3-850a52097679,ALPS GOODNESS ROSEMARY WATER FOR THICK HAIR,GB,225.00,441.00,96.00,73.00,50.00,389.25
6abb3f1b-1866-4ad6-b8f3-850a52097679,ALPS GOODNESS ROSEMARY WATER FOR THICK HAIR,IE,225.00,452.25,101.00,78.00,55.00,400.50
6abb3f1b-1866-4ad6-b8f3-850a52097679,ALPS GOODNESS ROSEMARY WATER FOR THICK HAIR,KE,225.00,441.00,96.00,73.00,50.00,389.25
6abb3f1b-1866-4ad6-b8f3-850a52097679,ALPS GOODNESS ROSEMARY WATER FOR THICK HAIR,MT,225.00,441.00,96.00,73.00,50.00,389.25
6abb3f1b-1866-4ad6-b8f3-850a52097679,ALPS GOODNESS ROSEMARY WATER FOR THICK HAIR,US,225.00,441.00,96.00,73.00,50.00,389.25
1947c31b-e925-4506-8e78-7dd2e5b017b0,Alps Goodness Ubtan & Alpha Arbutin Radiance Day Cream 50 gm,AL,279.00,546.84,96.00,73.00,50.00,482.67
1947c31b-e925-4506-8e78-7dd2e5b017b0,Alps Goodness Ubtan & Alpha Arbutin Radiance Day Cream 50 gm,CH,279.00,546.84,96.00,73.00,50.00,482.67
1947c31b-e925-4506-8e78-7dd2e5b017b0,Alps Goodness Ubtan & Alpha Arbutin Radiance Day Cream 50 gm,DE,279.00,546.84,96.00,73.00,50.00,482.67
1947c31b-e925-4506-8e78-7dd2e5b017b0,Alps Goodness Ubtan & Alpha Arbutin Radiance Day Cream 50 gm,FR,279.00,546.84,96.00,73.00,50.00,482.67
1947c31b-e925-4506-8e78-7dd2e5b017b0,Alps Goodness Ubtan & Alpha Arbutin Radiance Day Cream 50 gm,GB,279.00,546.84,96.00,73.00,50.00,482.67
1947c31b-e925-4506-8e78-7dd2e5b017b0,Alps Goodness Ubtan & Alpha Arbutin Radiance Day Cream 50 gm,IE,279.00,565.96,102.85,79.85,56.85,501.79
1947c31b-e925-4506-8e78-7dd2e5b017b0,Alps Goodness Ubtan & Alpha Arbutin Radiance Day Cream 50 gm,KE,279.00,546.84,96.00,73.00,50.00,482.67
1947c31b-e925-4506-8e78-7dd2e5b017b0,Alps Goodness Ubtan & Alpha Arbutin Radiance Day Cream 50 gm,MT,279.00,546.84,96.00,73.00,50.00,482.67
1947c31b-e925-4506-8e78-7dd2e5b017b0,Alps Goodness Ubtan & Alpha Arbutin Radiance Day Cream 50 gm,US,279.00,546.84,96.00,73.00,50.00,482.67
db5f1be9-8230-4c4b-abb8-93e52fad63b3,"Alps Goodness Vitamin C Glow Face Wash for Normal to Oily Skin with Papaya & AHA (100 ml) | Sulphate Free, Soap Free, Silicone Free |",AL,199.00,390.04,96.00,73.00,50.00,344.27
db5f1be9-8230-4c4b-abb8-93e52fad63b3,"Alps Goodness Vitamin C Glow Face Wash for Normal to Oily Skin with Papaya & AHA (100 ml) | Sulphate Free, Soap Free, Silicone Free |",CH,199.00,390.04,96.00,73.00,50.00,344.27
db5f1be9-8230-4c4b-abb8-93e52fad63b3,"Alps Goodness Vitamin C Glow Face Wash for Normal to Oily Skin with Papaya & AHA (100 ml) | Sulphate Free, Soap Free, Silicone Free |",DE,199.00,390.04,96.00,73.00,50.00,344.27
db5f1be9-8230-4c4b-abb8-93e52fad63b3,"Alps Goodness Vitamin C Glow Face Wash for Normal to Oily Skin with Papaya & AHA (100 ml) | Sulphate Free, Soap Free, Silicone Free |",FR,199.00,390.04,96.00,73.00,50.00,344.27
db5f1be9-8230-4c4b-abb8-93e52fad63b3,"Alps Goodness Vitamin C Glow Face Wash for Normal to Oily Skin with Papaya & AHA (100 ml) | Sulphate Free, Soap Free, Silicone Free |",GB,199.00,390.04,96.00,73.00,50.00,344.27
db5f1be9-8230-4c4b-abb8-93e52fad63b3,"Alps Goodness Vitamin C Glow Face Wash for Normal to Oily Skin with Papaya & AHA (100 ml) | Sulphate Free, Soap Free, Silicone Free |",IE,199.00,403.67,102.85,79.85,56.85,357.90
db5f1be9-8230-4c4b-abb8-93e52fad63b3,"Alps Goodness Vitamin C Glow Face Wash for Normal to Oily Skin with Papaya & AHA (100 ml) | Sulphate Free, Soap Free, Silicone Free |",KE,199.00,390.04,96.00,73.00,50.00,344.27
db5f1be9-8230-4c4b-abb8-93e52fad63b3,"Alps Goodness Vitamin C Glow Face Wash for Normal to Oily Skin with Papaya & AHA (100 ml) | Sulphate Free, Soap Free, Silicone Free |",MT,199.00,390.04,96.00,73.00,50.00,344.27
db5f1be9-8230-4c4b-abb8-93e52fad63b3,"Alps Goodness Vitamin C Glow Face Wash for Normal to Oily Skin with Papaya & AHA (100 ml) | Sulphate Free, Soap Free, Silicone Free |",US,199.00,390.04,96.00,73.00,50.00,344.27
e28acdd4-df9e-48ac-ba81-511d68b4fc9d,Amrut Noni DandroQit Dandruff Control Oil (The D-Oil) - 50 ml,AL,171.00,335.16,96.00,73.00,50.00,295.83
e28acdd4-df9e-48ac-ba81-511d68b4fc9d,Amrut Noni DandroQit Dandruff Control Oil (The D-Oil) - 50 ml,CH,171.00,335.16,96.00,73.00,50.00,295.83
e28acdd4-df9e-48ac-ba81-511d68b4fc9d,Amrut Noni DandroQit Dandruff Control Oil (The D-Oil) - 50 ml,DE,171.00,335.16,96.00,73.00,50.00,295.83
e28acdd4-df9e-48ac-ba81-511d68b4fc9d,Amrut Noni DandroQit Dandruff Control Oil (The D-Oil) - 50 ml,FR,171.00,335.16,96.00,73.00,50.00,295.83
e28acdd4-df9e-48ac-ba81-511d68b4fc9d,Amrut Noni DandroQit Dandruff Control Oil (The D-Oil) - 50 ml,GB,171.00,335.16,96.00,73.00,50.00,295.83
e28acdd4-df9e-48ac-ba81-511d68b4fc9d,Amrut Noni DandroQit Dandruff Control Oil (The D-Oil) - 50 ml,IE,171.00,343.71,101.00,78.00,55.00,304.38
e28acdd4-df9e-48ac-ba81-511d68b4fc9d,Amrut Noni DandroQit Dandruff Control Oil (The D-Oil) - 50 ml,KE,171.00,335.16,96.00,73.00,50.00,295.83
e28acdd4-df9e-48ac-ba81-511d68b4fc9d,Amrut Noni DandroQit Dandruff Control Oil (The D-Oil) - 50 ml,MT,171.00,335.16,96.00,73.00,50.00,295.83
e28acdd4-df9e-48ac-ba81-511d68b4fc9d,Amrut Noni DandroQit Dandruff Control Oil (The D-Oil) - 50 ml,US,171.00,335.16,96.00,73.00,50.00,295.83
eae1865f-cd3a-4952-81b9-ea87a0b46a9a,Amrut Veni LiceQit Lice Control Solution (50 ml),AL,157.50,308.69,95.99,72.99,49.99,272.47
eae1865f-cd3a-4952-81b9-ea87a0b46a9a,Amrut Veni LiceQit Lice Control Solution (50 ml),CH,157.50,308.69,95.99,72.99,49.99,272.47
eae1865f-cd3a-4952-81b9-ea87a0b46a9a,Amrut Veni LiceQit Lice Control Solution (50 ml),DE,157.50,308.69,95.99,72.99,49.99,272.47
eae1865f-cd3a-4952-81b9-ea87a0b46a9a,Amrut Veni LiceQit Lice Control Solution (50 ml),FR,157.50,308.69,95.99,72.99,49.99,272.47
eae1865f-cd3a-4952-81b9-ea87a0b46a9a,Amrut Veni LiceQit Lice Control Solution (50 ml),GB,157.50,308.69,95.99,72.99,49.99,272.47
eae1865f-cd3a-4952-81b9-ea87a0b46a9a,Amrut Veni LiceQit Lice Control Solution (50 ml),IE,157.50,316.58,101.00,78.00,55.00,280.36
eae1865f-cd3a-4952-81b9-ea87a0b46a9a,Amrut Veni LiceQit Lice Control Solution (50 ml),KE,157.50,308.69,95.99,72.99,49.99,272.47
eae1865f-cd3a-4952-81b9-ea87a0b46a9a,Amrut Veni LiceQit Lice Control Solution (50 ml),MT,157.50,308.69,95.99,72.99,49.99,272.47
eae1865f-cd3a-4952-81b9-ea87a0b46a9a,Amrut Veni LiceQit Lice Control Solution (50 ml),US,157.50,308.69,95.99,72.99,49.99,272.47
163c27f6-ef09-401f-9974-ee881b1a21d1,Antique Gold-Plated Black Stone Chandbali Earrings with Bead Drops – Statement Party & Festive Jewelry for Women,AL,413.00,809.48,96.00,73.00,50.00,714.49
163c27f6-ef09-401f-9974-ee881b1a21d1,Antique Gold-Plated Black Stone Chandbali Earrings with Bead Drops – Statement Party & Festive Jewelry for Women,CH,413.00,809.48,96.00,73.00,50.00,714.49
163c27f6-ef09-401f-9974-ee881b1a21d1,Antique Gold-Plated Black Stone Chandbali Earrings with Bead Drops – Statement Party & Festive Jewelry for Women,DE,413.00,809.48,96.00,73.00,50.00,714.49
163c27f6-ef09-401f-9974-ee881b1a21d1,Antique Gold-Plated Black Stone Chandbali Earrings with Bead Drops – Statement Party & Festive Jewelry for Women,FR,413.00,809.48,96.00,73.00,50.00,714.49
163c27f6-ef09-401f-9974-ee881b1a21d1,Antique Gold-Plated Black Stone Chandbali Earrings with Bead Drops – Statement Party & Festive Jewelry for Women,GB,413.00,809.48,96.00,73.00,50.00,714.49
163c27f6-ef09-401f-9974-ee881b1a21d1,Antique Gold-Plated Black Stone Chandbali Earrings with Bead Drops – Statement Party & Festive Jewelry for Women,IE,413.00,830.13,101.00,78.00,55.00,735.14
163c27f6-ef09-401f-9974-ee881b1a21d1,Antique Gold-Plated Black Stone Chandbali Earrings with Bead Drops – Statement Party & Festive Jewelry for Women,KE,413.00,809.48,96.00,73.00,50.00,714.49
163c27f6-ef09-401f-9974-ee881b1a21d1,Antique Gold-Plated Black Stone Chandbali Earrings with Bead Drops – Statement Party & Festive Jewelry for Women,MT,413.00,809.48,96.00,73.00,50.00,714.49
163c27f6-ef09-401f-9974-ee881b1a21d1,Antique Gold-Plated Black Stone Chandbali Earrings with Bead Drops – Statement Party & Festive Jewelry for Women,US,413.00,809.48,96.00,73.00,50.00,714.49
adcad9f2-e2ec-4835-b770-0024c71fcf7c,Antique Gold-Plated Peacock Design Earrings with Turquoise Beads – Statement Party & Ethnic Wear Jewelry for Women,AL,230.00,450.80,96.00,73.00,50.00,397.90
adcad9f2-e2ec-4835-b770-0024c71fcf7c,Antique Gold-Plated Peacock Design Earrings with Turquoise Beads – Statement Party & Ethnic Wear Jewelry for Women,CH,230.00,450.80,96.00,73.00,50.00,397.90
adcad9f2-e2ec-4835-b770-0024c71fcf7c,Antique Gold-Plated Peacock Design Earrings with Turquoise Beads – Statement Party & Ethnic Wear Jewelry for Women,DE,230.00,450.80,96.00,73.00,50.00,397.90
adcad9f2-e2ec-4835-b770-0024c71fcf7c,Antique Gold-Plated Peacock Design Earrings with Turquoise Beads – Statement Party & Ethnic Wear Jewelry for Women,FR,230.00,450.80,96.00,73.00,50.00,397.90
adcad9f2-e2ec-4835-b770-0024c71fcf7c,Antique Gold-Plated Peacock Design Earrings with Turquoise Beads – Statement Party & Ethnic Wear Jewelry for Women,GB,230.00,450.80,96.00,73.00,50.00,397.90
adcad9f2-e2ec-4835-b770-0024c71fcf7c,Antique Gold-Plated Peacock Design Earrings with Turquoise Beads – Statement Party & Ethnic Wear Jewelry for Women,IE,230.00,462.30,101.00,78.00,55.00,409.40
adcad9f2-e2ec-4835-b770-0024c71fcf7c,Antique Gold-Plated Peacock Design Earrings with Turquoise Beads – Statement Party & Ethnic Wear Jewelry for Women,KE,230.00,450.80,96.00,73.00,50.00,397.90
adcad9f2-e2ec-4835-b770-0024c71fcf7c,Antique Gold-Plated Peacock Design Earrings with Turquoise Beads – Statement Party & Ethnic Wear Jewelry for Women,MT,230.00,450.80,96.00,73.00,50.00,397.90
adcad9f2-e2ec-4835-b770-0024c71fcf7c,Antique Gold-Plated Peacock Design Earrings with Turquoise Beads – Statement Party & Ethnic Wear Jewelry for Women,US,230.00,450.80,96.00,73.00,50.00,397.90
4c0db679-1c30-4fbc-b472-8519ec85714b,Antique Gold-Plated Traditional Jhumka Earrings with Pearl Drops – Ethnic Festive & Wedding Jewelry for Women,AL,316.00,619.36,96.00,73.00,50.00,546.68
4c0db679-1c30-4fbc-b472-8519ec85714b,Antique Gold-Plated Traditional Jhumka Earrings with Pearl Drops – Ethnic Festive & Wedding Jewelry for Women,CH,316.00,619.36,96.00,73.00,50.00,546.68
4c0db679-1c30-4fbc-b472-8519ec85714b,Antique Gold-Plated Traditional Jhumka Earrings with Pearl Drops – Ethnic Festive & Wedding Jewelry for Women,DE,316.00,619.36,96.00,73.00,50.00,546.68
4c0db679-1c30-4fbc-b472-8519ec85714b,Antique Gold-Plated Traditional Jhumka Earrings with Pearl Drops – Ethnic Festive & Wedding Jewelry for Women,FR,316.00,619.36,96.00,73.00,50.00,546.68
4c0db679-1c30-4fbc-b472-8519ec85714b,Antique Gold-Plated Traditional Jhumka Earrings with Pearl Drops – Ethnic Festive & Wedding Jewelry for Women,GB,316.00,619.36,96.00,73.00,50.00,546.68
4c0db679-1c30-4fbc-b472-8519ec85714b,Antique Gold-Plated Traditional Jhumka Earrings with Pearl Drops – Ethnic Festive & Wedding Jewelry for Women,IE,316.00,635.16,101.00,78.00,55.00,562.48
4c0db679-1c30-4fbc-b472-8519ec85714b,Antique Gold-Plated Traditional Jhumka Earrings with Pearl Drops – Ethnic Festive & Wedding Jewelry for Women,KE,316.00,619.36,96.00,73.00,50.00,546.68
4c0db679-1c30-4fbc-b472-8519ec85714b,Antique Gold-Plated Traditional Jhumka Earrings with Pearl Drops – Ethnic Festive & Wedding Jewelry for Women,MT,316.00,619.36,96.00,73.00,50.00,546.68
4c0db679-1c30-4fbc-b472-8519ec85714b,Antique Gold-Plated Traditional Jhumka Earrings with Pearl Drops – Ethnic Festive & Wedding Jewelry for Women,US,316.00,619.36,96.00,73.00,50.00,546.68
11d00695-24f6-4950-92c7-2630272af0a3,Aqua Green Beaded Chandbali Earrings for Women | Ethnic Floral Drop Earrings,AL,363.00,711.48,96.00,73.00,50.00,627.99
11d00695-24f6-4950-92c7-2630272af0a3,Aqua Green Beaded Chandbali Earrings for Women | Ethnic Floral Drop Earrings,CH,363.00,711.48,96.00,73.00,50.00,627.99
11d00695-24f6-4950-92c7-2630272af0a3,Aqua Green Beaded Chandbali Earrings for Women | Ethnic Floral Drop Earrings,DE,363.00,711.48,96.00,73.00,50.00,627.99
11d00695-24f6-4950-92c7-2630272af0a3,Aqua Green Beaded Chandbali Earrings for Women | Ethnic Floral Drop Earrings,FR,363.00,711.48,96.00,73.00,50.00,627.99
11d00695-24f6-4950-92c7-2630272af0a3,Aqua Green Beaded Chandbali Earrings for Women | Ethnic Floral Drop Earrings,GB,363.00,711.48,96.00,73.00,50.00,627.99
11d00695-24f6-4950-92c7-2630272af0a3,Aqua Green Beaded Chandbali Earrings for Women | Ethnic Floral Drop Earrings,IE,363.00,729.63,101.00,78.00,55.00,646.14
11d00695-24f6-4950-92c7-2630272af0a3,Aqua Green Beaded Chandbali Earrings for Women | Ethnic Floral Drop Earrings,KE,363.00,711.48,96.00,73.00,50.00,627.99
11d00695-24f6-4950-92c7-2630272af0a3,Aqua Green Beaded Chandbali Earrings for Women | Ethnic Floral Drop Earrings,MT,363.00,711.48,96.00,73.00,50.00,627.99
11d00695-24f6-4950-92c7-2630272af0a3,Aqua Green Beaded Chandbali Earrings for Women | Ethnic Floral Drop Earrings,US,363.00,711.48,96.00,73.00,50.00,627.99
fcafe678-d3c0-4676-b446-8d9721698b6e,AQUALOGICA 5BARRIER+ REPAIR SUNSCREEN WITH AVOCADO& 5ESSENTIAL CERAMIDES SPF50+PA+++ IUVA/B,AL,375.00,735.00,96.00,73.00,50.00,648.75
fcafe678-d3c0-4676-b446-8d9721698b6e,AQUALOGICA 5BARRIER+ REPAIR SUNSCREEN WITH AVOCADO& 5ESSENTIAL CERAMIDES SPF50+PA+++ IUVA/B,CH,375.00,735.00,96.00,73.00,50.00,648.75
fcafe678-d3c0-4676-b446-8d9721698b6e,AQUALOGICA 5BARRIER+ REPAIR SUNSCREEN WITH AVOCADO& 5ESSENTIAL CERAMIDES SPF50+PA+++ IUVA/B,DE,375.00,735.00,96.00,73.00,50.00,648.75
fcafe678-d3c0-4676-b446-8d9721698b6e,AQUALOGICA 5BARRIER+ REPAIR SUNSCREEN WITH AVOCADO& 5ESSENTIAL CERAMIDES SPF50+PA+++ IUVA/B,FR,375.00,735.00,96.00,73.00,50.00,648.75
fcafe678-d3c0-4676-b446-8d9721698b6e,AQUALOGICA 5BARRIER+ REPAIR SUNSCREEN WITH AVOCADO& 5ESSENTIAL CERAMIDES SPF50+PA+++ IUVA/B,GB,375.00,735.00,96.00,73.00,50.00,648.75
fcafe678-d3c0-4676-b446-8d9721698b6e,AQUALOGICA 5BARRIER+ REPAIR SUNSCREEN WITH AVOCADO& 5ESSENTIAL CERAMIDES SPF50+PA+++ IUVA/B,IE,375.00,753.75,101.00,78.00,55.00,667.50
fcafe678-d3c0-4676-b446-8d9721698b6e,AQUALOGICA 5BARRIER+ REPAIR SUNSCREEN WITH AVOCADO& 5ESSENTIAL CERAMIDES SPF50+PA+++ IUVA/B,KE,375.00,735.00,96.00,73.00,50.00,648.75
fcafe678-d3c0-4676-b446-8d9721698b6e,AQUALOGICA 5BARRIER+ REPAIR SUNSCREEN WITH AVOCADO& 5ESSENTIAL CERAMIDES SPF50+PA+++ IUVA/B,MT,375.00,735.00,96.00,73.00,50.00,648.75
fcafe678-d3c0-4676-b446-8d9721698b6e,AQUALOGICA 5BARRIER+ REPAIR SUNSCREEN WITH AVOCADO& 5ESSENTIAL CERAMIDES SPF50+PA+++ IUVA/B,US,375.00,735.00,96.00,73.00,50.00,648.75
0082afcf-2e09-48c3-9649-b0557242147b,Aqualogica Detan+ Dewy Sunscreen SPF 50+ PA++++ | Cherry Tomato & Hyaluronic Acid | Hydrating & Tan Removal | 50g,AL,447.00,876.12,96.00,73.00,50.00,773.31
0082afcf-2e09-48c3-9649-b0557242147b,Aqualogica Detan+ Dewy Sunscreen SPF 50+ PA++++ | Cherry Tomato & Hyaluronic Acid | Hydrating & Tan Removal | 50g,CH,447.00,876.12,96.00,73.00,50.00,773.31
0082afcf-2e09-48c3-9649-b0557242147b,Aqualogica Detan+ Dewy Sunscreen SPF 50+ PA++++ | Cherry Tomato & Hyaluronic Acid | Hydrating & Tan Removal | 50g,DE,447.00,876.12,96.00,73.00,50.00,773.31
0082afcf-2e09-48c3-9649-b0557242147b,Aqualogica Detan+ Dewy Sunscreen SPF 50+ PA++++ | Cherry Tomato & Hyaluronic Acid | Hydrating & Tan Removal | 50g,FR,447.00,876.12,96.00,73.00,50.00,773.31
0082afcf-2e09-48c3-9649-b0557242147b,Aqualogica Detan+ Dewy Sunscreen SPF 50+ PA++++ | Cherry Tomato & Hyaluronic Acid | Hydrating & Tan Removal | 50g,GB,447.00,876.12,96.00,73.00,50.00,773.31
0082afcf-2e09-48c3-9649-b0557242147b,Aqualogica Detan+ Dewy Sunscreen SPF 50+ PA++++ | Cherry Tomato & Hyaluronic Acid | Hydrating & Tan Removal | 50g,IE,447.00,898.47,101.00,78.00,55.00,795.66
0082afcf-2e09-48c3-9649-b0557242147b,Aqualogica Detan+ Dewy Sunscreen SPF 50+ PA++++ | Cherry Tomato & Hyaluronic Acid | Hydrating & Tan Removal | 50g,KE,447.00,876.12,96.00,73.00,50.00,773.31
0082afcf-2e09-48c3-9649-b0557242147b,Aqualogica Detan+ Dewy Sunscreen SPF 50+ PA++++ | Cherry Tomato & Hyaluronic Acid | Hydrating & Tan Removal | 50g,MT,447.00,876.12,96.00,73.00,50.00,773.31
0082afcf-2e09-48c3-9649-b0557242147b,Aqualogica Detan+ Dewy Sunscreen SPF 50+ PA++++ | Cherry Tomato & Hyaluronic Acid | Hydrating & Tan Removal | 50g,US,447.00,876.12,96.00,73.00,50.00,773.31
6420d9cb-d234-46c3-a410-fdd7178bd383,AQUALOGICA DETAN+ SMOOTHIE FACE WASH WITH CHERRY TOMATO & GLYCOLIC ACID FOR TAN REMOVAL,AL,194.00,380.24,96.00,73.00,50.00,335.62
6420d9cb-d234-46c3-a410-fdd7178bd383,AQUALOGICA DETAN+ SMOOTHIE FACE WASH WITH CHERRY TOMATO & GLYCOLIC ACID FOR TAN REMOVAL,CH,194.00,380.24,96.00,73.00,50.00,335.62
6420d9cb-d234-46c3-a410-fdd7178bd383,AQUALOGICA DETAN+ SMOOTHIE FACE WASH WITH CHERRY TOMATO & GLYCOLIC ACID FOR TAN REMOVAL,DE,194.00,380.24,96.00,73.00,50.00,335.62
6420d9cb-d234-46c3-a410-fdd7178bd383,AQUALOGICA DETAN+ SMOOTHIE FACE WASH WITH CHERRY TOMATO & GLYCOLIC ACID FOR TAN REMOVAL,FR,194.00,380.24,96.00,73.00,50.00,335.62
6420d9cb-d234-46c3-a410-fdd7178bd383,AQUALOGICA DETAN+ SMOOTHIE FACE WASH WITH CHERRY TOMATO & GLYCOLIC ACID FOR TAN REMOVAL,GB,194.00,380.24,96.00,73.00,50.00,335.62
6420d9cb-d234-46c3-a410-fdd7178bd383,AQUALOGICA DETAN+ SMOOTHIE FACE WASH WITH CHERRY TOMATO & GLYCOLIC ACID FOR TAN REMOVAL,IE,194.00,389.94,101.00,78.00,55.00,345.32
6420d9cb-d234-46c3-a410-fdd7178bd383,AQUALOGICA DETAN+ SMOOTHIE FACE WASH WITH CHERRY TOMATO & GLYCOLIC ACID FOR TAN REMOVAL,KE,194.00,380.24,96.00,73.00,50.00,335.62
6420d9cb-d234-46c3-a410-fdd7178bd383,AQUALOGICA DETAN+ SMOOTHIE FACE WASH WITH CHERRY TOMATO & GLYCOLIC ACID FOR TAN REMOVAL,MT,194.00,380.24,96.00,73.00,50.00,335.62
6420d9cb-d234-46c3-a410-fdd7178bd383,AQUALOGICA DETAN+ SMOOTHIE FACE WASH WITH CHERRY TOMATO & GLYCOLIC ACID FOR TAN REMOVAL,US,194.00,380.24,96.00,73.00,50.00,335.62
b212c1a8-1af4-4db7-ab9f-712d1f79d1a2,Aqualogica Glow + Hydra Gel Moisturizer with Vitamin C & Papaya - 100 gm,AL,290.00,568.40,96.00,73.00,50.00,501.70
b212c1a8-1af4-4db7-ab9f-712d1f79d1a2,Aqualogica Glow + Hydra Gel Moisturizer with Vitamin C & Papaya - 100 gm,CH,290.00,568.40,96.00,73.00,50.00,501.70
b212c1a8-1af4-4db7-ab9f-712d1f79d1a2,Aqualogica Glow + Hydra Gel Moisturizer with Vitamin C & Papaya - 100 gm,DE,290.00,568.40,96.00,73.00,50.00,501.70
b212c1a8-1af4-4db7-ab9f-712d1f79d1a2,Aqualogica Glow + Hydra Gel Moisturizer with Vitamin C & Papaya - 100 gm,FR,290.00,568.40,96.00,73.00,50.00,501.70
b212c1a8-1af4-4db7-ab9f-712d1f79d1a2,Aqualogica Glow + Hydra Gel Moisturizer with Vitamin C & Papaya - 100 gm,GB,290.00,568.40,96.00,73.00,50.00,501.70
b212c1a8-1af4-4db7-ab9f-712d1f79d1a2,Aqualogica Glow + Hydra Gel Moisturizer with Vitamin C & Papaya - 100 gm,IE,290.00,582.90,101.00,78.00,55.00,516.20
b212c1a8-1af4-4db7-ab9f-712d1f79d1a2,Aqualogica Glow + Hydra Gel Moisturizer with Vitamin C & Papaya - 100 gm,KE,290.00,568.40,96.00,73.00,50.00,501.70
b212c1a8-1af4-4db7-ab9f-712d1f79d1a2,Aqualogica Glow + Hydra Gel Moisturizer with Vitamin C & Papaya - 100 gm,MT,290.00,568.40,96.00,73.00,50.00,501.70
b212c1a8-1af4-4db7-ab9f-712d1f79d1a2,Aqualogica Glow + Hydra Gel Moisturizer with Vitamin C & Papaya - 100 gm,US,290.00,568.40,96.00,73.00,50.00,501.70
ea599294-68ed-47bf-a50b-a7586a77598e,Aqualogica Glow + Oil-Free Moisturizer with Papaya & Vitamin C,AL,390.00,764.40,96.00,73.00,50.00,674.70
ea599294-68ed-47bf-a50b-a7586a77598e,Aqualogica Glow + Oil-Free Moisturizer with Papaya & Vitamin C,CH,390.00,764.40,96.00,73.00,50.00,674.70
ea599294-68ed-47bf-a50b-a7586a77598e,Aqualogica Glow + Oil-Free Moisturizer with Papaya & Vitamin C,DE,390.00,764.40,96.00,73.00,50.00,674.70
ea599294-68ed-47bf-a50b-a7586a77598e,Aqualogica Glow + Oil-Free Moisturizer with Papaya & Vitamin C,FR,390.00,764.40,96.00,73.00,50.00,674.70
ea599294-68ed-47bf-a50b-a7586a77598e,Aqualogica Glow + Oil-Free Moisturizer with Papaya & Vitamin C,GB,390.00,764.40,96.00,73.00,50.00,674.70
ea599294-68ed-47bf-a50b-a7586a77598e,Aqualogica Glow + Oil-Free Moisturizer with Papaya & Vitamin C,IE,390.00,783.90,101.00,78.00,55.00,694.20
ea599294-68ed-47bf-a50b-a7586a77598e,Aqualogica Glow + Oil-Free Moisturizer with Papaya & Vitamin C,KE,390.00,764.40,96.00,73.00,50.00,674.70
ea599294-68ed-47bf-a50b-a7586a77598e,Aqualogica Glow + Oil-Free Moisturizer with Papaya & Vitamin C,MT,390.00,764.40,96.00,73.00,50.00,674.70
ea599294-68ed-47bf-a50b-a7586a77598e,Aqualogica Glow + Oil-Free Moisturizer with Papaya & Vitamin C,US,390.00,764.40,96.00,73.00,50.00,674.70
cd5e9572-ef54-4966-b44d-a520fa84a345,Aqualogica Glow+ Cleanse & Body Hydration Combo (Glow+ Smoothie Face Wash 100 ml + Glow+ Silky Body Lotion 200 ml),AL,545.00,1122.70,106.00,83.00,60.00,997.35
cd5e9572-ef54-4966-b44d-a520fa84a345,Aqualogica Glow+ Cleanse & Body Hydration Combo (Glow+ Smoothie Face Wash 100 ml + Glow+ Silky Body Lotion 200 ml),CH,545.00,1122.70,106.00,83.00,60.00,997.35
cd5e9572-ef54-4966-b44d-a520fa84a345,Aqualogica Glow+ Cleanse & Body Hydration Combo (Glow+ Smoothie Face Wash 100 ml + Glow+ Silky Body Lotion 200 ml),DE,545.00,1122.70,106.00,83.00,60.00,997.35
cd5e9572-ef54-4966-b44d-a520fa84a345,Aqualogica Glow+ Cleanse & Body Hydration Combo (Glow+ Smoothie Face Wash 100 ml + Glow+ Silky Body Lotion 200 ml),FR,545.00,1122.70,106.00,83.00,60.00,997.35
cd5e9572-ef54-4966-b44d-a520fa84a345,Aqualogica Glow+ Cleanse & Body Hydration Combo (Glow+ Smoothie Face Wash 100 ml + Glow+ Silky Body Lotion 200 ml),GB,545.00,1122.70,106.00,83.00,60.00,997.35
cd5e9572-ef54-4966-b44d-a520fa84a345,Aqualogica Glow+ Cleanse & Body Hydration Combo (Glow+ Smoothie Face Wash 100 ml + Glow+ Silky Body Lotion 200 ml),IE,545.00,1149.95,111.00,88.00,65.00,1024.60
cd5e9572-ef54-4966-b44d-a520fa84a345,Aqualogica Glow+ Cleanse & Body Hydration Combo (Glow+ Smoothie Face Wash 100 ml + Glow+ Silky Body Lotion 200 ml),KE,545.00,1122.70,106.00,83.00,60.00,997.35
cd5e9572-ef54-4966-b44d-a520fa84a345,Aqualogica Glow+ Cleanse & Body Hydration Combo (Glow+ Smoothie Face Wash 100 ml + Glow+ Silky Body Lotion 200 ml),MT,545.00,1122.70,106.00,83.00,60.00,997.35
cd5e9572-ef54-4966-b44d-a520fa84a345,Aqualogica Glow+ Cleanse & Body Hydration Combo (Glow+ Smoothie Face Wash 100 ml + Glow+ Silky Body Lotion 200 ml),US,545.00,1122.70,106.00,83.00,60.00,997.35
59ef433d-6aa0-4c32-a026-ab20f7257b9e,AQUALOGICA GLOW+ DEWY LIGHTWEIGHT SUNSCREEN GEL SPF50+ PA+++ WITH PAPAYA &VIT C,AL,349.00,684.04,96.00,73.00,50.00,603.77
59ef433d-6aa0-4c32-a026-ab20f7257b9e,AQUALOGICA GLOW+ DEWY LIGHTWEIGHT SUNSCREEN GEL SPF50+ PA+++ WITH PAPAYA &VIT C,CH,349.00,684.04,96.00,73.00,50.00,603.77
59ef433d-6aa0-4c32-a026-ab20f7257b9e,AQUALOGICA GLOW+ DEWY LIGHTWEIGHT SUNSCREEN GEL SPF50+ PA+++ WITH PAPAYA &VIT C,DE,349.00,684.04,96.00,73.00,50.00,603.77
59ef433d-6aa0-4c32-a026-ab20f7257b9e,AQUALOGICA GLOW+ DEWY LIGHTWEIGHT SUNSCREEN GEL SPF50+ PA+++ WITH PAPAYA &VIT C,FR,349.00,684.04,96.00,73.00,50.00,603.77
59ef433d-6aa0-4c32-a026-ab20f7257b9e,AQUALOGICA GLOW+ DEWY LIGHTWEIGHT SUNSCREEN GEL SPF50+ PA+++ WITH PAPAYA &VIT C,GB,349.00,684.04,96.00,73.00,50.00,603.77
59ef433d-6aa0-4c32-a026-ab20f7257b9e,AQUALOGICA GLOW+ DEWY LIGHTWEIGHT SUNSCREEN GEL SPF50+ PA+++ WITH PAPAYA &VIT C,IE,349.00,701.49,101.00,78.00,55.00,621.22
59ef433d-6aa0-4c32-a026-ab20f7257b9e,AQUALOGICA GLOW+ DEWY LIGHTWEIGHT SUNSCREEN GEL SPF50+ PA+++ WITH PAPAYA &VIT C,KE,349.00,684.04,96.00,73.00,50.00,603.77
59ef433d-6aa0-4c32-a026-ab20f7257b9e,AQUALOGICA GLOW+ DEWY LIGHTWEIGHT SUNSCREEN GEL SPF50+ PA+++ WITH PAPAYA &VIT C,MT,349.00,684.04,96.00,73.00,50.00,603.77
59ef433d-6aa0-4c32-a026-ab20f7257b9e,AQUALOGICA GLOW+ DEWY LIGHTWEIGHT SUNSCREEN GEL SPF50+ PA+++ WITH PAPAYA &VIT C,US,349.00,684.04,96.00,73.00,50.00,603.77
2d5a75ac-a9be-447f-8019-27edd4d95f5f,AQUALOGICA GLOW+ SMOOTHIE FACE WASH WITH PAPAYA & VITAMIN C FOR GLOWING SKIN,AL,194.00,380.24,96.00,73.00,50.00,335.62
2d5a75ac-a9be-447f-8019-27edd4d95f5f,AQUALOGICA GLOW+ SMOOTHIE FACE WASH WITH PAPAYA & VITAMIN C FOR GLOWING SKIN,CH,194.00,380.24,96.00,73.00,50.00,335.62
2d5a75ac-a9be-447f-8019-27edd4d95f5f,AQUALOGICA GLOW+ SMOOTHIE FACE WASH WITH PAPAYA & VITAMIN C FOR GLOWING SKIN,DE,194.00,380.24,96.00,73.00,50.00,335.62
2d5a75ac-a9be-447f-8019-27edd4d95f5f,AQUALOGICA GLOW+ SMOOTHIE FACE WASH WITH PAPAYA & VITAMIN C FOR GLOWING SKIN,FR,194.00,380.24,96.00,73.00,50.00,335.62
2d5a75ac-a9be-447f-8019-27edd4d95f5f,AQUALOGICA GLOW+ SMOOTHIE FACE WASH WITH PAPAYA & VITAMIN C FOR GLOWING SKIN,GB,194.00,380.24,96.00,73.00,50.00,335.62
2d5a75ac-a9be-447f-8019-27edd4d95f5f,AQUALOGICA GLOW+ SMOOTHIE FACE WASH WITH PAPAYA & VITAMIN C FOR GLOWING SKIN,IE,194.00,389.94,101.00,78.00,55.00,345.32
2d5a75ac-a9be-447f-8019-27edd4d95f5f,AQUALOGICA GLOW+ SMOOTHIE FACE WASH WITH PAPAYA & VITAMIN C FOR GLOWING SKIN,KE,194.00,380.24,96.00,73.00,50.00,335.62
2d5a75ac-a9be-447f-8019-27edd4d95f5f,AQUALOGICA GLOW+ SMOOTHIE FACE WASH WITH PAPAYA & VITAMIN C FOR GLOWING SKIN,MT,194.00,380.24,96.00,73.00,50.00,335.62
2d5a75ac-a9be-447f-8019-27edd4d95f5f,AQUALOGICA GLOW+ SMOOTHIE FACE WASH WITH PAPAYA & VITAMIN C FOR GLOWING SKIN,US,194.00,380.24,96.00,73.00,50.00,335.62
af1bc15f-3362-44e8-9208-51087f4fc7ea,Aqualogica Illuminate + Hydra Gel Moisturizer,AL,290.00,568.40,96.00,73.00,50.00,501.70
af1bc15f-3362-44e8-9208-51087f4fc7ea,Aqualogica Illuminate + Hydra Gel Moisturizer,CH,290.00,568.40,96.00,73.00,50.00,501.70
af1bc15f-3362-44e8-9208-51087f4fc7ea,Aqualogica Illuminate + Hydra Gel Moisturizer,DE,290.00,568.40,96.00,73.00,50.00,501.70
af1bc15f-3362-44e8-9208-51087f4fc7ea,Aqualogica Illuminate + Hydra Gel Moisturizer,FR,290.00,568.40,96.00,73.00,50.00,501.70
af1bc15f-3362-44e8-9208-51087f4fc7ea,Aqualogica Illuminate + Hydra Gel Moisturizer,GB,290.00,568.40,96.00,73.00,50.00,501.70
af1bc15f-3362-44e8-9208-51087f4fc7ea,Aqualogica Illuminate + Hydra Gel Moisturizer,IE,290.00,582.90,101.00,78.00,55.00,516.20
af1bc15f-3362-44e8-9208-51087f4fc7ea,Aqualogica Illuminate + Hydra Gel Moisturizer,KE,290.00,568.40,96.00,73.00,50.00,501.70
af1bc15f-3362-44e8-9208-51087f4fc7ea,Aqualogica Illuminate + Hydra Gel Moisturizer,MT,290.00,568.40,96.00,73.00,50.00,501.70
af1bc15f-3362-44e8-9208-51087f4fc7ea,Aqualogica Illuminate + Hydra Gel Moisturizer,US,290.00,568.40,96.00,73.00,50.00,501.70
f301e14b-8b9d-4f46-91ca-6fee9c228425,Aqualogica Illuminate + Hydra Gel Moisturizer with Wild Berries & Alpha Arbutin,AL,490.00,960.40,96.00,73.00,50.00,847.70
f301e14b-8b9d-4f46-91ca-6fee9c228425,Aqualogica Illuminate + Hydra Gel Moisturizer with Wild Berries & Alpha Arbutin,CH,490.00,960.40,96.00,73.00,50.00,847.70
f301e14b-8b9d-4f46-91ca-6fee9c228425,Aqualogica Illuminate + Hydra Gel Moisturizer with Wild Berries & Alpha Arbutin,DE,490.00,960.40,96.00,73.00,50.00,847.70
f301e14b-8b9d-4f46-91ca-6fee9c228425,Aqualogica Illuminate + Hydra Gel Moisturizer with Wild Berries & Alpha Arbutin,FR,490.00,960.40,96.00,73.00,50.00,847.70
f301e14b-8b9d-4f46-91ca-6fee9c228425,Aqualogica Illuminate + Hydra Gel Moisturizer with Wild Berries & Alpha Arbutin,GB,490.00,960.40,96.00,73.00,50.00,847.70
f301e14b-8b9d-4f46-91ca-6fee9c228425,Aqualogica Illuminate + Hydra Gel Moisturizer with Wild Berries & Alpha Arbutin,IE,490.00,984.90,101.00,78.00,55.00,872.20
f301e14b-8b9d-4f46-91ca-6fee9c228425,Aqualogica Illuminate + Hydra Gel Moisturizer with Wild Berries & Alpha Arbutin,KE,490.00,960.40,96.00,73.00,50.00,847.70
f301e14b-8b9d-4f46-91ca-6fee9c228425,Aqualogica Illuminate + Hydra Gel Moisturizer with Wild Berries & Alpha Arbutin,MT,490.00,960.40,96.00,73.00,50.00,847.70
f301e14b-8b9d-4f46-91ca-6fee9c228425,Aqualogica Illuminate + Hydra Gel Moisturizer with Wild Berries & Alpha Arbutin,US,490.00,960.40,96.00,73.00,50.00,847.70
2a1d2abc-6d14-49ba-b37e-9928fd452b81,AQUALOGICA ILLUMINATE + SMOOTHIE FACE WASH WITH WILD BERRIES ALPHA ARBUTIN,AL,219.00,429.24,96.00,73.00,50.00,378.87
2a1d2abc-6d14-49ba-b37e-9928fd452b81,AQUALOGICA ILLUMINATE + SMOOTHIE FACE WASH WITH WILD BERRIES ALPHA ARBUTIN,CH,219.00,429.24,96.00,73.00,50.00,378.87
2a1d2abc-6d14-49ba-b37e-9928fd452b81,AQUALOGICA ILLUMINATE + SMOOTHIE FACE WASH WITH WILD BERRIES ALPHA ARBUTIN,DE,219.00,429.24,96.00,73.00,50.00,378.87
2a1d2abc-6d14-49ba-b37e-9928fd452b81,AQUALOGICA ILLUMINATE + SMOOTHIE FACE WASH WITH WILD BERRIES ALPHA ARBUTIN,FR,219.00,429.24,96.00,73.00,50.00,378.87
2a1d2abc-6d14-49ba-b37e-9928fd452b81,AQUALOGICA ILLUMINATE + SMOOTHIE FACE WASH WITH WILD BERRIES ALPHA ARBUTIN,GB,219.00,429.24,96.00,73.00,50.00,378.87
2a1d2abc-6d14-49ba-b37e-9928fd452b81,AQUALOGICA ILLUMINATE + SMOOTHIE FACE WASH WITH WILD BERRIES ALPHA ARBUTIN,IE,219.00,440.19,101.00,78.00,55.00,389.82
2a1d2abc-6d14-49ba-b37e-9928fd452b81,AQUALOGICA ILLUMINATE + SMOOTHIE FACE WASH WITH WILD BERRIES ALPHA ARBUTIN,KE,219.00,429.24,96.00,73.00,50.00,378.87
2a1d2abc-6d14-49ba-b37e-9928fd452b81,AQUALOGICA ILLUMINATE + SMOOTHIE FACE WASH WITH WILD BERRIES ALPHA ARBUTIN,MT,219.00,429.24,96.00,73.00,50.00,378.87
2a1d2abc-6d14-49ba-b37e-9928fd452b81,AQUALOGICA ILLUMINATE + SMOOTHIE FACE WASH WITH WILD BERRIES ALPHA ARBUTIN,US,219.00,429.24,96.00,73.00,50.00,378.87
e01db352-2c61-416c-92f3-5f2ea6f230b6,AQUALOGICA ILLUMINATE+DEWY LIGHTWEIGHT SUNSCREEN GEL SPF60+PA+++ FOR ALL SKIN TYPE,AL,355.00,695.80,96.00,73.00,50.00,614.15
e01db352-2c61-416c-92f3-5f2ea6f230b6,AQUALOGICA ILLUMINATE+DEWY LIGHTWEIGHT SUNSCREEN GEL SPF60+PA+++ FOR ALL SKIN TYPE,CH,355.00,695.80,96.00,73.00,50.00,614.15
e01db352-2c61-416c-92f3-5f2ea6f230b6,AQUALOGICA ILLUMINATE+DEWY LIGHTWEIGHT SUNSCREEN GEL SPF60+PA+++ FOR ALL SKIN TYPE,DE,355.00,695.80,96.00,73.00,50.00,614.15
e01db352-2c61-416c-92f3-5f2ea6f230b6,AQUALOGICA ILLUMINATE+DEWY LIGHTWEIGHT SUNSCREEN GEL SPF60+PA+++ FOR ALL SKIN TYPE,FR,355.00,695.80,96.00,73.00,50.00,614.15
e01db352-2c61-416c-92f3-5f2ea6f230b6,AQUALOGICA ILLUMINATE+DEWY LIGHTWEIGHT SUNSCREEN GEL SPF60+PA+++ FOR ALL SKIN TYPE,GB,355.00,695.80,96.00,73.00,50.00,614.15
e01db352-2c61-416c-92f3-5f2ea6f230b6,AQUALOGICA ILLUMINATE+DEWY LIGHTWEIGHT SUNSCREEN GEL SPF60+PA+++ FOR ALL SKIN TYPE,IE,355.00,713.55,101.00,78.00,55.00,631.90
e01db352-2c61-416c-92f3-5f2ea6f230b6,AQUALOGICA ILLUMINATE+DEWY LIGHTWEIGHT SUNSCREEN GEL SPF60+PA+++ FOR ALL SKIN TYPE,KE,355.00,695.80,96.00,73.00,50.00,614.15
e01db352-2c61-416c-92f3-5f2ea6f230b6,AQUALOGICA ILLUMINATE+DEWY LIGHTWEIGHT SUNSCREEN GEL SPF60+PA+++ FOR ALL SKIN TYPE,MT,355.00,695.80,96.00,73.00,50.00,614.15
e01db352-2c61-416c-92f3-5f2ea6f230b6,AQUALOGICA ILLUMINATE+DEWY LIGHTWEIGHT SUNSCREEN GEL SPF60+PA+++ FOR ALL SKIN TYPE,US,355.00,695.80,96.00,73.00,50.00,614.15
90e8d0b2-bc07-4dcf-ae18-1797ccfd630c,AQUALOGICA RADIANCE DEWY LIGHTWEIGHT SUNSCREEN GEL SPF 50+PA+++,AL,349.00,684.04,96.00,73.00,50.00,603.77
90e8d0b2-bc07-4dcf-ae18-1797ccfd630c,AQUALOGICA RADIANCE DEWY LIGHTWEIGHT SUNSCREEN GEL SPF 50+PA+++,CH,349.00,684.04,96.00,73.00,50.00,603.77
90e8d0b2-bc07-4dcf-ae18-1797ccfd630c,AQUALOGICA RADIANCE DEWY LIGHTWEIGHT SUNSCREEN GEL SPF 50+PA+++,DE,349.00,684.04,96.00,73.00,50.00,603.77
90e8d0b2-bc07-4dcf-ae18-1797ccfd630c,AQUALOGICA RADIANCE DEWY LIGHTWEIGHT SUNSCREEN GEL SPF 50+PA+++,FR,349.00,684.04,96.00,73.00,50.00,603.77
90e8d0b2-bc07-4dcf-ae18-1797ccfd630c,AQUALOGICA RADIANCE DEWY LIGHTWEIGHT SUNSCREEN GEL SPF 50+PA+++,GB,349.00,684.04,96.00,73.00,50.00,603.77
90e8d0b2-bc07-4dcf-ae18-1797ccfd630c,AQUALOGICA RADIANCE DEWY LIGHTWEIGHT SUNSCREEN GEL SPF 50+PA+++,IE,349.00,701.49,101.00,78.00,55.00,621.22
90e8d0b2-bc07-4dcf-ae18-1797ccfd630c,AQUALOGICA RADIANCE DEWY LIGHTWEIGHT SUNSCREEN GEL SPF 50+PA+++,KE,349.00,684.04,96.00,73.00,50.00,603.77
90e8d0b2-bc07-4dcf-ae18-1797ccfd630c,AQUALOGICA RADIANCE DEWY LIGHTWEIGHT SUNSCREEN GEL SPF 50+PA+++,MT,349.00,684.04,96.00,73.00,50.00,603.77
90e8d0b2-bc07-4dcf-ae18-1797ccfd630c,AQUALOGICA RADIANCE DEWY LIGHTWEIGHT SUNSCREEN GEL SPF 50+PA+++,US,349.00,684.04,96.00,73.00,50.00,603.77
fccc9d63-ced2-4acc-ae3d-f93056c66e42,AQUALOGICA RADIANCE+ SMOOTHIE FACE WASH WITH WATERMELON & NIACINAMIDE FOR CLEAR & OIL-FREE SKIN,AL,207.00,405.72,96.00,73.00,50.00,358.11
fccc9d63-ced2-4acc-ae3d-f93056c66e42,AQUALOGICA RADIANCE+ SMOOTHIE FACE WASH WITH WATERMELON & NIACINAMIDE FOR CLEAR & OIL-FREE SKIN,CH,207.00,405.72,96.00,73.00,50.00,358.11
fccc9d63-ced2-4acc-ae3d-f93056c66e42,AQUALOGICA RADIANCE+ SMOOTHIE FACE WASH WITH WATERMELON & NIACINAMIDE FOR CLEAR & OIL-FREE SKIN,DE,207.00,405.72,96.00,73.00,50.00,358.11
fccc9d63-ced2-4acc-ae3d-f93056c66e42,AQUALOGICA RADIANCE+ SMOOTHIE FACE WASH WITH WATERMELON & NIACINAMIDE FOR CLEAR & OIL-FREE SKIN,FR,207.00,405.72,96.00,73.00,50.00,358.11
fccc9d63-ced2-4acc-ae3d-f93056c66e42,AQUALOGICA RADIANCE+ SMOOTHIE FACE WASH WITH WATERMELON & NIACINAMIDE FOR CLEAR & OIL-FREE SKIN,GB,207.00,405.72,96.00,73.00,50.00,358.11
fccc9d63-ced2-4acc-ae3d-f93056c66e42,AQUALOGICA RADIANCE+ SMOOTHIE FACE WASH WITH WATERMELON & NIACINAMIDE FOR CLEAR & OIL-FREE SKIN,IE,207.00,416.07,101.00,78.00,55.00,368.46
fccc9d63-ced2-4acc-ae3d-f93056c66e42,AQUALOGICA RADIANCE+ SMOOTHIE FACE WASH WITH WATERMELON & NIACINAMIDE FOR CLEAR & OIL-FREE SKIN,KE,207.00,405.72,96.00,73.00,50.00,358.11
fccc9d63-ced2-4acc-ae3d-f93056c66e42,AQUALOGICA RADIANCE+ SMOOTHIE FACE WASH WITH WATERMELON & NIACINAMIDE FOR CLEAR & OIL-FREE SKIN,MT,207.00,405.72,96.00,73.00,50.00,358.11
fccc9d63-ced2-4acc-ae3d-f93056c66e42,AQUALOGICA RADIANCE+ SMOOTHIE FACE WASH WITH WATERMELON & NIACINAMIDE FOR CLEAR & OIL-FREE SKIN,US,207.00,405.72,96.00,73.00,50.00,358.11
a2c40d77-eb3f-4633-b33c-4f4eb05274a3,Aqualogica Refresh+ Dewy Floral Kiss Perfume Body Mist (150 ml),AL,459.00,899.64,96.00,73.00,50.00,794.07
a2c40d77-eb3f-4633-b33c-4f4eb05274a3,Aqualogica Refresh+ Dewy Floral Kiss Perfume Body Mist (150 ml),CH,459.00,899.64,96.00,73.00,50.00,794.07
a2c40d77-eb3f-4633-b33c-4f4eb05274a3,Aqualogica Refresh+ Dewy Floral Kiss Perfume Body Mist (150 ml),DE,459.00,899.64,96.00,73.00,50.00,794.07
a2c40d77-eb3f-4633-b33c-4f4eb05274a3,Aqualogica Refresh+ Dewy Floral Kiss Perfume Body Mist (150 ml),FR,459.00,899.64,96.00,73.00,50.00,794.07
a2c40d77-eb3f-4633-b33c-4f4eb05274a3,Aqualogica Refresh+ Dewy Floral Kiss Perfume Body Mist (150 ml),GB,459.00,899.64,96.00,73.00,50.00,794.07
a2c40d77-eb3f-4633-b33c-4f4eb05274a3,Aqualogica Refresh+ Dewy Floral Kiss Perfume Body Mist (150 ml),IE,459.00,922.59,101.00,78.00,55.00,817.02
a2c40d77-eb3f-4633-b33c-4f4eb05274a3,Aqualogica Refresh+ Dewy Floral Kiss Perfume Body Mist (150 ml),KE,459.00,899.64,96.00,73.00,50.00,794.07
a2c40d77-eb3f-4633-b33c-4f4eb05274a3,Aqualogica Refresh+ Dewy Floral Kiss Perfume Body Mist (150 ml),MT,459.00,899.64,96.00,73.00,50.00,794.07
a2c40d77-eb3f-4633-b33c-4f4eb05274a3,Aqualogica Refresh+ Dewy Floral Kiss Perfume Body Mist (150 ml),US,459.00,899.64,96.00,73.00,50.00,794.07
54359317-6728-459d-924e-1d5852a20d60,Aqualogica Refresh+ Love at First Spritz Set of 3 Perfume Body Mist (3 × 20 ml),AL,459.00,899.64,96.00,73.00,50.00,794.07
54359317-6728-459d-924e-1d5852a20d60,Aqualogica Refresh+ Love at First Spritz Set of 3 Perfume Body Mist (3 × 20 ml),CH,459.00,899.64,96.00,73.00,50.00,794.07
54359317-6728-459d-924e-1d5852a20d60,Aqualogica Refresh+ Love at First Spritz Set of 3 Perfume Body Mist (3 × 20 ml),DE,459.00,899.64,96.00,73.00,50.00,794.07
54359317-6728-459d-924e-1d5852a20d60,Aqualogica Refresh+ Love at First Spritz Set of 3 Perfume Body Mist (3 × 20 ml),FR,459.00,899.64,96.00,73.00,50.00,794.07
54359317-6728-459d-924e-1d5852a20d60,Aqualogica Refresh+ Love at First Spritz Set of 3 Perfume Body Mist (3 × 20 ml),GB,459.00,899.64,96.00,73.00,50.00,794.07
54359317-6728-459d-924e-1d5852a20d60,Aqualogica Refresh+ Love at First Spritz Set of 3 Perfume Body Mist (3 × 20 ml),IE,459.00,922.59,101.00,78.00,55.00,817.02
54359317-6728-459d-924e-1d5852a20d60,Aqualogica Refresh+ Love at First Spritz Set of 3 Perfume Body Mist (3 × 20 ml),KE,459.00,899.64,96.00,73.00,50.00,794.07
54359317-6728-459d-924e-1d5852a20d60,Aqualogica Refresh+ Love at First Spritz Set of 3 Perfume Body Mist (3 × 20 ml),MT,459.00,899.64,96.00,73.00,50.00,794.07
54359317-6728-459d-924e-1d5852a20d60,Aqualogica Refresh+ Love at First Spritz Set of 3 Perfume Body Mist (3 × 20 ml),US,459.00,899.64,96.00,73.00,50.00,794.07
be5d62c2-345c-4184-b86a-ef5631d9a5ad,Aqualogica Refresh+ Perfume Body Mist Ocean Breeze 150ml,AL,449.00,880.04,96.00,73.00,50.00,776.77
be5d62c2-345c-4184-b86a-ef5631d9a5ad,Aqualogica Refresh+ Perfume Body Mist Ocean Breeze 150ml,CH,449.00,880.04,96.00,73.00,50.00,776.77
be5d62c2-345c-4184-b86a-ef5631d9a5ad,Aqualogica Refresh+ Perfume Body Mist Ocean Breeze 150ml,DE,449.00,880.04,96.00,73.00,50.00,776.77
be5d62c2-345c-4184-b86a-ef5631d9a5ad,Aqualogica Refresh+ Perfume Body Mist Ocean Breeze 150ml,FR,449.00,880.04,96.00,73.00,50.00,776.77
be5d62c2-345c-4184-b86a-ef5631d9a5ad,Aqualogica Refresh+ Perfume Body Mist Ocean Breeze 150ml,GB,449.00,880.04,96.00,73.00,50.00,776.77
be5d62c2-345c-4184-b86a-ef5631d9a5ad,Aqualogica Refresh+ Perfume Body Mist Ocean Breeze 150ml,IE,449.00,902.49,101.00,78.00,55.00,799.22
be5d62c2-345c-4184-b86a-ef5631d9a5ad,Aqualogica Refresh+ Perfume Body Mist Ocean Breeze 150ml,KE,449.00,880.04,96.00,73.00,50.00,776.77
be5d62c2-345c-4184-b86a-ef5631d9a5ad,Aqualogica Refresh+ Perfume Body Mist Ocean Breeze 150ml,MT,449.00,880.04,96.00,73.00,50.00,776.77
be5d62c2-345c-4184-b86a-ef5631d9a5ad,Aqualogica Refresh+ Perfume Body Mist Ocean Breeze 150ml,US,449.00,880.04,96.00,73.00,50.00,776.77
8a4aaade-8b39-44ec-afd5-7982e292166f,Ariel Matic Liquid Detergent Front Load Sachet | Deep Clean Formula | Tough Stain Removal,AL,9.59,18.81,96.14,73.14,50.14,16.60
8a4aaade-8b39-44ec-afd5-7982e292166f,Ariel Matic Liquid Detergent Front Load Sachet | Deep Clean Formula | Tough Stain Removal,CH,9.59,18.81,96.14,73.14,50.14,16.60
8a4aaade-8b39-44ec-afd5-7982e292166f,Ariel Matic Liquid Detergent Front Load Sachet | Deep Clean Formula | Tough Stain Removal,DE,9.59,18.81,96.14,73.14,50.14,16.60
8a4aaade-8b39-44ec-afd5-7982e292166f,Ariel Matic Liquid Detergent Front Load Sachet | Deep Clean Formula | Tough Stain Removal,FR,9.59,18.81,96.14,73.14,50.14,16.60
8a4aaade-8b39-44ec-afd5-7982e292166f,Ariel Matic Liquid Detergent Front Load Sachet | Deep Clean Formula | Tough Stain Removal,GB,9.59,18.81,96.14,73.14,50.14,16.60
8a4aaade-8b39-44ec-afd5-7982e292166f,Ariel Matic Liquid Detergent Front Load Sachet | Deep Clean Formula | Tough Stain Removal,IE,9.59,19.28,101.04,78.04,55.04,17.07
8a4aaade-8b39-44ec-afd5-7982e292166f,Ariel Matic Liquid Detergent Front Load Sachet | Deep Clean Formula | Tough Stain Removal,KE,9.59,18.81,96.14,73.14,50.14,16.60
8a4aaade-8b39-44ec-afd5-7982e292166f,Ariel Matic Liquid Detergent Front Load Sachet | Deep Clean Formula | Tough Stain Removal,MT,9.59,18.81,96.14,73.14,50.14,16.60
8a4aaade-8b39-44ec-afd5-7982e292166f,Ariel Matic Liquid Detergent Front Load Sachet | Deep Clean Formula | Tough Stain Removal,US,9.59,18.81,96.14,73.14,50.14,16.60
f0b7a02a-1b1a-4836-a957-573afdbd57df,"AXE 72H Anti Sweat Deodorant Body Spray for Men – Floral Woody Fragrance with Zinc Formula, 122 ml",AL,243.00,476.28,96.00,73.00,50.00,420.39
f0b7a02a-1b1a-4836-a957-573afdbd57df,"AXE 72H Anti Sweat Deodorant Body Spray for Men – Floral Woody Fragrance with Zinc Formula, 122 ml",CH,243.00,476.28,96.00,73.00,50.00,420.39
f0b7a02a-1b1a-4836-a957-573afdbd57df,"AXE 72H Anti Sweat Deodorant Body Spray for Men – Floral Woody Fragrance with Zinc Formula, 122 ml",DE,243.00,476.28,96.00,73.00,50.00,420.39
f0b7a02a-1b1a-4836-a957-573afdbd57df,"AXE 72H Anti Sweat Deodorant Body Spray for Men – Floral Woody Fragrance with Zinc Formula, 122 ml",FR,243.00,476.28,96.00,73.00,50.00,420.39
f0b7a02a-1b1a-4836-a957-573afdbd57df,"AXE 72H Anti Sweat Deodorant Body Spray for Men – Floral Woody Fragrance with Zinc Formula, 122 ml",GB,243.00,476.28,96.00,73.00,50.00,420.39
f0b7a02a-1b1a-4836-a957-573afdbd57df,"AXE 72H Anti Sweat Deodorant Body Spray for Men – Floral Woody Fragrance with Zinc Formula, 122 ml",IE,243.00,488.43,101.00,78.00,55.00,432.54
f0b7a02a-1b1a-4836-a957-573afdbd57df,"AXE 72H Anti Sweat Deodorant Body Spray for Men – Floral Woody Fragrance with Zinc Formula, 122 ml",KE,243.00,476.28,96.00,73.00,50.00,420.39
f0b7a02a-1b1a-4836-a957-573afdbd57df,"AXE 72H Anti Sweat Deodorant Body Spray for Men – Floral Woody Fragrance with Zinc Formula, 122 ml",MT,243.00,476.28,96.00,73.00,50.00,420.39
f0b7a02a-1b1a-4836-a957-573afdbd57df,"AXE 72H Anti Sweat Deodorant Body Spray for Men – Floral Woody Fragrance with Zinc Formula, 122 ml",US,243.00,476.28,96.00,73.00,50.00,420.39
773f74b3-1009-4e56-b1f6-e2b04cd99290,"AXE Signature Maverick Body Deodorant for Men – Fresh Spicy Fragrance, 72H Dual Action Technology, 0% Gas, 122 ml",AL,243.00,476.28,96.00,73.00,50.00,420.39
773f74b3-1009-4e56-b1f6-e2b04cd99290,"AXE Signature Maverick Body Deodorant for Men – Fresh Spicy Fragrance, 72H Dual Action Technology, 0% Gas, 122 ml",CH,243.00,476.28,96.00,73.00,50.00,420.39
773f74b3-1009-4e56-b1f6-e2b04cd99290,"AXE Signature Maverick Body Deodorant for Men – Fresh Spicy Fragrance, 72H Dual Action Technology, 0% Gas, 122 ml",DE,243.00,476.28,96.00,73.00,50.00,420.39
773f74b3-1009-4e56-b1f6-e2b04cd99290,"AXE Signature Maverick Body Deodorant for Men – Fresh Spicy Fragrance, 72H Dual Action Technology, 0% Gas, 122 ml",FR,243.00,476.28,96.00,73.00,50.00,420.39
773f74b3-1009-4e56-b1f6-e2b04cd99290,"AXE Signature Maverick Body Deodorant for Men – Fresh Spicy Fragrance, 72H Dual Action Technology, 0% Gas, 122 ml",GB,243.00,476.28,96.00,73.00,50.00,420.39
773f74b3-1009-4e56-b1f6-e2b04cd99290,"AXE Signature Maverick Body Deodorant for Men – Fresh Spicy Fragrance, 72H Dual Action Technology, 0% Gas, 122 ml",IE,243.00,488.43,101.00,78.00,55.00,432.54
773f74b3-1009-4e56-b1f6-e2b04cd99290,"AXE Signature Maverick Body Deodorant for Men – Fresh Spicy Fragrance, 72H Dual Action Technology, 0% Gas, 122 ml",KE,243.00,476.28,96.00,73.00,50.00,420.39
773f74b3-1009-4e56-b1f6-e2b04cd99290,"AXE Signature Maverick Body Deodorant for Men – Fresh Spicy Fragrance, 72H Dual Action Technology, 0% Gas, 122 ml",MT,243.00,476.28,96.00,73.00,50.00,420.39
773f74b3-1009-4e56-b1f6-e2b04cd99290,"AXE Signature Maverick Body Deodorant for Men – Fresh Spicy Fragrance, 72H Dual Action Technology, 0% Gas, 122 ml",US,243.00,476.28,96.00,73.00,50.00,420.39
05f47c8b-1289-47b4-a341-49b66f8b5b3b,Ayur Herbal Astringent with Aloe Vera 100ml | Oil Control Face Toner | Tightens Pores | Refreshes & Tones Skin | For All Skin Types,AL,89.00,174.44,96.00,73.00,50.00,153.97
05f47c8b-1289-47b4-a341-49b66f8b5b3b,Ayur Herbal Astringent with Aloe Vera 100ml | Oil Control Face Toner | Tightens Pores | Refreshes & Tones Skin | For All Skin Types,CH,89.00,174.44,96.00,73.00,50.00,153.97
05f47c8b-1289-47b4-a341-49b66f8b5b3b,Ayur Herbal Astringent with Aloe Vera 100ml | Oil Control Face Toner | Tightens Pores | Refreshes & Tones Skin | For All Skin Types,DE,89.00,174.44,96.00,73.00,50.00,153.97
05f47c8b-1289-47b4-a341-49b66f8b5b3b,Ayur Herbal Astringent with Aloe Vera 100ml | Oil Control Face Toner | Tightens Pores | Refreshes & Tones Skin | For All Skin Types,FR,89.00,174.44,96.00,73.00,50.00,153.97
05f47c8b-1289-47b4-a341-49b66f8b5b3b,Ayur Herbal Astringent with Aloe Vera 100ml | Oil Control Face Toner | Tightens Pores | Refreshes & Tones Skin | For All Skin Types,GB,89.00,174.44,96.00,73.00,50.00,153.97
05f47c8b-1289-47b4-a341-49b66f8b5b3b,Ayur Herbal Astringent with Aloe Vera 100ml | Oil Control Face Toner | Tightens Pores | Refreshes & Tones Skin | For All Skin Types,IE,89.00,178.89,101.00,78.00,55.00,158.42
05f47c8b-1289-47b4-a341-49b66f8b5b3b,Ayur Herbal Astringent with Aloe Vera 100ml | Oil Control Face Toner | Tightens Pores | Refreshes & Tones Skin | For All Skin Types,KE,89.00,174.44,96.00,73.00,50.00,153.97
05f47c8b-1289-47b4-a341-49b66f8b5b3b,Ayur Herbal Astringent with Aloe Vera 100ml | Oil Control Face Toner | Tightens Pores | Refreshes & Tones Skin | For All Skin Types,MT,89.00,174.44,96.00,73.00,50.00,153.97
05f47c8b-1289-47b4-a341-49b66f8b5b3b,Ayur Herbal Astringent with Aloe Vera 100ml | Oil Control Face Toner | Tightens Pores | Refreshes & Tones Skin | For All Skin Types,US,89.00,174.44,96.00,73.00,50.00,153.97
94bd7233-2637-458e-b4e5-84445747c9de,Ayur Herbal Deep Pore Cleansing Milk 100ml,AL,79.00,154.84,96.00,73.00,50.00,136.67
94bd7233-2637-458e-b4e5-84445747c9de,Ayur Herbal Deep Pore Cleansing Milk 100ml,CH,79.00,154.84,96.00,73.00,50.00,136.67
94bd7233-2637-458e-b4e5-84445747c9de,Ayur Herbal Deep Pore Cleansing Milk 100ml,DE,79.00,154.84,96.00,73.00,50.00,136.67
94bd7233-2637-458e-b4e5-84445747c9de,Ayur Herbal Deep Pore Cleansing Milk 100ml,FR,79.00,154.84,96.00,73.00,50.00,136.67
94bd7233-2637-458e-b4e5-84445747c9de,Ayur Herbal Deep Pore Cleansing Milk 100ml,GB,79.00,154.84,96.00,73.00,50.00,136.67
94bd7233-2637-458e-b4e5-84445747c9de,Ayur Herbal Deep Pore Cleansing Milk 100ml,IE,79.00,158.79,101.00,78.00,55.00,140.62
94bd7233-2637-458e-b4e5-84445747c9de,Ayur Herbal Deep Pore Cleansing Milk 100ml,KE,79.00,154.84,96.00,73.00,50.00,136.67
94bd7233-2637-458e-b4e5-84445747c9de,Ayur Herbal Deep Pore Cleansing Milk 100ml,MT,79.00,154.84,96.00,73.00,50.00,136.67
94bd7233-2637-458e-b4e5-84445747c9de,Ayur Herbal Deep Pore Cleansing Milk 100ml,US,79.00,154.84,96.00,73.00,50.00,136.67
12e98232-ef66-417a-a744-9f8d9314167b,Ayur Herbal Skin Toner with Aloe Vera 100ml,AL,125.00,245.00,96.00,73.00,50.00,216.25
12e98232-ef66-417a-a744-9f8d9314167b,Ayur Herbal Skin Toner with Aloe Vera 100ml,CH,125.00,245.00,96.00,73.00,50.00,216.25
12e98232-ef66-417a-a744-9f8d9314167b,Ayur Herbal Skin Toner with Aloe Vera 100ml,DE,125.00,245.00,96.00,73.00,50.00,216.25
12e98232-ef66-417a-a744-9f8d9314167b,Ayur Herbal Skin Toner with Aloe Vera 100ml,FR,125.00,245.00,96.00,73.00,50.00,216.25
12e98232-ef66-417a-a744-9f8d9314167b,Ayur Herbal Skin Toner with Aloe Vera 100ml,GB,125.00,245.00,96.00,73.00,50.00,216.25
12e98232-ef66-417a-a744-9f8d9314167b,Ayur Herbal Skin Toner with Aloe Vera 100ml,IE,125.00,251.25,101.00,78.00,55.00,222.50
12e98232-ef66-417a-a744-9f8d9314167b,Ayur Herbal Skin Toner with Aloe Vera 100ml,KE,125.00,245.00,96.00,73.00,50.00,216.25
12e98232-ef66-417a-a744-9f8d9314167b,Ayur Herbal Skin Toner with Aloe Vera 100ml,MT,125.00,245.00,96.00,73.00,50.00,216.25
12e98232-ef66-417a-a744-9f8d9314167b,Ayur Herbal Skin Toner with Aloe Vera 100ml,US,125.00,245.00,96.00,73.00,50.00,216.25
c705f631-ec14-46b3-a769-f39aec38676c,Ayur Herbals Cocoa Butter Body Care Lotion 100ml | Deep Moisturization | pH Balanced | For All Skin Types | Soft & Smooth Skin,AL,89.00,174.44,96.00,73.00,50.00,153.97
c705f631-ec14-46b3-a769-f39aec38676c,Ayur Herbals Cocoa Butter Body Care Lotion 100ml | Deep Moisturization | pH Balanced | For All Skin Types | Soft & Smooth Skin,CH,89.00,174.44,96.00,73.00,50.00,153.97
c705f631-ec14-46b3-a769-f39aec38676c,Ayur Herbals Cocoa Butter Body Care Lotion 100ml | Deep Moisturization | pH Balanced | For All Skin Types | Soft & Smooth Skin,DE,89.00,174.44,96.00,73.00,50.00,153.97
c705f631-ec14-46b3-a769-f39aec38676c,Ayur Herbals Cocoa Butter Body Care Lotion 100ml | Deep Moisturization | pH Balanced | For All Skin Types | Soft & Smooth Skin,FR,89.00,174.44,96.00,73.00,50.00,153.97
c705f631-ec14-46b3-a769-f39aec38676c,Ayur Herbals Cocoa Butter Body Care Lotion 100ml | Deep Moisturization | pH Balanced | For All Skin Types | Soft & Smooth Skin,GB,89.00,174.44,96.00,73.00,50.00,153.97
c705f631-ec14-46b3-a769-f39aec38676c,Ayur Herbals Cocoa Butter Body Care Lotion 100ml | Deep Moisturization | pH Balanced | For All Skin Types | Soft & Smooth Skin,IE,89.00,178.89,101.00,78.00,55.00,158.42
c705f631-ec14-46b3-a769-f39aec38676c,Ayur Herbals Cocoa Butter Body Care Lotion 100ml | Deep Moisturization | pH Balanced | For All Skin Types | Soft & Smooth Skin,KE,89.00,174.44,96.00,73.00,50.00,153.97
c705f631-ec14-46b3-a769-f39aec38676c,Ayur Herbals Cocoa Butter Body Care Lotion 100ml | Deep Moisturization | pH Balanced | For All Skin Types | Soft & Smooth Skin,MT,89.00,174.44,96.00,73.00,50.00,153.97
c705f631-ec14-46b3-a769-f39aec38676c,Ayur Herbals Cocoa Butter Body Care Lotion 100ml | Deep Moisturization | pH Balanced | For All Skin Types | Soft & Smooth Skin,US,89.00,174.44,96.00,73.00,50.00,153.97
b2f4f5b7-fec1-419f-b33a-67cb0c78146f,Ayur Sunscreen SPF 30 Lotion 100ml,AL,200.00,392.00,96.00,73.00,50.00,346.00
b2f4f5b7-fec1-419f-b33a-67cb0c78146f,Ayur Sunscreen SPF 30 Lotion 100ml,CH,200.00,392.00,96.00,73.00,50.00,346.00
b2f4f5b7-fec1-419f-b33a-67cb0c78146f,Ayur Sunscreen SPF 30 Lotion 100ml,DE,200.00,392.00,96.00,73.00,50.00,346.00
b2f4f5b7-fec1-419f-b33a-67cb0c78146f,Ayur Sunscreen SPF 30 Lotion 100ml,FR,200.00,392.00,96.00,73.00,50.00,346.00
b2f4f5b7-fec1-419f-b33a-67cb0c78146f,Ayur Sunscreen SPF 30 Lotion 100ml,GB,200.00,392.00,96.00,73.00,50.00,346.00
b2f4f5b7-fec1-419f-b33a-67cb0c78146f,Ayur Sunscreen SPF 30 Lotion 100ml,IE,200.00,402.00,101.00,78.00,55.00,356.00
b2f4f5b7-fec1-419f-b33a-67cb0c78146f,Ayur Sunscreen SPF 30 Lotion 100ml,KE,200.00,392.00,96.00,73.00,50.00,346.00
b2f4f5b7-fec1-419f-b33a-67cb0c78146f,Ayur Sunscreen SPF 30 Lotion 100ml,MT,200.00,392.00,96.00,73.00,50.00,346.00
b2f4f5b7-fec1-419f-b33a-67cb0c78146f,Ayur Sunscreen SPF 30 Lotion 100ml,US,200.00,392.00,96.00,73.00,50.00,346.00
9501ee66-825e-4b39-bc3c-8d8a704ef922,Baby Love Mother Care Gift Set – Newborn Baby Essentials Kit (10 Items Combo),AL,483.00,970.83,101.00,78.00,55.00,859.74
9501ee66-825e-4b39-bc3c-8d8a704ef922,Baby Love Mother Care Gift Set – Newborn Baby Essentials Kit (10 Items Combo),CH,483.00,970.83,101.00,78.00,55.00,859.74
9501ee66-825e-4b39-bc3c-8d8a704ef922,Baby Love Mother Care Gift Set – Newborn Baby Essentials Kit (10 Items Combo),DE,483.00,970.83,101.00,78.00,55.00,859.74
9501ee66-825e-4b39-bc3c-8d8a704ef922,Baby Love Mother Care Gift Set – Newborn Baby Essentials Kit (10 Items Combo),FR,483.00,970.83,101.00,78.00,55.00,859.74
9501ee66-825e-4b39-bc3c-8d8a704ef922,Baby Love Mother Care Gift Set – Newborn Baby Essentials Kit (10 Items Combo),GB,483.00,970.83,101.00,78.00,55.00,859.74
9501ee66-825e-4b39-bc3c-8d8a704ef922,Baby Love Mother Care Gift Set – Newborn Baby Essentials Kit (10 Items Combo),IE,483.00,979.77,102.85,79.85,56.85,868.68
9501ee66-825e-4b39-bc3c-8d8a704ef922,Baby Love Mother Care Gift Set – Newborn Baby Essentials Kit (10 Items Combo),KE,483.00,970.83,101.00,78.00,55.00,859.74
9501ee66-825e-4b39-bc3c-8d8a704ef922,Baby Love Mother Care Gift Set – Newborn Baby Essentials Kit (10 Items Combo),MT,483.00,970.83,101.00,78.00,55.00,859.74
9501ee66-825e-4b39-bc3c-8d8a704ef922,Baby Love Mother Care Gift Set – Newborn Baby Essentials Kit (10 Items Combo),US,483.00,970.83,101.00,78.00,55.00,859.74
6ec9aa2b-7dee-4f4b-a4b0-17874f820563,Baby Phone Toy,AL,248.00,486.08,96.00,73.00,50.00,429.04
6ec9aa2b-7dee-4f4b-a4b0-17874f820563,Baby Phone Toy,CH,248.00,486.08,96.00,73.00,50.00,429.04
6ec9aa2b-7dee-4f4b-a4b0-17874f820563,Baby Phone Toy,DE,248.00,486.08,96.00,73.00,50.00,429.04
6ec9aa2b-7dee-4f4b-a4b0-17874f820563,Baby Phone Toy,FR,248.00,486.08,96.00,73.00,50.00,429.04
6ec9aa2b-7dee-4f4b-a4b0-17874f820563,Baby Phone Toy,GB,248.00,486.08,96.00,73.00,50.00,429.04
6ec9aa2b-7dee-4f4b-a4b0-17874f820563,Baby Phone Toy,IE,248.00,498.48,101.00,78.00,55.00,441.44
6ec9aa2b-7dee-4f4b-a4b0-17874f820563,Baby Phone Toy,KE,248.00,486.08,96.00,73.00,50.00,429.04
6ec9aa2b-7dee-4f4b-a4b0-17874f820563,Baby Phone Toy,MT,248.00,486.08,96.00,73.00,50.00,429.04
6ec9aa2b-7dee-4f4b-a4b0-17874f820563,Baby Phone Toy,US,248.00,486.08,96.00,73.00,50.00,429.04
84ede3f4-a9f6-417c-bb52-5bfed099aef3,Bangle,AL,449.00,880.04,96.00,73.00,50.00,776.77
84ede3f4-a9f6-417c-bb52-5bfed099aef3,Bangle,CH,449.00,880.04,96.00,73.00,50.00,776.77
84ede3f4-a9f6-417c-bb52-5bfed099aef3,Bangle,DE,449.00,880.04,96.00,73.00,50.00,776.77
84ede3f4-a9f6-417c-bb52-5bfed099aef3,Bangle,FR,449.00,880.04,96.00,73.00,50.00,776.77
84ede3f4-a9f6-417c-bb52-5bfed099aef3,Bangle,GB,449.00,880.04,96.00,73.00,50.00,776.77
84ede3f4-a9f6-417c-bb52-5bfed099aef3,Bangle,IE,449.00,902.49,101.00,78.00,55.00,799.22
84ede3f4-a9f6-417c-bb52-5bfed099aef3,Bangle,KE,449.00,880.04,96.00,73.00,50.00,776.77
84ede3f4-a9f6-417c-bb52-5bfed099aef3,Bangle,MT,449.00,880.04,96.00,73.00,50.00,776.77
84ede3f4-a9f6-417c-bb52-5bfed099aef3,Bangle,US,449.00,880.04,96.00,73.00,50.00,776.77
534c96dd-e122-424b-bb77-c709e07203ed,Banjara’s Almond Moisturizing Cream Nourishing & Soothing,AL,99.00,194.04,96.00,73.00,50.00,171.27
534c96dd-e122-424b-bb77-c709e07203ed,Banjara’s Almond Moisturizing Cream Nourishing & Soothing,CH,99.00,194.04,96.00,73.00,50.00,171.27
534c96dd-e122-424b-bb77-c709e07203ed,Banjara’s Almond Moisturizing Cream Nourishing & Soothing,DE,99.00,194.04,96.00,73.00,50.00,171.27
534c96dd-e122-424b-bb77-c709e07203ed,Banjara’s Almond Moisturizing Cream Nourishing & Soothing,FR,99.00,194.04,96.00,73.00,50.00,171.27
534c96dd-e122-424b-bb77-c709e07203ed,Banjara’s Almond Moisturizing Cream Nourishing & Soothing,GB,99.00,194.04,96.00,73.00,50.00,171.27
534c96dd-e122-424b-bb77-c709e07203ed,Banjara’s Almond Moisturizing Cream Nourishing & Soothing,IE,99.00,198.99,101.00,78.00,55.00,176.22
534c96dd-e122-424b-bb77-c709e07203ed,Banjara’s Almond Moisturizing Cream Nourishing & Soothing,KE,99.00,194.04,96.00,73.00,50.00,171.27
534c96dd-e122-424b-bb77-c709e07203ed,Banjara’s Almond Moisturizing Cream Nourishing & Soothing,MT,99.00,194.04,96.00,73.00,50.00,171.27
534c96dd-e122-424b-bb77-c709e07203ed,Banjara’s Almond Moisturizing Cream Nourishing & Soothing,US,99.00,194.04,96.00,73.00,50.00,171.27
fb09cc19-d16a-4b04-bcb9-88091ff09e7b,Banjara’s Rose Moisturizing Cream Nourishing & Refreshing,AL,99.00,194.04,96.00,73.00,50.00,171.27
fb09cc19-d16a-4b04-bcb9-88091ff09e7b,Banjara’s Rose Moisturizing Cream Nourishing & Refreshing,CH,99.00,194.04,96.00,73.00,50.00,171.27
fb09cc19-d16a-4b04-bcb9-88091ff09e7b,Banjara’s Rose Moisturizing Cream Nourishing & Refreshing,DE,99.00,194.04,96.00,73.00,50.00,171.27
fb09cc19-d16a-4b04-bcb9-88091ff09e7b,Banjara’s Rose Moisturizing Cream Nourishing & Refreshing,FR,99.00,194.04,96.00,73.00,50.00,171.27
fb09cc19-d16a-4b04-bcb9-88091ff09e7b,Banjara’s Rose Moisturizing Cream Nourishing & Refreshing,GB,99.00,194.04,96.00,73.00,50.00,171.27
fb09cc19-d16a-4b04-bcb9-88091ff09e7b,Banjara’s Rose Moisturizing Cream Nourishing & Refreshing,IE,99.00,198.99,101.00,78.00,55.00,176.22
fb09cc19-d16a-4b04-bcb9-88091ff09e7b,Banjara’s Rose Moisturizing Cream Nourishing & Refreshing,KE,99.00,194.04,96.00,73.00,50.00,171.27
fb09cc19-d16a-4b04-bcb9-88091ff09e7b,Banjara’s Rose Moisturizing Cream Nourishing & Refreshing,MT,99.00,194.04,96.00,73.00,50.00,171.27
fb09cc19-d16a-4b04-bcb9-88091ff09e7b,Banjara’s Rose Moisturizing Cream Nourishing & Refreshing,US,99.00,194.04,96.00,73.00,50.00,171.27
ac40a339-21f7-4355-a9c1-cdd78a287132,Banjaras Soft & Young Premium Rose Water (30 ml),AL,15.00,29.40,96.00,73.00,50.00,25.95
ac40a339-21f7-4355-a9c1-cdd78a287132,Banjaras Soft & Young Premium Rose Water (30 ml),CH,15.00,29.40,96.00,73.00,50.00,25.95
ac40a339-21f7-4355-a9c1-cdd78a287132,Banjaras Soft & Young Premium Rose Water (30 ml),DE,15.00,29.40,96.00,73.00,50.00,25.95
ac40a339-21f7-4355-a9c1-cdd78a287132,Banjaras Soft & Young Premium Rose Water (30 ml),FR,15.00,29.40,96.00,73.00,50.00,25.95
ac40a339-21f7-4355-a9c1-cdd78a287132,Banjaras Soft & Young Premium Rose Water (30 ml),GB,15.00,29.40,96.00,73.00,50.00,25.95
ac40a339-21f7-4355-a9c1-cdd78a287132,Banjaras Soft & Young Premium Rose Water (30 ml),IE,15.00,30.15,101.00,78.00,55.00,26.70
ac40a339-21f7-4355-a9c1-cdd78a287132,Banjaras Soft & Young Premium Rose Water (30 ml),KE,15.00,29.40,96.00,73.00,50.00,25.95
ac40a339-21f7-4355-a9c1-cdd78a287132,Banjaras Soft & Young Premium Rose Water (30 ml),MT,15.00,29.40,96.00,73.00,50.00,25.95
ac40a339-21f7-4355-a9c1-cdd78a287132,Banjaras Soft & Young Premium Rose Water (30 ml),US,15.00,29.40,96.00,73.00,50.00,25.95
b246c751-f652-485d-a8e5-a39b09fa465d,Bare Anatomy Anti-Frizz Leave In Conditioner,AL,529.00,1040.99,96.78,73.78,50.78,919.32
b246c751-f652-485d-a8e5-a39b09fa465d,Bare Anatomy Anti-Frizz Leave In Conditioner,CH,529.00,1040.99,96.78,73.78,50.78,919.32
b246c751-f652-485d-a8e5-a39b09fa465d,Bare Anatomy Anti-Frizz Leave In Conditioner,DE,529.00,1040.99,96.78,73.78,50.78,919.32
b246c751-f652-485d-a8e5-a39b09fa465d,Bare Anatomy Anti-Frizz Leave In Conditioner,FR,529.00,1040.99,96.78,73.78,50.78,919.32
b246c751-f652-485d-a8e5-a39b09fa465d,Bare Anatomy Anti-Frizz Leave In Conditioner,GB,529.00,1040.99,96.78,73.78,50.78,919.32
b246c751-f652-485d-a8e5-a39b09fa465d,Bare Anatomy Anti-Frizz Leave In Conditioner,IE,529.00,1040.99,96.78,73.78,50.78,919.32
b246c751-f652-485d-a8e5-a39b09fa465d,Bare Anatomy Anti-Frizz Leave In Conditioner,KE,529.00,1040.99,96.78,73.78,50.78,919.32
b246c751-f652-485d-a8e5-a39b09fa465d,Bare Anatomy Anti-Frizz Leave In Conditioner,MT,529.00,1040.99,96.78,73.78,50.78,919.32
b246c751-f652-485d-a8e5-a39b09fa465d,Bare Anatomy Anti-Frizz Leave In Conditioner,US,529.00,1040.99,96.78,73.78,50.78,919.32
94a95479-4486-437c-a16b-e3d3cbccfd4a,Bare Anatomy Curl Defining Shampoo,AL,489.00,1050.59,114.84,91.84,68.84,938.12
94a95479-4486-437c-a16b-e3d3cbccfd4a,Bare Anatomy Curl Defining Shampoo,CH,489.00,1050.59,114.84,91.84,68.84,938.12
94a95479-4486-437c-a16b-e3d3cbccfd4a,Bare Anatomy Curl Defining Shampoo,DE,489.00,1050.59,114.84,91.84,68.84,938.12
94a95479-4486-437c-a16b-e3d3cbccfd4a,Bare Anatomy Curl Defining Shampoo,FR,489.00,1050.59,114.84,91.84,68.84,938.12
94a95479-4486-437c-a16b-e3d3cbccfd4a,Bare Anatomy Curl Defining Shampoo,GB,489.00,1050.59,114.84,91.84,68.84,938.12
94a95479-4486-437c-a16b-e3d3cbccfd4a,Bare Anatomy Curl Defining Shampoo,IE,489.00,1050.59,114.84,91.84,68.84,938.12
94a95479-4486-437c-a16b-e3d3cbccfd4a,Bare Anatomy Curl Defining Shampoo,KE,489.00,1050.59,114.84,91.84,68.84,938.12
94a95479-4486-437c-a16b-e3d3cbccfd4a,Bare Anatomy Curl Defining Shampoo,MT,489.00,1050.59,114.84,91.84,68.84,938.12
94a95479-4486-437c-a16b-e3d3cbccfd4a,Bare Anatomy Curl Defining Shampoo,US,489.00,1050.59,114.84,91.84,68.84,938.12
f9882beb-06ef-4a0c-b1c7-008c8419192f,Beauty of Joseon Ginseng Cleansing Oil (210 ml),AL,1386.00,3025.98,118.32,95.32,72.32,2707.20
f9882beb-06ef-4a0c-b1c7-008c8419192f,Beauty of Joseon Ginseng Cleansing Oil (210 ml),CH,1386.00,3025.98,118.32,95.32,72.32,2707.20
f9882beb-06ef-4a0c-b1c7-008c8419192f,Beauty of Joseon Ginseng Cleansing Oil (210 ml),DE,1386.00,3025.98,118.32,95.32,72.32,2707.20
f9882beb-06ef-4a0c-b1c7-008c8419192f,Beauty of Joseon Ginseng Cleansing Oil (210 ml),FR,1386.00,3025.98,118.32,95.32,72.32,2707.20
f9882beb-06ef-4a0c-b1c7-008c8419192f,Beauty of Joseon Ginseng Cleansing Oil (210 ml),GB,1386.00,3025.98,118.32,95.32,72.32,2707.20
f9882beb-06ef-4a0c-b1c7-008c8419192f,Beauty of Joseon Ginseng Cleansing Oil (210 ml),IE,1386.00,3025.98,118.32,95.32,72.32,2707.20
f9882beb-06ef-4a0c-b1c7-008c8419192f,Beauty of Joseon Ginseng Cleansing Oil (210 ml),KE,1386.00,3025.98,118.32,95.32,72.32,2707.20
f9882beb-06ef-4a0c-b1c7-008c8419192f,Beauty of Joseon Ginseng Cleansing Oil (210 ml),MT,1386.00,3025.98,118.32,95.32,72.32,2707.20
f9882beb-06ef-4a0c-b1c7-008c8419192f,Beauty of Joseon Ginseng Cleansing Oil (210 ml),US,1386.00,3025.98,118.32,95.32,72.32,2707.20
34271c3f-fcbc-41de-b005-e5f65d09dad4,Beauty of Joseon Green Plum Refreshing Cleanser (100 ml),AL,839.99,2092.00,149.05,126.05,103.05,1898.80
34271c3f-fcbc-41de-b005-e5f65d09dad4,Beauty of Joseon Green Plum Refreshing Cleanser (100 ml),CH,839.99,2092.00,149.05,126.05,103.05,1898.80
34271c3f-fcbc-41de-b005-e5f65d09dad4,Beauty of Joseon Green Plum Refreshing Cleanser (100 ml),DE,839.99,2092.00,149.05,126.05,103.05,1898.80
34271c3f-fcbc-41de-b005-e5f65d09dad4,Beauty of Joseon Green Plum Refreshing Cleanser (100 ml),FR,839.99,2092.00,149.05,126.05,103.05,1898.80
34271c3f-fcbc-41de-b005-e5f65d09dad4,Beauty of Joseon Green Plum Refreshing Cleanser (100 ml),GB,839.99,2092.00,149.05,126.05,103.05,1898.80
34271c3f-fcbc-41de-b005-e5f65d09dad4,Beauty of Joseon Green Plum Refreshing Cleanser (100 ml),IE,839.99,2092.00,149.05,126.05,103.05,1898.80
34271c3f-fcbc-41de-b005-e5f65d09dad4,Beauty of Joseon Green Plum Refreshing Cleanser (100 ml),KE,839.99,2092.00,149.05,126.05,103.05,1898.80
34271c3f-fcbc-41de-b005-e5f65d09dad4,Beauty of Joseon Green Plum Refreshing Cleanser (100 ml),MT,839.99,2092.00,149.05,126.05,103.05,1898.80
34271c3f-fcbc-41de-b005-e5f65d09dad4,Beauty of Joseon Green Plum Refreshing Cleanser (100 ml),US,839.99,2092.00,149.05,126.05,103.05,1898.80
58ea0be4-6f82-4178-8b53-6bd55ed4aee9,"Beginner paded bra ,Adjustable Straps | Cotton Bra for Teens pack of 3",AL,1200.00,2412.00,101.00,78.00,55.00,2136.00
58ea0be4-6f82-4178-8b53-6bd55ed4aee9,"Beginner paded bra ,Adjustable Straps | Cotton Bra for Teens pack of 3",CH,1200.00,2412.00,101.00,78.00,55.00,2136.00
58ea0be4-6f82-4178-8b53-6bd55ed4aee9,"Beginner paded bra ,Adjustable Straps | Cotton Bra for Teens pack of 3",DE,1200.00,2412.00,101.00,78.00,55.00,2136.00
58ea0be4-6f82-4178-8b53-6bd55ed4aee9,"Beginner paded bra ,Adjustable Straps | Cotton Bra for Teens pack of 3",FR,1200.00,2412.00,101.00,78.00,55.00,2136.00
58ea0be4-6f82-4178-8b53-6bd55ed4aee9,"Beginner paded bra ,Adjustable Straps | Cotton Bra for Teens pack of 3",GB,1200.00,2412.00,101.00,78.00,55.00,2136.00
58ea0be4-6f82-4178-8b53-6bd55ed4aee9,"Beginner paded bra ,Adjustable Straps | Cotton Bra for Teens pack of 3",IE,1200.00,2412.00,101.00,78.00,55.00,2136.00
58ea0be4-6f82-4178-8b53-6bd55ed4aee9,"Beginner paded bra ,Adjustable Straps | Cotton Bra for Teens pack of 3",KE,1200.00,2412.00,101.00,78.00,55.00,2136.00
58ea0be4-6f82-4178-8b53-6bd55ed4aee9,"Beginner paded bra ,Adjustable Straps | Cotton Bra for Teens pack of 3",MT,1200.00,2412.00,101.00,78.00,55.00,2136.00
58ea0be4-6f82-4178-8b53-6bd55ed4aee9,"Beginner paded bra ,Adjustable Straps | Cotton Bra for Teens pack of 3",US,1200.00,2412.00,101.00,78.00,55.00,2136.00
cd9f2df4-5950-4623-b65b-b6601a0dcf83,Beidile Baby Comb (0m+),AL,58.50,114.66,96.00,73.00,50.00,101.21
cd9f2df4-5950-4623-b65b-b6601a0dcf83,Beidile Baby Comb (0m+),CH,58.50,114.66,96.00,73.00,50.00,101.21
cd9f2df4-5950-4623-b65b-b6601a0dcf83,Beidile Baby Comb (0m+),DE,58.50,114.66,96.00,73.00,50.00,101.21
cd9f2df4-5950-4623-b65b-b6601a0dcf83,Beidile Baby Comb (0m+),FR,58.50,114.66,96.00,73.00,50.00,101.21
cd9f2df4-5950-4623-b65b-b6601a0dcf83,Beidile Baby Comb (0m+),GB,58.50,114.66,96.00,73.00,50.00,101.21
cd9f2df4-5950-4623-b65b-b6601a0dcf83,Beidile Baby Comb (0m+),IE,58.50,117.60,101.03,78.03,55.03,104.14
cd9f2df4-5950-4623-b65b-b6601a0dcf83,Beidile Baby Comb (0m+),KE,58.50,114.66,96.00,73.00,50.00,101.21
cd9f2df4-5950-4623-b65b-b6601a0dcf83,Beidile Baby Comb (0m+),MT,58.50,114.66,96.00,73.00,50.00,101.21
cd9f2df4-5950-4623-b65b-b6601a0dcf83,Beidile Baby Comb (0m+),US,58.50,114.66,96.00,73.00,50.00,101.21
bd6e4c90-4859-47f9-a9f2-2fb9c1c9a835,Bella Vita Date Woman Eau De Parfum 100ml – Long Lasting Floral Fruity Perfume for Women,IE,597.00,1140.27,91.00,68.00,45.00,1002.96
1a099970-d3a0-4996-9a83-ef5e2d9d4130,Bella Vita Honey Oud Eau De Parfum 100ml | Long Lasting Perfume for Men & Women | Sweet Oud Fragrance | Premium Luxury Scent,IE,598.00,1142.18,91.00,68.00,45.00,1004.64
fffb9975-82c7-4199-afc8-670ea735bb6f,Bella Vita Impact Man Eau De Cologne 100ml – Fresh & Long Lasting Perfume for Men,IE,597.00,1140.27,91.00,68.00,45.00,1002.96
18ec73ae-d61e-4c21-8df8-ba18b9498199,Bella Vita Luxury CEO Man Eau De Parfum 100ml – Long Lasting Premium Perfume for Men,IE,597.00,1140.27,91.00,68.00,45.00,1002.96
aec6660f-70f6-4e17-9304-70d64d536dd1,Bella Vita Luxury Fresh Unisex Eau De Toilette 100ml – Refreshing Citrus Aqua Perfume for Men & Women,IE,599.00,1144.09,91.00,68.00,45.00,1006.32
d17f7d86-5cf2-4cb6-8b64-ac57964d8e5d,"Bella Vita Luxury Unisex Perfume Gift Set (4 x 20ml) | Long Lasting Eau De Parfum | Skai, Fresh, White Oud & Honey Oud | Premium Fragrance for Men & Women",AL,623.00,1283.38,106.00,83.00,60.00,1140.09
d17f7d86-5cf2-4cb6-8b64-ac57964d8e5d,"Bella Vita Luxury Unisex Perfume Gift Set (4 x 20ml) | Long Lasting Eau De Parfum | Skai, Fresh, White Oud & Honey Oud | Premium Fragrance for Men & Women",CH,623.00,1283.38,106.00,83.00,60.00,1140.09
d17f7d86-5cf2-4cb6-8b64-ac57964d8e5d,"Bella Vita Luxury Unisex Perfume Gift Set (4 x 20ml) | Long Lasting Eau De Parfum | Skai, Fresh, White Oud & Honey Oud | Premium Fragrance for Men & Women",DE,623.00,1283.38,106.00,83.00,60.00,1140.09
d17f7d86-5cf2-4cb6-8b64-ac57964d8e5d,"Bella Vita Luxury Unisex Perfume Gift Set (4 x 20ml) | Long Lasting Eau De Parfum | Skai, Fresh, White Oud & Honey Oud | Premium Fragrance for Men & Women",FR,623.00,1283.38,106.00,83.00,60.00,1140.09
d17f7d86-5cf2-4cb6-8b64-ac57964d8e5d,"Bella Vita Luxury Unisex Perfume Gift Set (4 x 20ml) | Long Lasting Eau De Parfum | Skai, Fresh, White Oud & Honey Oud | Premium Fragrance for Men & Women",GB,623.00,1283.38,106.00,83.00,60.00,1140.09
d17f7d86-5cf2-4cb6-8b64-ac57964d8e5d,"Bella Vita Luxury Unisex Perfume Gift Set (4 x 20ml) | Long Lasting Eau De Parfum | Skai, Fresh, White Oud & Honey Oud | Premium Fragrance for Men & Women",IE,623.00,1314.53,111.00,88.00,65.00,1171.24
d17f7d86-5cf2-4cb6-8b64-ac57964d8e5d,"Bella Vita Luxury Unisex Perfume Gift Set (4 x 20ml) | Long Lasting Eau De Parfum | Skai, Fresh, White Oud & Honey Oud | Premium Fragrance for Men & Women",KE,623.00,1283.38,106.00,83.00,60.00,1140.09
d17f7d86-5cf2-4cb6-8b64-ac57964d8e5d,"Bella Vita Luxury Unisex Perfume Gift Set (4 x 20ml) | Long Lasting Eau De Parfum | Skai, Fresh, White Oud & Honey Oud | Premium Fragrance for Men & Women",MT,623.00,1283.38,106.00,83.00,60.00,1140.09
d17f7d86-5cf2-4cb6-8b64-ac57964d8e5d,"Bella Vita Luxury Unisex Perfume Gift Set (4 x 20ml) | Long Lasting Eau De Parfum | Skai, Fresh, White Oud & Honey Oud | Premium Fragrance for Men & Women",US,623.00,1283.38,106.00,83.00,60.00,1140.09
3ebeddca-ba37-4da2-9c3e-b248b5e68c6d,BLOCKS PARADISE,AL,380.00,763.80,101.00,78.00,55.00,676.40
3ebeddca-ba37-4da2-9c3e-b248b5e68c6d,BLOCKS PARADISE,CH,380.00,763.80,101.00,78.00,55.00,676.40
3ebeddca-ba37-4da2-9c3e-b248b5e68c6d,BLOCKS PARADISE,DE,380.00,763.80,101.00,78.00,55.00,676.40
3ebeddca-ba37-4da2-9c3e-b248b5e68c6d,BLOCKS PARADISE,FR,380.00,763.80,101.00,78.00,55.00,676.40
3ebeddca-ba37-4da2-9c3e-b248b5e68c6d,BLOCKS PARADISE,GB,380.00,763.80,101.00,78.00,55.00,676.40
3ebeddca-ba37-4da2-9c3e-b248b5e68c6d,BLOCKS PARADISE,IE,380.00,770.84,102.85,79.85,56.85,683.44
3ebeddca-ba37-4da2-9c3e-b248b5e68c6d,BLOCKS PARADISE,KE,380.00,763.80,101.00,78.00,55.00,676.40
3ebeddca-ba37-4da2-9c3e-b248b5e68c6d,BLOCKS PARADISE,MT,380.00,763.80,101.00,78.00,55.00,676.40
3ebeddca-ba37-4da2-9c3e-b248b5e68c6d,BLOCKS PARADISE,US,380.00,763.80,101.00,78.00,55.00,676.40
acebd03d-d568-492d-8cde-4d37a7ccaccc,BLOCKS PLAY & LEARN,AL,250.00,502.50,101.00,78.00,55.00,445.00
acebd03d-d568-492d-8cde-4d37a7ccaccc,BLOCKS PLAY & LEARN,CH,250.00,502.50,101.00,78.00,55.00,445.00
acebd03d-d568-492d-8cde-4d37a7ccaccc,BLOCKS PLAY & LEARN,DE,250.00,502.50,101.00,78.00,55.00,445.00
acebd03d-d568-492d-8cde-4d37a7ccaccc,BLOCKS PLAY & LEARN,FR,250.00,502.50,101.00,78.00,55.00,445.00
acebd03d-d568-492d-8cde-4d37a7ccaccc,BLOCKS PLAY & LEARN,GB,250.00,502.50,101.00,78.00,55.00,445.00
acebd03d-d568-492d-8cde-4d37a7ccaccc,BLOCKS PLAY & LEARN,IE,250.00,507.13,102.85,79.85,56.85,449.63
acebd03d-d568-492d-8cde-4d37a7ccaccc,BLOCKS PLAY & LEARN,KE,250.00,502.50,101.00,78.00,55.00,445.00
acebd03d-d568-492d-8cde-4d37a7ccaccc,BLOCKS PLAY & LEARN,MT,250.00,502.50,101.00,78.00,55.00,445.00
acebd03d-d568-492d-8cde-4d37a7ccaccc,BLOCKS PLAY & LEARN,US,250.00,502.50,101.00,78.00,55.00,445.00
6c573eef-d25d-4f62-b148-1636e8940165,Blue For Men Pour Homme Deodorant Body Spray 200ml,AL,346.00,678.16,96.00,73.00,50.00,598.58
6c573eef-d25d-4f62-b148-1636e8940165,Blue For Men Pour Homme Deodorant Body Spray 200ml,CH,346.00,678.16,96.00,73.00,50.00,598.58
6c573eef-d25d-4f62-b148-1636e8940165,Blue For Men Pour Homme Deodorant Body Spray 200ml,DE,346.00,678.16,96.00,73.00,50.00,598.58
6c573eef-d25d-4f62-b148-1636e8940165,Blue For Men Pour Homme Deodorant Body Spray 200ml,FR,346.00,678.16,96.00,73.00,50.00,598.58
6c573eef-d25d-4f62-b148-1636e8940165,Blue For Men Pour Homme Deodorant Body Spray 200ml,GB,346.00,678.16,96.00,73.00,50.00,598.58
6c573eef-d25d-4f62-b148-1636e8940165,Blue For Men Pour Homme Deodorant Body Spray 200ml,IE,346.00,695.46,101.00,78.00,55.00,615.88
6c573eef-d25d-4f62-b148-1636e8940165,Blue For Men Pour Homme Deodorant Body Spray 200ml,KE,346.00,678.16,96.00,73.00,50.00,598.58
6c573eef-d25d-4f62-b148-1636e8940165,Blue For Men Pour Homme Deodorant Body Spray 200ml,MT,346.00,678.16,96.00,73.00,50.00,598.58
6c573eef-d25d-4f62-b148-1636e8940165,Blue For Men Pour Homme Deodorant Body Spray 200ml,US,346.00,678.16,96.00,73.00,50.00,598.58
d68408a9-08de-4e09-92f5-cbb5b0252672,"BORO PLUS Ayurvedic Antiseptic Cream – 24H Moisturization, No Parabens, Multi-Purpose Skin Care for Face, Hands & Body – Repairs Dry & Cracked Skin – Standard Pack",AL,45.00,88.20,96.00,73.00,50.00,77.85
d68408a9-08de-4e09-92f5-cbb5b0252672,"BORO PLUS Ayurvedic Antiseptic Cream – 24H Moisturization, No Parabens, Multi-Purpose Skin Care for Face, Hands & Body – Repairs Dry & Cracked Skin – Standard Pack",CH,45.00,88.20,96.00,73.00,50.00,77.85
d68408a9-08de-4e09-92f5-cbb5b0252672,"BORO PLUS Ayurvedic Antiseptic Cream – 24H Moisturization, No Parabens, Multi-Purpose Skin Care for Face, Hands & Body – Repairs Dry & Cracked Skin – Standard Pack",DE,45.00,88.20,96.00,73.00,50.00,77.85
d68408a9-08de-4e09-92f5-cbb5b0252672,"BORO PLUS Ayurvedic Antiseptic Cream – 24H Moisturization, No Parabens, Multi-Purpose Skin Care for Face, Hands & Body – Repairs Dry & Cracked Skin – Standard Pack",FR,45.00,88.20,96.00,73.00,50.00,77.85
d68408a9-08de-4e09-92f5-cbb5b0252672,"BORO PLUS Ayurvedic Antiseptic Cream – 24H Moisturization, No Parabens, Multi-Purpose Skin Care for Face, Hands & Body – Repairs Dry & Cracked Skin – Standard Pack",GB,45.00,88.20,96.00,73.00,50.00,77.85
d68408a9-08de-4e09-92f5-cbb5b0252672,"BORO PLUS Ayurvedic Antiseptic Cream – 24H Moisturization, No Parabens, Multi-Purpose Skin Care for Face, Hands & Body – Repairs Dry & Cracked Skin – Standard Pack",IE,45.00,90.45,101.00,78.00,55.00,80.10
d68408a9-08de-4e09-92f5-cbb5b0252672,"BORO PLUS Ayurvedic Antiseptic Cream – 24H Moisturization, No Parabens, Multi-Purpose Skin Care for Face, Hands & Body – Repairs Dry & Cracked Skin – Standard Pack",KE,45.00,88.20,96.00,73.00,50.00,77.85
d68408a9-08de-4e09-92f5-cbb5b0252672,"BORO PLUS Ayurvedic Antiseptic Cream – 24H Moisturization, No Parabens, Multi-Purpose Skin Care for Face, Hands & Body – Repairs Dry & Cracked Skin – Standard Pack",MT,45.00,88.20,96.00,73.00,50.00,77.85
d68408a9-08de-4e09-92f5-cbb5b0252672,"BORO PLUS Ayurvedic Antiseptic Cream – 24H Moisturization, No Parabens, Multi-Purpose Skin Care for Face, Hands & Body – Repairs Dry & Cracked Skin – Standard Pack",US,45.00,88.20,96.00,73.00,50.00,77.85
e57426c0-a7d4-4394-8f72-ca1d45f7b836,"BOROLINE Antiseptic Ayurvedic Cream – Multi-Purpose Skin Care, Healing & Moisturizing Cream for Cuts, Cracked Skin & Dryness – Standard Pack",AL,45.00,88.20,96.00,73.00,50.00,77.85
e57426c0-a7d4-4394-8f72-ca1d45f7b836,"BOROLINE Antiseptic Ayurvedic Cream – Multi-Purpose Skin Care, Healing & Moisturizing Cream for Cuts, Cracked Skin & Dryness – Standard Pack",CH,45.00,88.20,96.00,73.00,50.00,77.85
e57426c0-a7d4-4394-8f72-ca1d45f7b836,"BOROLINE Antiseptic Ayurvedic Cream – Multi-Purpose Skin Care, Healing & Moisturizing Cream for Cuts, Cracked Skin & Dryness – Standard Pack",DE,45.00,88.20,96.00,73.00,50.00,77.85
e57426c0-a7d4-4394-8f72-ca1d45f7b836,"BOROLINE Antiseptic Ayurvedic Cream – Multi-Purpose Skin Care, Healing & Moisturizing Cream for Cuts, Cracked Skin & Dryness – Standard Pack",FR,45.00,88.20,96.00,73.00,50.00,77.85
e57426c0-a7d4-4394-8f72-ca1d45f7b836,"BOROLINE Antiseptic Ayurvedic Cream – Multi-Purpose Skin Care, Healing & Moisturizing Cream for Cuts, Cracked Skin & Dryness – Standard Pack",GB,45.00,88.20,96.00,73.00,50.00,77.85
e57426c0-a7d4-4394-8f72-ca1d45f7b836,"BOROLINE Antiseptic Ayurvedic Cream – Multi-Purpose Skin Care, Healing & Moisturizing Cream for Cuts, Cracked Skin & Dryness – Standard Pack",IE,45.00,90.45,101.00,78.00,55.00,80.10
e57426c0-a7d4-4394-8f72-ca1d45f7b836,"BOROLINE Antiseptic Ayurvedic Cream – Multi-Purpose Skin Care, Healing & Moisturizing Cream for Cuts, Cracked Skin & Dryness – Standard Pack",KE,45.00,88.20,96.00,73.00,50.00,77.85
e57426c0-a7d4-4394-8f72-ca1d45f7b836,"BOROLINE Antiseptic Ayurvedic Cream – Multi-Purpose Skin Care, Healing & Moisturizing Cream for Cuts, Cracked Skin & Dryness – Standard Pack",MT,45.00,88.20,96.00,73.00,50.00,77.85
e57426c0-a7d4-4394-8f72-ca1d45f7b836,"BOROLINE Antiseptic Ayurvedic Cream – Multi-Purpose Skin Care, Healing & Moisturizing Cream for Cuts, Cracked Skin & Dryness – Standard Pack",US,45.00,88.20,96.00,73.00,50.00,77.85
f154d645-7ba6-4ee2-8d39-11f37ef91d19,Brasso Metal Polish (100 ml),AL,108.00,211.68,96.00,73.00,50.00,186.84
f154d645-7ba6-4ee2-8d39-11f37ef91d19,Brasso Metal Polish (100 ml),CH,108.00,211.68,96.00,73.00,50.00,186.84
f154d645-7ba6-4ee2-8d39-11f37ef91d19,Brasso Metal Polish (100 ml),DE,108.00,211.68,96.00,73.00,50.00,186.84
f154d645-7ba6-4ee2-8d39-11f37ef91d19,Brasso Metal Polish (100 ml),FR,108.00,211.68,96.00,73.00,50.00,186.84
f154d645-7ba6-4ee2-8d39-11f37ef91d19,Brasso Metal Polish (100 ml),GB,108.00,211.68,96.00,73.00,50.00,186.84
f154d645-7ba6-4ee2-8d39-11f37ef91d19,Brasso Metal Polish (100 ml),IE,108.00,217.08,101.00,78.00,55.00,192.24
f154d645-7ba6-4ee2-8d39-11f37ef91d19,Brasso Metal Polish (100 ml),KE,108.00,211.68,96.00,73.00,50.00,186.84
f154d645-7ba6-4ee2-8d39-11f37ef91d19,Brasso Metal Polish (100 ml),MT,108.00,211.68,96.00,73.00,50.00,186.84
f154d645-7ba6-4ee2-8d39-11f37ef91d19,Brasso Metal Polish (100 ml),US,108.00,211.68,96.00,73.00,50.00,186.84
ebd6ece3-beea-4db0-b142-fc68317f14bd,Brut Classic Eau De Toilette for Men | Long-Lasting Fresh Fragrance | Premium Masculine Scent | Daily Wear Perfume,IE,947.00,1808.77,91.00,68.00,45.00,1590.96
ba1e9c52-2343-4b42-9d9f-20e041e3d0b6,Bump & Go Police SUV Toy Car with Lights & Sound,AL,323.00,633.08,96.00,73.00,50.00,558.79
ba1e9c52-2343-4b42-9d9f-20e041e3d0b6,Bump & Go Police SUV Toy Car with Lights & Sound,CH,323.00,633.08,96.00,73.00,50.00,558.79
ba1e9c52-2343-4b42-9d9f-20e041e3d0b6,Bump & Go Police SUV Toy Car with Lights & Sound,DE,323.00,633.08,96.00,73.00,50.00,558.79
ba1e9c52-2343-4b42-9d9f-20e041e3d0b6,Bump & Go Police SUV Toy Car with Lights & Sound,FR,323.00,633.08,96.00,73.00,50.00,558.79
ba1e9c52-2343-4b42-9d9f-20e041e3d0b6,Bump & Go Police SUV Toy Car with Lights & Sound,GB,323.00,633.08,96.00,73.00,50.00,558.79
ba1e9c52-2343-4b42-9d9f-20e041e3d0b6,Bump & Go Police SUV Toy Car with Lights & Sound,IE,323.00,649.23,101.00,78.00,55.00,574.94
ba1e9c52-2343-4b42-9d9f-20e041e3d0b6,Bump & Go Police SUV Toy Car with Lights & Sound,KE,323.00,633.08,96.00,73.00,50.00,558.79
ba1e9c52-2343-4b42-9d9f-20e041e3d0b6,Bump & Go Police SUV Toy Car with Lights & Sound,MT,323.00,633.08,96.00,73.00,50.00,558.79
ba1e9c52-2343-4b42-9d9f-20e041e3d0b6,Bump & Go Police SUV Toy Car with Lights & Sound,US,323.00,633.08,96.00,73.00,50.00,558.79
44d622ba-b4f5-4d97-b2d0-b338373215a4,CAFULA NO 438 MAKEUP BRUSH,AL,120.00,235.20,96.00,73.00,50.00,207.60
44d622ba-b4f5-4d97-b2d0-b338373215a4,CAFULA NO 438 MAKEUP BRUSH,CH,120.00,235.20,96.00,73.00,50.00,207.60
44d622ba-b4f5-4d97-b2d0-b338373215a4,CAFULA NO 438 MAKEUP BRUSH,DE,120.00,235.20,96.00,73.00,50.00,207.60
44d622ba-b4f5-4d97-b2d0-b338373215a4,CAFULA NO 438 MAKEUP BRUSH,FR,120.00,235.20,96.00,73.00,50.00,207.60
44d622ba-b4f5-4d97-b2d0-b338373215a4,CAFULA NO 438 MAKEUP BRUSH,GB,120.00,235.20,96.00,73.00,50.00,207.60
44d622ba-b4f5-4d97-b2d0-b338373215a4,CAFULA NO 438 MAKEUP BRUSH,IE,120.00,241.20,101.00,78.00,55.00,213.60
44d622ba-b4f5-4d97-b2d0-b338373215a4,CAFULA NO 438 MAKEUP BRUSH,KE,120.00,235.20,96.00,73.00,50.00,207.60
44d622ba-b4f5-4d97-b2d0-b338373215a4,CAFULA NO 438 MAKEUP BRUSH,MT,120.00,235.20,96.00,73.00,50.00,207.60
44d622ba-b4f5-4d97-b2d0-b338373215a4,CAFULA NO 438 MAKEUP BRUSH,US,120.00,235.20,96.00,73.00,50.00,207.60
42da3594-d5d2-4bdb-b02c-1a9d3ff4f9d1,Camel Artist Water Colour Tubes – 12 Assorted Shades x 5ml,AL,218.00,427.28,96.00,73.00,50.00,377.14
42da3594-d5d2-4bdb-b02c-1a9d3ff4f9d1,Camel Artist Water Colour Tubes – 12 Assorted Shades x 5ml,CH,218.00,427.28,96.00,73.00,50.00,377.14
42da3594-d5d2-4bdb-b02c-1a9d3ff4f9d1,Camel Artist Water Colour Tubes – 12 Assorted Shades x 5ml,DE,218.00,427.28,96.00,73.00,50.00,377.14
42da3594-d5d2-4bdb-b02c-1a9d3ff4f9d1,Camel Artist Water Colour Tubes – 12 Assorted Shades x 5ml,FR,218.00,427.28,96.00,73.00,50.00,377.14
42da3594-d5d2-4bdb-b02c-1a9d3ff4f9d1,Camel Artist Water Colour Tubes – 12 Assorted Shades x 5ml,GB,218.00,427.28,96.00,73.00,50.00,377.14
42da3594-d5d2-4bdb-b02c-1a9d3ff4f9d1,Camel Artist Water Colour Tubes – 12 Assorted Shades x 5ml,IE,218.00,438.18,101.00,78.00,55.00,388.04
42da3594-d5d2-4bdb-b02c-1a9d3ff4f9d1,Camel Artist Water Colour Tubes – 12 Assorted Shades x 5ml,KE,218.00,427.28,96.00,73.00,50.00,377.14
42da3594-d5d2-4bdb-b02c-1a9d3ff4f9d1,Camel Artist Water Colour Tubes – 12 Assorted Shades x 5ml,MT,218.00,427.28,96.00,73.00,50.00,377.14
42da3594-d5d2-4bdb-b02c-1a9d3ff4f9d1,Camel Artist Water Colour Tubes – 12 Assorted Shades x 5ml,US,218.00,427.28,96.00,73.00,50.00,377.14
4ab6bab1-bd82-448f-a32c-44ba7b5a3081,CAMEL BRUSH PENS,AL,112.00,219.52,96.00,73.00,50.00,193.76
4ab6bab1-bd82-448f-a32c-44ba7b5a3081,CAMEL BRUSH PENS,CH,112.00,219.52,96.00,73.00,50.00,193.76
4ab6bab1-bd82-448f-a32c-44ba7b5a3081,CAMEL BRUSH PENS,DE,112.00,219.52,96.00,73.00,50.00,193.76
4ab6bab1-bd82-448f-a32c-44ba7b5a3081,CAMEL BRUSH PENS,FR,112.00,219.52,96.00,73.00,50.00,193.76
4ab6bab1-bd82-448f-a32c-44ba7b5a3081,CAMEL BRUSH PENS,GB,112.00,219.52,96.00,73.00,50.00,193.76
4ab6bab1-bd82-448f-a32c-44ba7b5a3081,CAMEL BRUSH PENS,IE,112.00,225.12,101.00,78.00,55.00,199.36
4ab6bab1-bd82-448f-a32c-44ba7b5a3081,CAMEL BRUSH PENS,KE,112.00,219.52,96.00,73.00,50.00,193.76
4ab6bab1-bd82-448f-a32c-44ba7b5a3081,CAMEL BRUSH PENS,MT,112.00,219.52,96.00,73.00,50.00,193.76
4ab6bab1-bd82-448f-a32c-44ba7b5a3081,CAMEL BRUSH PENS,US,112.00,219.52,96.00,73.00,50.00,193.76
5ed5a4b2-94f1-41b4-9c59-27c1fbdef876,"Camel Wax Crayons 24 Shades Pack, Smooth & Bright Coloring Crayons for Kids, School Drawing, Art & Craft, Non-Toxic Coloring Set",AL,25.00,49.00,96.00,73.00,50.00,43.25
5ed5a4b2-94f1-41b4-9c59-27c1fbdef876,"Camel Wax Crayons 24 Shades Pack, Smooth & Bright Coloring Crayons for Kids, School Drawing, Art & Craft, Non-Toxic Coloring Set",CH,25.00,49.00,96.00,73.00,50.00,43.25
5ed5a4b2-94f1-41b4-9c59-27c1fbdef876,"Camel Wax Crayons 24 Shades Pack, Smooth & Bright Coloring Crayons for Kids, School Drawing, Art & Craft, Non-Toxic Coloring Set",DE,25.00,49.00,96.00,73.00,50.00,43.25
5ed5a4b2-94f1-41b4-9c59-27c1fbdef876,"Camel Wax Crayons 24 Shades Pack, Smooth & Bright Coloring Crayons for Kids, School Drawing, Art & Craft, Non-Toxic Coloring Set",FR,25.00,49.00,96.00,73.00,50.00,43.25
5ed5a4b2-94f1-41b4-9c59-27c1fbdef876,"Camel Wax Crayons 24 Shades Pack, Smooth & Bright Coloring Crayons for Kids, School Drawing, Art & Craft, Non-Toxic Coloring Set",GB,25.00,49.00,96.00,73.00,50.00,43.25
5ed5a4b2-94f1-41b4-9c59-27c1fbdef876,"Camel Wax Crayons 24 Shades Pack, Smooth & Bright Coloring Crayons for Kids, School Drawing, Art & Craft, Non-Toxic Coloring Set",IE,25.00,50.25,101.00,78.00,55.00,44.50
5ed5a4b2-94f1-41b4-9c59-27c1fbdef876,"Camel Wax Crayons 24 Shades Pack, Smooth & Bright Coloring Crayons for Kids, School Drawing, Art & Craft, Non-Toxic Coloring Set",KE,25.00,49.00,96.00,73.00,50.00,43.25
5ed5a4b2-94f1-41b4-9c59-27c1fbdef876,"Camel Wax Crayons 24 Shades Pack, Smooth & Bright Coloring Crayons for Kids, School Drawing, Art & Craft, Non-Toxic Coloring Set",MT,25.00,49.00,96.00,73.00,50.00,43.25
5ed5a4b2-94f1-41b4-9c59-27c1fbdef876,"Camel Wax Crayons 24 Shades Pack, Smooth & Bright Coloring Crayons for Kids, School Drawing, Art & Craft, Non-Toxic Coloring Set",US,25.00,49.00,96.00,73.00,50.00,43.25
9dc50a20-3b5d-4700-bb84-951165df5fcf,"Camlin Fine Tip Permanent Marker — 10 Units | Waterproof, Quick-Dry Ink for Precise Marking on Paper, Cardboard, Plastic & Metal",AL,100.00,196.00,96.00,73.00,50.00,173.00
9dc50a20-3b5d-4700-bb84-951165df5fcf,"Camlin Fine Tip Permanent Marker — 10 Units | Waterproof, Quick-Dry Ink for Precise Marking on Paper, Cardboard, Plastic & Metal",CH,100.00,196.00,96.00,73.00,50.00,173.00
9dc50a20-3b5d-4700-bb84-951165df5fcf,"Camlin Fine Tip Permanent Marker — 10 Units | Waterproof, Quick-Dry Ink for Precise Marking on Paper, Cardboard, Plastic & Metal",DE,100.00,196.00,96.00,73.00,50.00,173.00
9dc50a20-3b5d-4700-bb84-951165df5fcf,"Camlin Fine Tip Permanent Marker — 10 Units | Waterproof, Quick-Dry Ink for Precise Marking on Paper, Cardboard, Plastic & Metal",FR,100.00,196.00,96.00,73.00,50.00,173.00
9dc50a20-3b5d-4700-bb84-951165df5fcf,"Camlin Fine Tip Permanent Marker — 10 Units | Waterproof, Quick-Dry Ink for Precise Marking on Paper, Cardboard, Plastic & Metal",GB,100.00,196.00,96.00,73.00,50.00,173.00
9dc50a20-3b5d-4700-bb84-951165df5fcf,"Camlin Fine Tip Permanent Marker — 10 Units | Waterproof, Quick-Dry Ink for Precise Marking on Paper, Cardboard, Plastic & Metal",IE,100.00,201.00,101.00,78.00,55.00,178.00
9dc50a20-3b5d-4700-bb84-951165df5fcf,"Camlin Fine Tip Permanent Marker — 10 Units | Waterproof, Quick-Dry Ink for Precise Marking on Paper, Cardboard, Plastic & Metal",KE,100.00,196.00,96.00,73.00,50.00,173.00
9dc50a20-3b5d-4700-bb84-951165df5fcf,"Camlin Fine Tip Permanent Marker — 10 Units | Waterproof, Quick-Dry Ink for Precise Marking on Paper, Cardboard, Plastic & Metal",MT,100.00,196.00,96.00,73.00,50.00,173.00
9dc50a20-3b5d-4700-bb84-951165df5fcf,"Camlin Fine Tip Permanent Marker — 10 Units | Waterproof, Quick-Dry Ink for Precise Marking on Paper, Cardboard, Plastic & Metal",US,100.00,196.00,96.00,73.00,50.00,173.00
6a2524b1-009a-4545-ad41-9f81d33c46f2,"Camlin Whiteboard Marker — Bold Writing, Refillable, 10 Units | Dry-Erase Marker Set for Office, Classroom & Presentation Boards",AL,250.00,490.00,96.00,73.00,50.00,432.50
6a2524b1-009a-4545-ad41-9f81d33c46f2,"Camlin Whiteboard Marker — Bold Writing, Refillable, 10 Units | Dry-Erase Marker Set for Office, Classroom & Presentation Boards",CH,250.00,490.00,96.00,73.00,50.00,432.50
6a2524b1-009a-4545-ad41-9f81d33c46f2,"Camlin Whiteboard Marker — Bold Writing, Refillable, 10 Units | Dry-Erase Marker Set for Office, Classroom & Presentation Boards",DE,250.00,490.00,96.00,73.00,50.00,432.50
6a2524b1-009a-4545-ad41-9f81d33c46f2,"Camlin Whiteboard Marker — Bold Writing, Refillable, 10 Units | Dry-Erase Marker Set for Office, Classroom & Presentation Boards",FR,250.00,490.00,96.00,73.00,50.00,432.50
6a2524b1-009a-4545-ad41-9f81d33c46f2,"Camlin Whiteboard Marker — Bold Writing, Refillable, 10 Units | Dry-Erase Marker Set for Office, Classroom & Presentation Boards",GB,250.00,490.00,96.00,73.00,50.00,432.50
6a2524b1-009a-4545-ad41-9f81d33c46f2,"Camlin Whiteboard Marker — Bold Writing, Refillable, 10 Units | Dry-Erase Marker Set for Office, Classroom & Presentation Boards",IE,250.00,502.50,101.00,78.00,55.00,445.00
6a2524b1-009a-4545-ad41-9f81d33c46f2,"Camlin Whiteboard Marker — Bold Writing, Refillable, 10 Units | Dry-Erase Marker Set for Office, Classroom & Presentation Boards",KE,250.00,490.00,96.00,73.00,50.00,432.50
6a2524b1-009a-4545-ad41-9f81d33c46f2,"Camlin Whiteboard Marker — Bold Writing, Refillable, 10 Units | Dry-Erase Marker Set for Office, Classroom & Presentation Boards",MT,250.00,490.00,96.00,73.00,50.00,432.50
6a2524b1-009a-4545-ad41-9f81d33c46f2,"Camlin Whiteboard Marker — Bold Writing, Refillable, 10 Units | Dry-Erase Marker Set for Office, Classroom & Presentation Boards",US,250.00,490.00,96.00,73.00,50.00,432.50
7a4877d3-a526-41d6-96d9-96fdc00b8daa,"Casio MJ-12D-BK Check & Correct Desktop Calculator — 12-Digit Display, 150 Steps Check, Indian Digit Separator | Ideal for Accountants, Students & Office Use",AL,490.00,960.40,96.00,73.00,50.00,847.70
7a4877d3-a526-41d6-96d9-96fdc00b8daa,"Casio MJ-12D-BK Check & Correct Desktop Calculator — 12-Digit Display, 150 Steps Check, Indian Digit Separator | Ideal for Accountants, Students & Office Use",CH,490.00,960.40,96.00,73.00,50.00,847.70
7a4877d3-a526-41d6-96d9-96fdc00b8daa,"Casio MJ-12D-BK Check & Correct Desktop Calculator — 12-Digit Display, 150 Steps Check, Indian Digit Separator | Ideal for Accountants, Students & Office Use",DE,490.00,960.40,96.00,73.00,50.00,847.70
7a4877d3-a526-41d6-96d9-96fdc00b8daa,"Casio MJ-12D-BK Check & Correct Desktop Calculator — 12-Digit Display, 150 Steps Check, Indian Digit Separator | Ideal for Accountants, Students & Office Use",FR,490.00,960.40,96.00,73.00,50.00,847.70
7a4877d3-a526-41d6-96d9-96fdc00b8daa,"Casio MJ-12D-BK Check & Correct Desktop Calculator — 12-Digit Display, 150 Steps Check, Indian Digit Separator | Ideal for Accountants, Students & Office Use",GB,490.00,960.40,96.00,73.00,50.00,847.70
7a4877d3-a526-41d6-96d9-96fdc00b8daa,"Casio MJ-12D-BK Check & Correct Desktop Calculator — 12-Digit Display, 150 Steps Check, Indian Digit Separator | Ideal for Accountants, Students & Office Use",IE,490.00,984.90,101.00,78.00,55.00,872.20
7a4877d3-a526-41d6-96d9-96fdc00b8daa,"Casio MJ-12D-BK Check & Correct Desktop Calculator — 12-Digit Display, 150 Steps Check, Indian Digit Separator | Ideal for Accountants, Students & Office Use",KE,490.00,960.40,96.00,73.00,50.00,847.70
7a4877d3-a526-41d6-96d9-96fdc00b8daa,"Casio MJ-12D-BK Check & Correct Desktop Calculator — 12-Digit Display, 150 Steps Check, Indian Digit Separator | Ideal for Accountants, Students & Office Use",MT,490.00,960.40,96.00,73.00,50.00,847.70
7a4877d3-a526-41d6-96d9-96fdc00b8daa,"Casio MJ-12D-BK Check & Correct Desktop Calculator — 12-Digit Display, 150 Steps Check, Indian Digit Separator | Ideal for Accountants, Students & Office Use",US,490.00,960.40,96.00,73.00,50.00,847.70
507ea7b2-7651-4c30-8dad-07b8ffee6718,"Casio SX-300 8 Digit Calculator with Extra Large Display, Basic Math Functions, Compact Desktop Calculator for Office, School & Daily Use",AL,235.00,460.60,96.00,73.00,50.00,406.55
507ea7b2-7651-4c30-8dad-07b8ffee6718,"Casio SX-300 8 Digit Calculator with Extra Large Display, Basic Math Functions, Compact Desktop Calculator for Office, School & Daily Use",CH,235.00,460.60,96.00,73.00,50.00,406.55
507ea7b2-7651-4c30-8dad-07b8ffee6718,"Casio SX-300 8 Digit Calculator with Extra Large Display, Basic Math Functions, Compact Desktop Calculator for Office, School & Daily Use",DE,235.00,460.60,96.00,73.00,50.00,406.55
507ea7b2-7651-4c30-8dad-07b8ffee6718,"Casio SX-300 8 Digit Calculator with Extra Large Display, Basic Math Functions, Compact Desktop Calculator for Office, School & Daily Use",FR,235.00,460.60,96.00,73.00,50.00,406.55
507ea7b2-7651-4c30-8dad-07b8ffee6718,"Casio SX-300 8 Digit Calculator with Extra Large Display, Basic Math Functions, Compact Desktop Calculator for Office, School & Daily Use",GB,235.00,460.60,96.00,73.00,50.00,406.55
507ea7b2-7651-4c30-8dad-07b8ffee6718,"Casio SX-300 8 Digit Calculator with Extra Large Display, Basic Math Functions, Compact Desktop Calculator for Office, School & Daily Use",IE,235.00,472.35,101.00,78.00,55.00,418.30
507ea7b2-7651-4c30-8dad-07b8ffee6718,"Casio SX-300 8 Digit Calculator with Extra Large Display, Basic Math Functions, Compact Desktop Calculator for Office, School & Daily Use",KE,235.00,460.60,96.00,73.00,50.00,406.55
507ea7b2-7651-4c30-8dad-07b8ffee6718,"Casio SX-300 8 Digit Calculator with Extra Large Display, Basic Math Functions, Compact Desktop Calculator for Office, School & Daily Use",MT,235.00,460.60,96.00,73.00,50.00,406.55
507ea7b2-7651-4c30-8dad-07b8ffee6718,"Casio SX-300 8 Digit Calculator with Extra Large Display, Basic Math Functions, Compact Desktop Calculator for Office, School & Daily Use",US,235.00,460.60,96.00,73.00,50.00,406.55
ffd650c6-5570-4955-9c77-18f742801190,Ceramide Lip Balm with SPF 50 PA+++ (Tinted),AL,290.00,568.40,96.00,73.00,50.00,501.70
ffd650c6-5570-4955-9c77-18f742801190,Ceramide Lip Balm with SPF 50 PA+++ (Tinted),CH,290.00,568.40,96.00,73.00,50.00,501.70
ffd650c6-5570-4955-9c77-18f742801190,Ceramide Lip Balm with SPF 50 PA+++ (Tinted),DE,290.00,568.40,96.00,73.00,50.00,501.70
ffd650c6-5570-4955-9c77-18f742801190,Ceramide Lip Balm with SPF 50 PA+++ (Tinted),FR,290.00,568.40,96.00,73.00,50.00,501.70
ffd650c6-5570-4955-9c77-18f742801190,Ceramide Lip Balm with SPF 50 PA+++ (Tinted),GB,290.00,568.40,96.00,73.00,50.00,501.70
ffd650c6-5570-4955-9c77-18f742801190,Ceramide Lip Balm with SPF 50 PA+++ (Tinted),IE,290.00,582.90,101.00,78.00,55.00,516.20
ffd650c6-5570-4955-9c77-18f742801190,Ceramide Lip Balm with SPF 50 PA+++ (Tinted),KE,290.00,568.40,96.00,73.00,50.00,501.70
ffd650c6-5570-4955-9c77-18f742801190,Ceramide Lip Balm with SPF 50 PA+++ (Tinted),MT,290.00,568.40,96.00,73.00,50.00,501.70
ffd650c6-5570-4955-9c77-18f742801190,Ceramide Lip Balm with SPF 50 PA+++ (Tinted),US,290.00,568.40,96.00,73.00,50.00,501.70
f287776e-eb30-4fb0-b97d-be7393917097,Cetaphil Bright Healthy Radiance Cleanser (100 ml),IE,539.00,1093.37,102.85,79.85,56.85,969.40
3927677e-0fc5-4e99-afd4-ffda6d988630,Cetaphil Bright Healthy Radiance Day Cream (50 ml),IE,1099.00,2229.34,102.85,79.85,56.85,1976.57
e6d9724a-cf41-4793-86c1-97c80679d287,CETAPHIL Bright Healthy Radiance Gentle Renewing Cleanser 100 gm | Face Wash for Smooth Skin,IE,539.00,1093.37,102.85,79.85,56.85,969.40
5a67d221-6ce5-4427-8607-3f8fa2b8307e,Cetaphil Gentle Exfoliating SA Lotion - (236 ml),IE,1351.00,2715.51,101.00,78.00,55.00,2404.78
5319d738-ca9c-4b1b-92ee-ca438d3075be,Cetaphil Gentle Skin Cleanser - (118 ml),AL,359.00,703.64,96.00,73.00,50.00,621.07
5319d738-ca9c-4b1b-92ee-ca438d3075be,Cetaphil Gentle Skin Cleanser - (118 ml),CH,359.00,703.64,96.00,73.00,50.00,621.07
5319d738-ca9c-4b1b-92ee-ca438d3075be,Cetaphil Gentle Skin Cleanser - (118 ml),DE,359.00,703.64,96.00,73.00,50.00,621.07
5319d738-ca9c-4b1b-92ee-ca438d3075be,Cetaphil Gentle Skin Cleanser - (118 ml),FR,359.00,703.64,96.00,73.00,50.00,621.07
5319d738-ca9c-4b1b-92ee-ca438d3075be,Cetaphil Gentle Skin Cleanser - (118 ml),GB,359.00,703.64,96.00,73.00,50.00,621.07
5319d738-ca9c-4b1b-92ee-ca438d3075be,Cetaphil Gentle Skin Cleanser - (118 ml),IE,359.00,728.24,102.85,79.85,56.85,645.67
5319d738-ca9c-4b1b-92ee-ca438d3075be,Cetaphil Gentle Skin Cleanser - (118 ml),KE,359.00,703.64,96.00,73.00,50.00,621.07
5319d738-ca9c-4b1b-92ee-ca438d3075be,Cetaphil Gentle Skin Cleanser - (118 ml),MT,359.00,703.64,96.00,73.00,50.00,621.07
5319d738-ca9c-4b1b-92ee-ca438d3075be,Cetaphil Gentle Skin Cleanser - (118 ml),US,359.00,703.64,96.00,73.00,50.00,621.07
c2f4a67f-5cec-4f93-b6ed-9652e5a32705,Cetaphil Moisturising Cream (100 gm),AL,489.00,958.44,96.00,73.00,50.00,845.97
c2f4a67f-5cec-4f93-b6ed-9652e5a32705,Cetaphil Moisturising Cream (100 gm),CH,489.00,958.44,96.00,73.00,50.00,845.97
c2f4a67f-5cec-4f93-b6ed-9652e5a32705,Cetaphil Moisturising Cream (100 gm),DE,489.00,958.44,96.00,73.00,50.00,845.97
c2f4a67f-5cec-4f93-b6ed-9652e5a32705,Cetaphil Moisturising Cream (100 gm),FR,489.00,958.44,96.00,73.00,50.00,845.97
c2f4a67f-5cec-4f93-b6ed-9652e5a32705,Cetaphil Moisturising Cream (100 gm),GB,489.00,958.44,96.00,73.00,50.00,845.97
c2f4a67f-5cec-4f93-b6ed-9652e5a32705,Cetaphil Moisturising Cream (100 gm),IE,489.00,991.94,102.85,79.85,56.85,879.47
c2f4a67f-5cec-4f93-b6ed-9652e5a32705,Cetaphil Moisturising Cream (100 gm),KE,489.00,958.44,96.00,73.00,50.00,845.97
c2f4a67f-5cec-4f93-b6ed-9652e5a32705,Cetaphil Moisturising Cream (100 gm),MT,489.00,958.44,96.00,73.00,50.00,845.97
c2f4a67f-5cec-4f93-b6ed-9652e5a32705,Cetaphil Moisturising Cream (100 gm),US,489.00,958.44,96.00,73.00,50.00,845.97
a35f2201-3d2a-4af6-bf2b-fc83ff2a1755,Cetaphil Moisturising Lotion - (118 ml),AL,449.00,880.04,96.00,73.00,50.00,776.77
a35f2201-3d2a-4af6-bf2b-fc83ff2a1755,Cetaphil Moisturising Lotion - (118 ml),CH,449.00,880.04,96.00,73.00,50.00,776.77
a35f2201-3d2a-4af6-bf2b-fc83ff2a1755,Cetaphil Moisturising Lotion - (118 ml),DE,449.00,880.04,96.00,73.00,50.00,776.77
a35f2201-3d2a-4af6-bf2b-fc83ff2a1755,Cetaphil Moisturising Lotion - (118 ml),FR,449.00,880.04,96.00,73.00,50.00,776.77
a35f2201-3d2a-4af6-bf2b-fc83ff2a1755,Cetaphil Moisturising Lotion - (118 ml),GB,449.00,880.04,96.00,73.00,50.00,776.77
a35f2201-3d2a-4af6-bf2b-fc83ff2a1755,Cetaphil Moisturising Lotion - (118 ml),IE,449.00,910.80,102.85,79.85,56.85,807.53
a35f2201-3d2a-4af6-bf2b-fc83ff2a1755,Cetaphil Moisturising Lotion - (118 ml),KE,449.00,880.04,96.00,73.00,50.00,776.77
a35f2201-3d2a-4af6-bf2b-fc83ff2a1755,Cetaphil Moisturising Lotion - (118 ml),MT,449.00,880.04,96.00,73.00,50.00,776.77
a35f2201-3d2a-4af6-bf2b-fc83ff2a1755,Cetaphil Moisturising Lotion - (118 ml),US,449.00,880.04,96.00,73.00,50.00,776.77
4a4202ae-69b2-46fa-89d6-bb88762a844d,Cetaphil Oily Skin Cleanser - (118 ml),AL,359.00,703.64,96.00,73.00,50.00,621.07
4a4202ae-69b2-46fa-89d6-bb88762a844d,Cetaphil Oily Skin Cleanser - (118 ml),CH,359.00,703.64,96.00,73.00,50.00,621.07
4a4202ae-69b2-46fa-89d6-bb88762a844d,Cetaphil Oily Skin Cleanser - (118 ml),DE,359.00,703.64,96.00,73.00,50.00,621.07
4a4202ae-69b2-46fa-89d6-bb88762a844d,Cetaphil Oily Skin Cleanser - (118 ml),FR,359.00,703.64,96.00,73.00,50.00,621.07
4a4202ae-69b2-46fa-89d6-bb88762a844d,Cetaphil Oily Skin Cleanser - (118 ml),GB,359.00,703.64,96.00,73.00,50.00,621.07
4a4202ae-69b2-46fa-89d6-bb88762a844d,Cetaphil Oily Skin Cleanser - (118 ml),IE,359.00,728.24,102.85,79.85,56.85,645.67
4a4202ae-69b2-46fa-89d6-bb88762a844d,Cetaphil Oily Skin Cleanser - (118 ml),KE,359.00,703.64,96.00,73.00,50.00,621.07
4a4202ae-69b2-46fa-89d6-bb88762a844d,Cetaphil Oily Skin Cleanser - (118 ml),MT,359.00,703.64,96.00,73.00,50.00,621.07
4a4202ae-69b2-46fa-89d6-bb88762a844d,Cetaphil Oily Skin Cleanser - (118 ml),US,359.00,703.64,96.00,73.00,50.00,621.07
b366022d-4050-4af8-9765-cc01d35c997e,Cetaphil Oily Skin Cleanser 60ml | Gentle Face Wash for Combination to Oily & Sensitive Skin | Dermatologist Recommended | Deep Cleansing & Oil Control,AL,324.00,635.04,96.00,73.00,50.00,560.52
b366022d-4050-4af8-9765-cc01d35c997e,Cetaphil Oily Skin Cleanser 60ml | Gentle Face Wash for Combination to Oily & Sensitive Skin | Dermatologist Recommended | Deep Cleansing & Oil Control,CH,324.00,635.04,96.00,73.00,50.00,560.52
b366022d-4050-4af8-9765-cc01d35c997e,Cetaphil Oily Skin Cleanser 60ml | Gentle Face Wash for Combination to Oily & Sensitive Skin | Dermatologist Recommended | Deep Cleansing & Oil Control,DE,324.00,635.04,96.00,73.00,50.00,560.52
b366022d-4050-4af8-9765-cc01d35c997e,Cetaphil Oily Skin Cleanser 60ml | Gentle Face Wash for Combination to Oily & Sensitive Skin | Dermatologist Recommended | Deep Cleansing & Oil Control,FR,324.00,635.04,96.00,73.00,50.00,560.52
b366022d-4050-4af8-9765-cc01d35c997e,Cetaphil Oily Skin Cleanser 60ml | Gentle Face Wash for Combination to Oily & Sensitive Skin | Dermatologist Recommended | Deep Cleansing & Oil Control,GB,324.00,635.04,96.00,73.00,50.00,560.52
b366022d-4050-4af8-9765-cc01d35c997e,Cetaphil Oily Skin Cleanser 60ml | Gentle Face Wash for Combination to Oily & Sensitive Skin | Dermatologist Recommended | Deep Cleansing & Oil Control,IE,324.00,651.24,101.00,78.00,55.00,576.72
b366022d-4050-4af8-9765-cc01d35c997e,Cetaphil Oily Skin Cleanser 60ml | Gentle Face Wash for Combination to Oily & Sensitive Skin | Dermatologist Recommended | Deep Cleansing & Oil Control,KE,324.00,635.04,96.00,73.00,50.00,560.52
b366022d-4050-4af8-9765-cc01d35c997e,Cetaphil Oily Skin Cleanser 60ml | Gentle Face Wash for Combination to Oily & Sensitive Skin | Dermatologist Recommended | Deep Cleansing & Oil Control,MT,324.00,635.04,96.00,73.00,50.00,560.52
b366022d-4050-4af8-9765-cc01d35c997e,Cetaphil Oily Skin Cleanser 60ml | Gentle Face Wash for Combination to Oily & Sensitive Skin | Dermatologist Recommended | Deep Cleansing & Oil Control,US,324.00,635.04,96.00,73.00,50.00,560.52
d8027d4c-0828-4b03-814d-de84504eb196,Cetaphil Optimal Hydration Restoring Water Gel - (10 gm),AL,249.00,488.04,96.00,73.00,50.00,430.77
d8027d4c-0828-4b03-814d-de84504eb196,Cetaphil Optimal Hydration Restoring Water Gel - (10 gm),CH,249.00,488.04,96.00,73.00,50.00,430.77
d8027d4c-0828-4b03-814d-de84504eb196,Cetaphil Optimal Hydration Restoring Water Gel - (10 gm),DE,249.00,488.04,96.00,73.00,50.00,430.77
d8027d4c-0828-4b03-814d-de84504eb196,Cetaphil Optimal Hydration Restoring Water Gel - (10 gm),FR,249.00,488.04,96.00,73.00,50.00,430.77
d8027d4c-0828-4b03-814d-de84504eb196,Cetaphil Optimal Hydration Restoring Water Gel - (10 gm),GB,249.00,488.04,96.00,73.00,50.00,430.77
d8027d4c-0828-4b03-814d-de84504eb196,Cetaphil Optimal Hydration Restoring Water Gel - (10 gm),IE,249.00,505.10,102.85,79.85,56.85,447.83
d8027d4c-0828-4b03-814d-de84504eb196,Cetaphil Optimal Hydration Restoring Water Gel - (10 gm),KE,249.00,488.04,96.00,73.00,50.00,430.77
d8027d4c-0828-4b03-814d-de84504eb196,Cetaphil Optimal Hydration Restoring Water Gel - (10 gm),MT,249.00,488.04,96.00,73.00,50.00,430.77
d8027d4c-0828-4b03-814d-de84504eb196,Cetaphil Optimal Hydration Restoring Water Gel - (10 gm),US,249.00,488.04,96.00,73.00,50.00,430.77
243e33e9-f77c-47aa-b1d6-8ae8ef4edd75,Chandbali Jhumka Earrings with Black Stone & Beads | Ethnic Statement Earrings for Women,AL,349.00,684.04,96.00,73.00,50.00,603.77
243e33e9-f77c-47aa-b1d6-8ae8ef4edd75,Chandbali Jhumka Earrings with Black Stone & Beads | Ethnic Statement Earrings for Women,CH,349.00,684.04,96.00,73.00,50.00,603.77
243e33e9-f77c-47aa-b1d6-8ae8ef4edd75,Chandbali Jhumka Earrings with Black Stone & Beads | Ethnic Statement Earrings for Women,DE,349.00,684.04,96.00,73.00,50.00,603.77
243e33e9-f77c-47aa-b1d6-8ae8ef4edd75,Chandbali Jhumka Earrings with Black Stone & Beads | Ethnic Statement Earrings for Women,FR,349.00,684.04,96.00,73.00,50.00,603.77
243e33e9-f77c-47aa-b1d6-8ae8ef4edd75,Chandbali Jhumka Earrings with Black Stone & Beads | Ethnic Statement Earrings for Women,GB,349.00,684.04,96.00,73.00,50.00,603.77
243e33e9-f77c-47aa-b1d6-8ae8ef4edd75,Chandbali Jhumka Earrings with Black Stone & Beads | Ethnic Statement Earrings for Women,IE,349.00,701.49,101.00,78.00,55.00,621.22
243e33e9-f77c-47aa-b1d6-8ae8ef4edd75,Chandbali Jhumka Earrings with Black Stone & Beads | Ethnic Statement Earrings for Women,KE,349.00,684.04,96.00,73.00,50.00,603.77
243e33e9-f77c-47aa-b1d6-8ae8ef4edd75,Chandbali Jhumka Earrings with Black Stone & Beads | Ethnic Statement Earrings for Women,MT,349.00,684.04,96.00,73.00,50.00,603.77
243e33e9-f77c-47aa-b1d6-8ae8ef4edd75,Chandbali Jhumka Earrings with Black Stone & Beads | Ethnic Statement Earrings for Women,US,349.00,684.04,96.00,73.00,50.00,603.77
c77d7c4e-2e75-4dfc-af70-592491a15490,CHANDRIKA AYURVEDIC SOAP,AL,30.00,58.80,96.00,73.00,50.00,51.90
c77d7c4e-2e75-4dfc-af70-592491a15490,CHANDRIKA AYURVEDIC SOAP,CH,30.00,58.80,96.00,73.00,50.00,51.90
c77d7c4e-2e75-4dfc-af70-592491a15490,CHANDRIKA AYURVEDIC SOAP,DE,30.00,58.80,96.00,73.00,50.00,51.90
c77d7c4e-2e75-4dfc-af70-592491a15490,CHANDRIKA AYURVEDIC SOAP,FR,30.00,58.80,96.00,73.00,50.00,51.90
c77d7c4e-2e75-4dfc-af70-592491a15490,CHANDRIKA AYURVEDIC SOAP,GB,30.00,58.80,96.00,73.00,50.00,51.90
c77d7c4e-2e75-4dfc-af70-592491a15490,CHANDRIKA AYURVEDIC SOAP,IE,30.00,60.30,101.00,78.00,55.00,53.40
c77d7c4e-2e75-4dfc-af70-592491a15490,CHANDRIKA AYURVEDIC SOAP,KE,30.00,58.80,96.00,73.00,50.00,51.90
c77d7c4e-2e75-4dfc-af70-592491a15490,CHANDRIKA AYURVEDIC SOAP,MT,30.00,58.80,96.00,73.00,50.00,51.90
c77d7c4e-2e75-4dfc-af70-592491a15490,CHANDRIKA AYURVEDIC SOAP,US,30.00,58.80,96.00,73.00,50.00,51.90
bf272b11-22dd-4f91-b16a-ea0ef277b880,CINTHOL COOL Menthol+Active Deo Fragrance,AL,45.00,88.20,96.00,73.00,50.00,77.85
bf272b11-22dd-4f91-b16a-ea0ef277b880,CINTHOL COOL Menthol+Active Deo Fragrance,CH,45.00,88.20,96.00,73.00,50.00,77.85
bf272b11-22dd-4f91-b16a-ea0ef277b880,CINTHOL COOL Menthol+Active Deo Fragrance,DE,45.00,88.20,96.00,73.00,50.00,77.85
bf272b11-22dd-4f91-b16a-ea0ef277b880,CINTHOL COOL Menthol+Active Deo Fragrance,FR,45.00,88.20,96.00,73.00,50.00,77.85
bf272b11-22dd-4f91-b16a-ea0ef277b880,CINTHOL COOL Menthol+Active Deo Fragrance,GB,45.00,88.20,96.00,73.00,50.00,77.85
bf272b11-22dd-4f91-b16a-ea0ef277b880,CINTHOL COOL Menthol+Active Deo Fragrance,IE,45.00,90.45,101.00,78.00,55.00,80.10
bf272b11-22dd-4f91-b16a-ea0ef277b880,CINTHOL COOL Menthol+Active Deo Fragrance,KE,45.00,88.20,96.00,73.00,50.00,77.85
bf272b11-22dd-4f91-b16a-ea0ef277b880,CINTHOL COOL Menthol+Active Deo Fragrance,MT,45.00,88.20,96.00,73.00,50.00,77.85
bf272b11-22dd-4f91-b16a-ea0ef277b880,CINTHOL COOL Menthol+Active Deo Fragrance,US,45.00,88.20,96.00,73.00,50.00,77.85
e79430c4-9fc0-48f0-b05a-76e5b63cffc2,CINTHOL HEALTH SOAP,AL,40.00,78.40,96.00,73.00,50.00,69.20
e79430c4-9fc0-48f0-b05a-76e5b63cffc2,CINTHOL HEALTH SOAP,CH,40.00,78.40,96.00,73.00,50.00,69.20
e79430c4-9fc0-48f0-b05a-76e5b63cffc2,CINTHOL HEALTH SOAP,DE,40.00,78.40,96.00,73.00,50.00,69.20
e79430c4-9fc0-48f0-b05a-76e5b63cffc2,CINTHOL HEALTH SOAP,FR,40.00,78.40,96.00,73.00,50.00,69.20
e79430c4-9fc0-48f0-b05a-76e5b63cffc2,CINTHOL HEALTH SOAP,GB,40.00,78.40,96.00,73.00,50.00,69.20
e79430c4-9fc0-48f0-b05a-76e5b63cffc2,CINTHOL HEALTH SOAP,IE,40.00,80.40,101.00,78.00,55.00,71.20
e79430c4-9fc0-48f0-b05a-76e5b63cffc2,CINTHOL HEALTH SOAP,KE,40.00,78.40,96.00,73.00,50.00,69.20
e79430c4-9fc0-48f0-b05a-76e5b63cffc2,CINTHOL HEALTH SOAP,MT,40.00,78.40,96.00,73.00,50.00,69.20
e79430c4-9fc0-48f0-b05a-76e5b63cffc2,CINTHOL HEALTH SOAP,US,40.00,78.40,96.00,73.00,50.00,69.20
cef694f2-ae4b-483b-a720-200d84c54a52,CINTHOL LIME Refreshing deo soap,AL,45.00,88.20,96.00,73.00,50.00,77.85
cef694f2-ae4b-483b-a720-200d84c54a52,CINTHOL LIME Refreshing deo soap,CH,45.00,88.20,96.00,73.00,50.00,77.85
cef694f2-ae4b-483b-a720-200d84c54a52,CINTHOL LIME Refreshing deo soap,DE,45.00,88.20,96.00,73.00,50.00,77.85
cef694f2-ae4b-483b-a720-200d84c54a52,CINTHOL LIME Refreshing deo soap,FR,45.00,88.20,96.00,73.00,50.00,77.85
cef694f2-ae4b-483b-a720-200d84c54a52,CINTHOL LIME Refreshing deo soap,GB,45.00,88.20,96.00,73.00,50.00,77.85
cef694f2-ae4b-483b-a720-200d84c54a52,CINTHOL LIME Refreshing deo soap,IE,45.00,90.45,101.00,78.00,55.00,80.10
cef694f2-ae4b-483b-a720-200d84c54a52,CINTHOL LIME Refreshing deo soap,KE,45.00,88.20,96.00,73.00,50.00,77.85
cef694f2-ae4b-483b-a720-200d84c54a52,CINTHOL LIME Refreshing deo soap,MT,45.00,88.20,96.00,73.00,50.00,77.85
cef694f2-ae4b-483b-a720-200d84c54a52,CINTHOL LIME Refreshing deo soap,US,45.00,88.20,96.00,73.00,50.00,77.85
ddf98eac-f48d-495a-b456-5410f6b47564,Colgate Max Fresh Plax Fresh Tea Mouthwash (100 ml),AL,88.00,172.48,96.00,73.00,50.00,152.24
ddf98eac-f48d-495a-b456-5410f6b47564,Colgate Max Fresh Plax Fresh Tea Mouthwash (100 ml),CH,88.00,172.48,96.00,73.00,50.00,152.24
ddf98eac-f48d-495a-b456-5410f6b47564,Colgate Max Fresh Plax Fresh Tea Mouthwash (100 ml),DE,88.00,172.48,96.00,73.00,50.00,152.24
ddf98eac-f48d-495a-b456-5410f6b47564,Colgate Max Fresh Plax Fresh Tea Mouthwash (100 ml),FR,88.00,172.48,96.00,73.00,50.00,152.24
ddf98eac-f48d-495a-b456-5410f6b47564,Colgate Max Fresh Plax Fresh Tea Mouthwash (100 ml),GB,88.00,172.48,96.00,73.00,50.00,152.24
ddf98eac-f48d-495a-b456-5410f6b47564,Colgate Max Fresh Plax Fresh Tea Mouthwash (100 ml),IE,88.00,176.88,101.00,78.00,55.00,156.64
ddf98eac-f48d-495a-b456-5410f6b47564,Colgate Max Fresh Plax Fresh Tea Mouthwash (100 ml),KE,88.00,172.48,96.00,73.00,50.00,152.24
ddf98eac-f48d-495a-b456-5410f6b47564,Colgate Max Fresh Plax Fresh Tea Mouthwash (100 ml),MT,88.00,172.48,96.00,73.00,50.00,152.24
ddf98eac-f48d-495a-b456-5410f6b47564,Colgate Max Fresh Plax Fresh Tea Mouthwash (100 ml),US,88.00,172.48,96.00,73.00,50.00,152.24
e9cb7b27-eb4c-4b05-a8f0-95bd3518d49c,Colour block T-Shirt,AL,729.00,1407.94,93.13,70.13,47.13,1240.27
e9cb7b27-eb4c-4b05-a8f0-95bd3518d49c,Colour block T-Shirt,CH,729.00,1407.94,93.13,70.13,47.13,1240.27
e9cb7b27-eb4c-4b05-a8f0-95bd3518d49c,Colour block T-Shirt,DE,729.00,1939.14,166.00,143.00,120.00,1771.47
e9cb7b27-eb4c-4b05-a8f0-95bd3518d49c,Colour block T-Shirt,FR,729.00,1939.14,166.00,143.00,120.00,1771.47
e9cb7b27-eb4c-4b05-a8f0-95bd3518d49c,Colour block T-Shirt,GB,729.00,1939.14,166.00,143.00,120.00,1771.47
e9cb7b27-eb4c-4b05-a8f0-95bd3518d49c,Colour block T-Shirt,IE,729.00,1683.99,131.00,108.00,85.00,1516.32
e9cb7b27-eb4c-4b05-a8f0-95bd3518d49c,Colour block T-Shirt,KE,729.00,1407.94,93.13,70.13,47.13,1240.27
e9cb7b27-eb4c-4b05-a8f0-95bd3518d49c,Colour block T-Shirt,MT,729.00,1409.09,93.29,70.29,47.29,1241.42
e9cb7b27-eb4c-4b05-a8f0-95bd3518d49c,Colour block T-Shirt,US,729.00,1939.14,166.00,143.00,120.00,1771.47
a288c932-a6f3-4597-86b5-65abf3e84f10,Cord set .T-shirt and bottom premium,AL,899.00,1806.99,101.00,78.00,55.00,1600.22
a288c932-a6f3-4597-86b5-65abf3e84f10,Cord set .T-shirt and bottom premium,CH,899.00,1806.99,101.00,78.00,55.00,1600.22
a288c932-a6f3-4597-86b5-65abf3e84f10,Cord set .T-shirt and bottom premium,DE,899.00,1806.99,101.00,78.00,55.00,1600.22
a288c932-a6f3-4597-86b5-65abf3e84f10,Cord set .T-shirt and bottom premium,FR,899.00,1806.99,101.00,78.00,55.00,1600.22
a288c932-a6f3-4597-86b5-65abf3e84f10,Cord set .T-shirt and bottom premium,GB,899.00,1806.99,101.00,78.00,55.00,1600.22
a288c932-a6f3-4597-86b5-65abf3e84f10,Cord set .T-shirt and bottom premium,IE,899.00,1806.99,101.00,78.00,55.00,1600.22
a288c932-a6f3-4597-86b5-65abf3e84f10,Cord set .T-shirt and bottom premium,KE,899.00,1806.99,101.00,78.00,55.00,1600.22
a288c932-a6f3-4597-86b5-65abf3e84f10,Cord set .T-shirt and bottom premium,MT,899.00,1806.99,101.00,78.00,55.00,1600.22
a288c932-a6f3-4597-86b5-65abf3e84f10,Cord set .T-shirt and bottom premium,US,899.00,1806.99,101.00,78.00,55.00,1600.22
bd18fb57-ae61-4abc-aa39-b31a1618e5be,"Cord Set bottom and top. Sleeves attached, Without Lining and Ajark Print",AL,829.00,1601.07,93.13,70.13,47.13,1410.40
bd18fb57-ae61-4abc-aa39-b31a1618e5be,"Cord Set bottom and top. Sleeves attached, Without Lining and Ajark Print",CH,829.00,1601.07,93.13,70.13,47.13,1410.40
bd18fb57-ae61-4abc-aa39-b31a1618e5be,"Cord Set bottom and top. Sleeves attached, Without Lining and Ajark Print",IE,829.00,1749.19,111.00,88.00,65.00,1558.52
bd18fb57-ae61-4abc-aa39-b31a1618e5be,"Cord Set bottom and top. Sleeves attached, Without Lining and Ajark Print",KE,829.00,1601.07,93.13,70.13,47.13,1410.40
052d4873-32e5-4d16-8f65-db25e355db3d,COSMETIC BRUSH SETS,AL,80.00,156.80,96.00,73.00,50.00,138.40
052d4873-32e5-4d16-8f65-db25e355db3d,COSMETIC BRUSH SETS,CH,80.00,156.80,96.00,73.00,50.00,138.40
052d4873-32e5-4d16-8f65-db25e355db3d,COSMETIC BRUSH SETS,DE,80.00,156.80,96.00,73.00,50.00,138.40
052d4873-32e5-4d16-8f65-db25e355db3d,COSMETIC BRUSH SETS,FR,80.00,156.80,96.00,73.00,50.00,138.40
052d4873-32e5-4d16-8f65-db25e355db3d,COSMETIC BRUSH SETS,GB,80.00,156.80,96.00,73.00,50.00,138.40
052d4873-32e5-4d16-8f65-db25e355db3d,COSMETIC BRUSH SETS,IE,80.00,160.80,101.00,78.00,55.00,142.40
052d4873-32e5-4d16-8f65-db25e355db3d,COSMETIC BRUSH SETS,KE,80.00,156.80,96.00,73.00,50.00,138.40
052d4873-32e5-4d16-8f65-db25e355db3d,COSMETIC BRUSH SETS,MT,80.00,156.80,96.00,73.00,50.00,138.40
052d4873-32e5-4d16-8f65-db25e355db3d,COSMETIC BRUSH SETS,US,80.00,156.80,96.00,73.00,50.00,138.40
d26ab55c-8903-46f2-acf3-094ee729dbfb,Cosrx Advanced Snail 96 Mucin Power Essence,AL,1000.00,2010.00,101.00,78.00,55.00,1780.00
d26ab55c-8903-46f2-acf3-094ee729dbfb,Cosrx Advanced Snail 96 Mucin Power Essence,CH,1000.00,2010.00,101.00,78.00,55.00,1780.00
d26ab55c-8903-46f2-acf3-094ee729dbfb,Cosrx Advanced Snail 96 Mucin Power Essence,DE,1000.00,2564.50,156.45,133.45,110.45,2334.50
d26ab55c-8903-46f2-acf3-094ee729dbfb,Cosrx Advanced Snail 96 Mucin Power Essence,FR,1000.00,2666.00,166.60,143.60,120.60,2436.00
d26ab55c-8903-46f2-acf3-094ee729dbfb,Cosrx Advanced Snail 96 Mucin Power Essence,GB,1000.00,2521.00,152.10,129.10,106.10,2291.00
d26ab55c-8903-46f2-acf3-094ee729dbfb,Cosrx Advanced Snail 96 Mucin Power Essence,IE,1000.00,2521.00,152.10,129.10,106.10,2291.00
d26ab55c-8903-46f2-acf3-094ee729dbfb,Cosrx Advanced Snail 96 Mucin Power Essence,KE,1000.00,2010.00,101.00,78.00,55.00,1780.00
d26ab55c-8903-46f2-acf3-094ee729dbfb,Cosrx Advanced Snail 96 Mucin Power Essence,MT,1000.00,2738.50,173.85,150.85,127.85,2508.50
d26ab55c-8903-46f2-acf3-094ee729dbfb,Cosrx Advanced Snail 96 Mucin Power Essence,US,1000.00,2666.00,166.60,143.60,120.60,2436.00
edd951e7-da6c-4d35-841f-1f0f30d5dbca,Cosrx AHA/BHA Clarifying Treatment Toner,AL,956.00,2269.08,137.35,114.35,91.35,2049.20
edd951e7-da6c-4d35-841f-1f0f30d5dbca,Cosrx AHA/BHA Clarifying Treatment Toner,CH,956.00,2269.08,137.35,114.35,91.35,2049.20
edd951e7-da6c-4d35-841f-1f0f30d5dbca,Cosrx AHA/BHA Clarifying Treatment Toner,DE,956.00,2269.08,137.35,114.35,91.35,2049.20
edd951e7-da6c-4d35-841f-1f0f30d5dbca,Cosrx AHA/BHA Clarifying Treatment Toner,FR,956.00,2269.08,137.35,114.35,91.35,2049.20
edd951e7-da6c-4d35-841f-1f0f30d5dbca,Cosrx AHA/BHA Clarifying Treatment Toner,GB,956.00,2269.08,137.35,114.35,91.35,2049.20
edd951e7-da6c-4d35-841f-1f0f30d5dbca,Cosrx AHA/BHA Clarifying Treatment Toner,IE,956.00,2269.08,137.35,114.35,91.35,2049.20
edd951e7-da6c-4d35-841f-1f0f30d5dbca,Cosrx AHA/BHA Clarifying Treatment Toner,KE,956.00,2269.08,137.35,114.35,91.35,2049.20
edd951e7-da6c-4d35-841f-1f0f30d5dbca,Cosrx AHA/BHA Clarifying Treatment Toner,MT,956.00,2269.08,137.35,114.35,91.35,2049.20
edd951e7-da6c-4d35-841f-1f0f30d5dbca,Cosrx AHA/BHA Clarifying Treatment Toner,US,956.00,2269.08,137.35,114.35,91.35,2049.20
8e4c3cdc-115c-4e2e-a50f-fea894b53a7b,Cotton blend Tops black and white,AL,659.00,1272.74,93.13,70.13,47.13,1121.17
8e4c3cdc-115c-4e2e-a50f-fea894b53a7b,Cotton blend Tops black and white,CH,659.00,1272.74,93.13,70.13,47.13,1121.17
8e4c3cdc-115c-4e2e-a50f-fea894b53a7b,Cotton blend Tops black and white,IE,659.00,1258.69,91.00,68.00,45.00,1107.12
8e4c3cdc-115c-4e2e-a50f-fea894b53a7b,Cotton blend Tops black and white,KE,659.00,1272.74,93.13,70.13,47.13,1121.17
8e4c3cdc-115c-4e2e-a50f-fea894b53a7b,Cotton blend Tops black and white,MT,659.00,1252.10,90.00,67.00,44.00,1100.53
ab3b6c7d-e2b0-415d-9c85-5be8cf2942a1,Cotton sleeveless long top kurti,AL,715.00,1437.15,101.00,78.00,55.00,1272.70
ab3b6c7d-e2b0-415d-9c85-5be8cf2942a1,Cotton sleeveless long top kurti,CH,715.00,1437.15,101.00,78.00,55.00,1272.70
ab3b6c7d-e2b0-415d-9c85-5be8cf2942a1,Cotton sleeveless long top kurti,DE,715.00,1437.15,101.00,78.00,55.00,1272.70
ab3b6c7d-e2b0-415d-9c85-5be8cf2942a1,Cotton sleeveless long top kurti,FR,715.00,1437.15,101.00,78.00,55.00,1272.70
ab3b6c7d-e2b0-415d-9c85-5be8cf2942a1,Cotton sleeveless long top kurti,GB,715.00,1437.15,101.00,78.00,55.00,1272.70
ab3b6c7d-e2b0-415d-9c85-5be8cf2942a1,Cotton sleeveless long top kurti,IE,715.00,1437.15,101.00,78.00,55.00,1272.70
ab3b6c7d-e2b0-415d-9c85-5be8cf2942a1,Cotton sleeveless long top kurti,KE,715.00,1437.15,101.00,78.00,55.00,1272.70
ab3b6c7d-e2b0-415d-9c85-5be8cf2942a1,Cotton sleeveless long top kurti,MT,715.00,1437.15,101.00,78.00,55.00,1272.70
ab3b6c7d-e2b0-415d-9c85-5be8cf2942a1,Cotton sleeveless long top kurti,US,715.00,1437.15,101.00,78.00,55.00,1272.70
6b9e5226-b9ef-40db-b59a-30707002c1f5,Crusoe Men’s Active Pants| Cotton Rich Stretch Fabric | Comfortable Regular Fit | Everyday & Lounge Wear,AL,999.00,2057.94,106.00,83.00,60.00,1828.17
6b9e5226-b9ef-40db-b59a-30707002c1f5,Crusoe Men’s Active Pants| Cotton Rich Stretch Fabric | Comfortable Regular Fit | Everyday & Lounge Wear,CH,999.00,2057.94,106.00,83.00,60.00,1828.17
6b9e5226-b9ef-40db-b59a-30707002c1f5,Crusoe Men’s Active Pants| Cotton Rich Stretch Fabric | Comfortable Regular Fit | Everyday & Lounge Wear,DE,999.00,2057.94,106.00,83.00,60.00,1828.17
6b9e5226-b9ef-40db-b59a-30707002c1f5,Crusoe Men’s Active Pants| Cotton Rich Stretch Fabric | Comfortable Regular Fit | Everyday & Lounge Wear,FR,999.00,2057.94,106.00,83.00,60.00,1828.17
6b9e5226-b9ef-40db-b59a-30707002c1f5,Crusoe Men’s Active Pants| Cotton Rich Stretch Fabric | Comfortable Regular Fit | Everyday & Lounge Wear,GB,999.00,2057.94,106.00,83.00,60.00,1828.17
6b9e5226-b9ef-40db-b59a-30707002c1f5,Crusoe Men’s Active Pants| Cotton Rich Stretch Fabric | Comfortable Regular Fit | Everyday & Lounge Wear,IE,999.00,2107.89,111.00,88.00,65.00,1878.12
6b9e5226-b9ef-40db-b59a-30707002c1f5,Crusoe Men’s Active Pants| Cotton Rich Stretch Fabric | Comfortable Regular Fit | Everyday & Lounge Wear,KE,999.00,2057.94,106.00,83.00,60.00,1828.17
6b9e5226-b9ef-40db-b59a-30707002c1f5,Crusoe Men’s Active Pants| Cotton Rich Stretch Fabric | Comfortable Regular Fit | Everyday & Lounge Wear,MT,999.00,2057.94,106.00,83.00,60.00,1828.17
6b9e5226-b9ef-40db-b59a-30707002c1f5,Crusoe Men’s Active Pants| Cotton Rich Stretch Fabric | Comfortable Regular Fit | Everyday & Lounge Wear,US,999.00,2057.94,106.00,83.00,60.00,1828.17
1cdbb0a0-d649-412e-8f27-119395d5cca4,"Crusoe Men’s Active Shorts | Cotton Rich Stretch Fabric | Comfortable Regular Fit | Gym, Sports & Casual Wear",IE,679.00,1296.89,91.00,68.00,45.00,1140.72
234b672c-2b7a-4d93-9a6d-3310acb6c5a9,"Crusoe Men’s Basic Boxer Shorts – 100% Double Mercerised Cotton, Relaxed Fit Breathable Boxers with Elastic Waistband, Soft Lounge & Daily Wear (S–XXL)",AL,479.00,938.84,96.00,73.00,50.00,828.67
234b672c-2b7a-4d93-9a6d-3310acb6c5a9,"Crusoe Men’s Basic Boxer Shorts – 100% Double Mercerised Cotton, Relaxed Fit Breathable Boxers with Elastic Waistband, Soft Lounge & Daily Wear (S–XXL)",CH,479.00,938.84,96.00,73.00,50.00,828.67
234b672c-2b7a-4d93-9a6d-3310acb6c5a9,"Crusoe Men’s Basic Boxer Shorts – 100% Double Mercerised Cotton, Relaxed Fit Breathable Boxers with Elastic Waistband, Soft Lounge & Daily Wear (S–XXL)",DE,479.00,938.84,96.00,73.00,50.00,828.67
234b672c-2b7a-4d93-9a6d-3310acb6c5a9,"Crusoe Men’s Basic Boxer Shorts – 100% Double Mercerised Cotton, Relaxed Fit Breathable Boxers with Elastic Waistband, Soft Lounge & Daily Wear (S–XXL)",FR,479.00,938.84,96.00,73.00,50.00,828.67
234b672c-2b7a-4d93-9a6d-3310acb6c5a9,"Crusoe Men’s Basic Boxer Shorts – 100% Double Mercerised Cotton, Relaxed Fit Breathable Boxers with Elastic Waistband, Soft Lounge & Daily Wear (S–XXL)",GB,479.00,938.84,96.00,73.00,50.00,828.67
234b672c-2b7a-4d93-9a6d-3310acb6c5a9,"Crusoe Men’s Basic Boxer Shorts – 100% Double Mercerised Cotton, Relaxed Fit Breathable Boxers with Elastic Waistband, Soft Lounge & Daily Wear (S–XXL)",IE,479.00,962.79,101.00,78.00,55.00,852.62
234b672c-2b7a-4d93-9a6d-3310acb6c5a9,"Crusoe Men’s Basic Boxer Shorts – 100% Double Mercerised Cotton, Relaxed Fit Breathable Boxers with Elastic Waistband, Soft Lounge & Daily Wear (S–XXL)",KE,479.00,938.84,96.00,73.00,50.00,828.67
234b672c-2b7a-4d93-9a6d-3310acb6c5a9,"Crusoe Men’s Basic Boxer Shorts – 100% Double Mercerised Cotton, Relaxed Fit Breathable Boxers with Elastic Waistband, Soft Lounge & Daily Wear (S–XXL)",MT,479.00,938.84,96.00,73.00,50.00,828.67
234b672c-2b7a-4d93-9a6d-3310acb6c5a9,"Crusoe Men’s Basic Boxer Shorts – 100% Double Mercerised Cotton, Relaxed Fit Breathable Boxers with Elastic Waistband, Soft Lounge & Daily Wear (S–XXL)",US,479.00,938.84,96.00,73.00,50.00,828.67
6bddce66-a372-4c94-b0a7-65a445c70f74,Crusoe Men’s Basic Vest | 100% Combed Cotton | Regular Fit | Sleeveless Innerwear | Pack of 1 (S-XL),AL,289.00,566.44,96.00,73.00,50.00,499.97
6bddce66-a372-4c94-b0a7-65a445c70f74,Crusoe Men’s Basic Vest | 100% Combed Cotton | Regular Fit | Sleeveless Innerwear | Pack of 1 (S-XL),CH,289.00,566.44,96.00,73.00,50.00,499.97
6bddce66-a372-4c94-b0a7-65a445c70f74,Crusoe Men’s Basic Vest | 100% Combed Cotton | Regular Fit | Sleeveless Innerwear | Pack of 1 (S-XL),DE,289.00,566.44,96.00,73.00,50.00,499.97
6bddce66-a372-4c94-b0a7-65a445c70f74,Crusoe Men’s Basic Vest | 100% Combed Cotton | Regular Fit | Sleeveless Innerwear | Pack of 1 (S-XL),FR,289.00,566.44,96.00,73.00,50.00,499.97
6bddce66-a372-4c94-b0a7-65a445c70f74,Crusoe Men’s Basic Vest | 100% Combed Cotton | Regular Fit | Sleeveless Innerwear | Pack of 1 (S-XL),GB,289.00,566.44,96.00,73.00,50.00,499.97
6bddce66-a372-4c94-b0a7-65a445c70f74,Crusoe Men’s Basic Vest | 100% Combed Cotton | Regular Fit | Sleeveless Innerwear | Pack of 1 (S-XL),IE,289.00,580.89,101.00,78.00,55.00,514.42
6bddce66-a372-4c94-b0a7-65a445c70f74,Crusoe Men’s Basic Vest | 100% Combed Cotton | Regular Fit | Sleeveless Innerwear | Pack of 1 (S-XL),KE,289.00,566.44,96.00,73.00,50.00,499.97
6bddce66-a372-4c94-b0a7-65a445c70f74,Crusoe Men’s Basic Vest | 100% Combed Cotton | Regular Fit | Sleeveless Innerwear | Pack of 1 (S-XL),MT,289.00,566.44,96.00,73.00,50.00,499.97
6bddce66-a372-4c94-b0a7-65a445c70f74,Crusoe Men’s Basic Vest | 100% Combed Cotton | Regular Fit | Sleeveless Innerwear | Pack of 1 (S-XL),US,289.00,566.44,96.00,73.00,50.00,499.97
1edaef9e-6de3-4ccd-a0e4-10bfe948c444,"Crusoe Men’s Beach Boxer Trunks – Combed Cotton Stretch Fabric, Relaxed Fit, Breathable Soft Comfort, Elastic Waistband, Stylish Printed Design, S-XL",AL,399.00,782.04,96.00,73.00,50.00,690.27
1edaef9e-6de3-4ccd-a0e4-10bfe948c444,"Crusoe Men’s Beach Boxer Trunks – Combed Cotton Stretch Fabric, Relaxed Fit, Breathable Soft Comfort, Elastic Waistband, Stylish Printed Design, S-XL",CH,399.00,782.04,96.00,73.00,50.00,690.27
1edaef9e-6de3-4ccd-a0e4-10bfe948c444,"Crusoe Men’s Beach Boxer Trunks – Combed Cotton Stretch Fabric, Relaxed Fit, Breathable Soft Comfort, Elastic Waistband, Stylish Printed Design, S-XL",DE,399.00,782.04,96.00,73.00,50.00,690.27
1edaef9e-6de3-4ccd-a0e4-10bfe948c444,"Crusoe Men’s Beach Boxer Trunks – Combed Cotton Stretch Fabric, Relaxed Fit, Breathable Soft Comfort, Elastic Waistband, Stylish Printed Design, S-XL",FR,399.00,782.04,96.00,73.00,50.00,690.27
1edaef9e-6de3-4ccd-a0e4-10bfe948c444,"Crusoe Men’s Beach Boxer Trunks – Combed Cotton Stretch Fabric, Relaxed Fit, Breathable Soft Comfort, Elastic Waistband, Stylish Printed Design, S-XL",GB,399.00,782.04,96.00,73.00,50.00,690.27
1edaef9e-6de3-4ccd-a0e4-10bfe948c444,"Crusoe Men’s Beach Boxer Trunks – Combed Cotton Stretch Fabric, Relaxed Fit, Breathable Soft Comfort, Elastic Waistband, Stylish Printed Design, S-XL",IE,399.00,801.99,101.00,78.00,55.00,710.22
1edaef9e-6de3-4ccd-a0e4-10bfe948c444,"Crusoe Men’s Beach Boxer Trunks – Combed Cotton Stretch Fabric, Relaxed Fit, Breathable Soft Comfort, Elastic Waistband, Stylish Printed Design, S-XL",KE,399.00,782.04,96.00,73.00,50.00,690.27
1edaef9e-6de3-4ccd-a0e4-10bfe948c444,"Crusoe Men’s Beach Boxer Trunks – Combed Cotton Stretch Fabric, Relaxed Fit, Breathable Soft Comfort, Elastic Waistband, Stylish Printed Design, S-XL",MT,399.00,782.04,96.00,73.00,50.00,690.27
1edaef9e-6de3-4ccd-a0e4-10bfe948c444,"Crusoe Men’s Beach Boxer Trunks – Combed Cotton Stretch Fabric, Relaxed Fit, Breathable Soft Comfort, Elastic Waistband, Stylish Printed Design, S-XL",US,399.00,782.04,96.00,73.00,50.00,690.27
27cfb010-8414-45eb-b8f3-deeb4c30d510,"Crusoe Men’s Boxer Brief Underwear – 100% Premium Combed Cotton, Regular Fit Stretch Boxer Trunks with Double-Layered Pouch & Elastic Waistband (S–XL)",AL,339.00,664.44,96.00,73.00,50.00,586.47
27cfb010-8414-45eb-b8f3-deeb4c30d510,"Crusoe Men’s Boxer Brief Underwear – 100% Premium Combed Cotton, Regular Fit Stretch Boxer Trunks with Double-Layered Pouch & Elastic Waistband (S–XL)",CH,339.00,664.44,96.00,73.00,50.00,586.47
27cfb010-8414-45eb-b8f3-deeb4c30d510,"Crusoe Men’s Boxer Brief Underwear – 100% Premium Combed Cotton, Regular Fit Stretch Boxer Trunks with Double-Layered Pouch & Elastic Waistband (S–XL)",DE,339.00,664.44,96.00,73.00,50.00,586.47
27cfb010-8414-45eb-b8f3-deeb4c30d510,"Crusoe Men’s Boxer Brief Underwear – 100% Premium Combed Cotton, Regular Fit Stretch Boxer Trunks with Double-Layered Pouch & Elastic Waistband (S–XL)",FR,339.00,664.44,96.00,73.00,50.00,586.47
27cfb010-8414-45eb-b8f3-deeb4c30d510,"Crusoe Men’s Boxer Brief Underwear – 100% Premium Combed Cotton, Regular Fit Stretch Boxer Trunks with Double-Layered Pouch & Elastic Waistband (S–XL)",GB,339.00,664.44,96.00,73.00,50.00,586.47
27cfb010-8414-45eb-b8f3-deeb4c30d510,"Crusoe Men’s Boxer Brief Underwear – 100% Premium Combed Cotton, Regular Fit Stretch Boxer Trunks with Double-Layered Pouch & Elastic Waistband (S–XL)",IE,339.00,681.39,101.00,78.00,55.00,603.42
27cfb010-8414-45eb-b8f3-deeb4c30d510,"Crusoe Men’s Boxer Brief Underwear – 100% Premium Combed Cotton, Regular Fit Stretch Boxer Trunks with Double-Layered Pouch & Elastic Waistband (S–XL)",KE,339.00,664.44,96.00,73.00,50.00,586.47
27cfb010-8414-45eb-b8f3-deeb4c30d510,"Crusoe Men’s Boxer Brief Underwear – 100% Premium Combed Cotton, Regular Fit Stretch Boxer Trunks with Double-Layered Pouch & Elastic Waistband (S–XL)",MT,339.00,664.44,96.00,73.00,50.00,586.47
27cfb010-8414-45eb-b8f3-deeb4c30d510,"Crusoe Men’s Boxer Brief Underwear – 100% Premium Combed Cotton, Regular Fit Stretch Boxer Trunks with Double-Layered Pouch & Elastic Waistband (S–XL)",US,339.00,664.44,96.00,73.00,50.00,586.47
a9ba8c26-ebbe-4120-a7ed-fc9aa1396f30,Crusoe Men’s Classic Boxer | 100% Combed Cotton | Relaxed Fit Woven Boxer Shorts ((S-XXL),AL,459.00,899.64,96.00,73.00,50.00,794.07
a9ba8c26-ebbe-4120-a7ed-fc9aa1396f30,Crusoe Men’s Classic Boxer | 100% Combed Cotton | Relaxed Fit Woven Boxer Shorts ((S-XXL),CH,459.00,899.64,96.00,73.00,50.00,794.07
a9ba8c26-ebbe-4120-a7ed-fc9aa1396f30,Crusoe Men’s Classic Boxer | 100% Combed Cotton | Relaxed Fit Woven Boxer Shorts ((S-XXL),DE,459.00,899.64,96.00,73.00,50.00,794.07
a9ba8c26-ebbe-4120-a7ed-fc9aa1396f30,Crusoe Men’s Classic Boxer | 100% Combed Cotton | Relaxed Fit Woven Boxer Shorts ((S-XXL),FR,459.00,899.64,96.00,73.00,50.00,794.07
a9ba8c26-ebbe-4120-a7ed-fc9aa1396f30,Crusoe Men’s Classic Boxer | 100% Combed Cotton | Relaxed Fit Woven Boxer Shorts ((S-XXL),GB,459.00,899.64,96.00,73.00,50.00,794.07
a9ba8c26-ebbe-4120-a7ed-fc9aa1396f30,Crusoe Men’s Classic Boxer | 100% Combed Cotton | Relaxed Fit Woven Boxer Shorts ((S-XXL),IE,459.00,922.59,101.00,78.00,55.00,817.02
a9ba8c26-ebbe-4120-a7ed-fc9aa1396f30,Crusoe Men’s Classic Boxer | 100% Combed Cotton | Relaxed Fit Woven Boxer Shorts ((S-XXL),KE,459.00,899.64,96.00,73.00,50.00,794.07
a9ba8c26-ebbe-4120-a7ed-fc9aa1396f30,Crusoe Men’s Classic Boxer | 100% Combed Cotton | Relaxed Fit Woven Boxer Shorts ((S-XXL),MT,459.00,899.64,96.00,73.00,50.00,794.07
a9ba8c26-ebbe-4120-a7ed-fc9aa1396f30,Crusoe Men’s Classic Boxer | 100% Combed Cotton | Relaxed Fit Woven Boxer Shorts ((S-XXL),US,459.00,899.64,96.00,73.00,50.00,794.07
c55e2c21-e03d-4f02-bb30-2af7c23b5f8c,Crusoe Men’s Classic Boxer | 100% Combed Cotton | Relaxed Fit Woven Boxer Shorts (S-XXL) Pack of 2,IE,828.00,1581.48,91.00,68.00,45.00,1391.04
31f9b679-8f25-43d8-92ea-63567de2ccd5,"Crusoe Men’s Classic Brief Underwear – 100% Combed Cotton, Relaxed Fit Breathable Briefs with Soft Elastic Waistband, Comfortable Daily Wear Innerwear (S–XL)",AL,275.00,539.00,96.00,73.00,50.00,475.75
31f9b679-8f25-43d8-92ea-63567de2ccd5,"Crusoe Men’s Classic Brief Underwear – 100% Combed Cotton, Relaxed Fit Breathable Briefs with Soft Elastic Waistband, Comfortable Daily Wear Innerwear (S–XL)",CH,275.00,539.00,96.00,73.00,50.00,475.75
31f9b679-8f25-43d8-92ea-63567de2ccd5,"Crusoe Men’s Classic Brief Underwear – 100% Combed Cotton, Relaxed Fit Breathable Briefs with Soft Elastic Waistband, Comfortable Daily Wear Innerwear (S–XL)",DE,275.00,539.00,96.00,73.00,50.00,475.75
31f9b679-8f25-43d8-92ea-63567de2ccd5,"Crusoe Men’s Classic Brief Underwear – 100% Combed Cotton, Relaxed Fit Breathable Briefs with Soft Elastic Waistband, Comfortable Daily Wear Innerwear (S–XL)",FR,275.00,539.00,96.00,73.00,50.00,475.75
31f9b679-8f25-43d8-92ea-63567de2ccd5,"Crusoe Men’s Classic Brief Underwear – 100% Combed Cotton, Relaxed Fit Breathable Briefs with Soft Elastic Waistband, Comfortable Daily Wear Innerwear (S–XL)",GB,275.00,539.00,96.00,73.00,50.00,475.75
31f9b679-8f25-43d8-92ea-63567de2ccd5,"Crusoe Men’s Classic Brief Underwear – 100% Combed Cotton, Relaxed Fit Breathable Briefs with Soft Elastic Waistband, Comfortable Daily Wear Innerwear (S–XL)",IE,275.00,552.75,101.00,78.00,55.00,489.50
31f9b679-8f25-43d8-92ea-63567de2ccd5,"Crusoe Men’s Classic Brief Underwear – 100% Combed Cotton, Relaxed Fit Breathable Briefs with Soft Elastic Waistband, Comfortable Daily Wear Innerwear (S–XL)",KE,275.00,539.00,96.00,73.00,50.00,475.75
31f9b679-8f25-43d8-92ea-63567de2ccd5,"Crusoe Men’s Classic Brief Underwear – 100% Combed Cotton, Relaxed Fit Breathable Briefs with Soft Elastic Waistband, Comfortable Daily Wear Innerwear (S–XL)",MT,275.00,539.00,96.00,73.00,50.00,475.75
31f9b679-8f25-43d8-92ea-63567de2ccd5,"Crusoe Men’s Classic Brief Underwear – 100% Combed Cotton, Relaxed Fit Breathable Briefs with Soft Elastic Waistband, Comfortable Daily Wear Innerwear (S–XL)",US,275.00,539.00,96.00,73.00,50.00,475.75
7bcc9036-1560-4f22-93ec-46548a8b1db6,"Crusoe Men’s Classic Brief Underwear – 100% Combed Cotton, Relaxed Fit Breathable Briefs with Soft Elastic Waistband, Comfortable Daily Wear Innerwear (S–XL)(PACK OF 2)",AL,460.00,901.60,96.00,73.00,50.00,795.80
7bcc9036-1560-4f22-93ec-46548a8b1db6,"Crusoe Men’s Classic Brief Underwear – 100% Combed Cotton, Relaxed Fit Breathable Briefs with Soft Elastic Waistband, Comfortable Daily Wear Innerwear (S–XL)(PACK OF 2)",CH,460.00,901.60,96.00,73.00,50.00,795.80
7bcc9036-1560-4f22-93ec-46548a8b1db6,"Crusoe Men’s Classic Brief Underwear – 100% Combed Cotton, Relaxed Fit Breathable Briefs with Soft Elastic Waistband, Comfortable Daily Wear Innerwear (S–XL)(PACK OF 2)",DE,460.00,901.60,96.00,73.00,50.00,795.80
7bcc9036-1560-4f22-93ec-46548a8b1db6,"Crusoe Men’s Classic Brief Underwear – 100% Combed Cotton, Relaxed Fit Breathable Briefs with Soft Elastic Waistband, Comfortable Daily Wear Innerwear (S–XL)(PACK OF 2)",FR,460.00,901.60,96.00,73.00,50.00,795.80
7bcc9036-1560-4f22-93ec-46548a8b1db6,"Crusoe Men’s Classic Brief Underwear – 100% Combed Cotton, Relaxed Fit Breathable Briefs with Soft Elastic Waistband, Comfortable Daily Wear Innerwear (S–XL)(PACK OF 2)",GB,460.00,901.60,96.00,73.00,50.00,795.80
7bcc9036-1560-4f22-93ec-46548a8b1db6,"Crusoe Men’s Classic Brief Underwear – 100% Combed Cotton, Relaxed Fit Breathable Briefs with Soft Elastic Waistband, Comfortable Daily Wear Innerwear (S–XL)(PACK OF 2)",IE,460.00,924.60,101.00,78.00,55.00,818.80
7bcc9036-1560-4f22-93ec-46548a8b1db6,"Crusoe Men’s Classic Brief Underwear – 100% Combed Cotton, Relaxed Fit Breathable Briefs with Soft Elastic Waistband, Comfortable Daily Wear Innerwear (S–XL)(PACK OF 2)",KE,460.00,901.60,96.00,73.00,50.00,795.80
7bcc9036-1560-4f22-93ec-46548a8b1db6,"Crusoe Men’s Classic Brief Underwear – 100% Combed Cotton, Relaxed Fit Breathable Briefs with Soft Elastic Waistband, Comfortable Daily Wear Innerwear (S–XL)(PACK OF 2)",MT,460.00,901.60,96.00,73.00,50.00,795.80
7bcc9036-1560-4f22-93ec-46548a8b1db6,"Crusoe Men’s Classic Brief Underwear – 100% Combed Cotton, Relaxed Fit Breathable Briefs with Soft Elastic Waistband, Comfortable Daily Wear Innerwear (S–XL)(PACK OF 2)",US,460.00,901.60,96.00,73.00,50.00,795.80
58f50d6d-9494-4689-8252-c59615362e3f,"Crusoe Men’s Contrast Vest – 100% Combed Cotton Sleeveless Tank Top, Form-Fitting Design, Breathable Fabric, Modern Color Block Style, S-XL Gym & Daily Wear",AL,409.00,801.64,96.00,73.00,50.00,707.57
58f50d6d-9494-4689-8252-c59615362e3f,"Crusoe Men’s Contrast Vest – 100% Combed Cotton Sleeveless Tank Top, Form-Fitting Design, Breathable Fabric, Modern Color Block Style, S-XL Gym & Daily Wear",CH,409.00,801.64,96.00,73.00,50.00,707.57
58f50d6d-9494-4689-8252-c59615362e3f,"Crusoe Men’s Contrast Vest – 100% Combed Cotton Sleeveless Tank Top, Form-Fitting Design, Breathable Fabric, Modern Color Block Style, S-XL Gym & Daily Wear",DE,409.00,801.64,96.00,73.00,50.00,707.57
58f50d6d-9494-4689-8252-c59615362e3f,"Crusoe Men’s Contrast Vest – 100% Combed Cotton Sleeveless Tank Top, Form-Fitting Design, Breathable Fabric, Modern Color Block Style, S-XL Gym & Daily Wear",FR,409.00,801.64,96.00,73.00,50.00,707.57
58f50d6d-9494-4689-8252-c59615362e3f,"Crusoe Men’s Contrast Vest – 100% Combed Cotton Sleeveless Tank Top, Form-Fitting Design, Breathable Fabric, Modern Color Block Style, S-XL Gym & Daily Wear",GB,409.00,801.64,96.00,73.00,50.00,707.57
58f50d6d-9494-4689-8252-c59615362e3f,"Crusoe Men’s Contrast Vest – 100% Combed Cotton Sleeveless Tank Top, Form-Fitting Design, Breathable Fabric, Modern Color Block Style, S-XL Gym & Daily Wear",IE,409.00,822.09,101.00,78.00,55.00,728.02
58f50d6d-9494-4689-8252-c59615362e3f,"Crusoe Men’s Contrast Vest – 100% Combed Cotton Sleeveless Tank Top, Form-Fitting Design, Breathable Fabric, Modern Color Block Style, S-XL Gym & Daily Wear",KE,409.00,801.64,96.00,73.00,50.00,707.57
58f50d6d-9494-4689-8252-c59615362e3f,"Crusoe Men’s Contrast Vest – 100% Combed Cotton Sleeveless Tank Top, Form-Fitting Design, Breathable Fabric, Modern Color Block Style, S-XL Gym & Daily Wear",MT,409.00,801.64,96.00,73.00,50.00,707.57
58f50d6d-9494-4689-8252-c59615362e3f,"Crusoe Men’s Contrast Vest – 100% Combed Cotton Sleeveless Tank Top, Form-Fitting Design, Breathable Fabric, Modern Color Block Style, S-XL Gym & Daily Wear",US,409.00,801.64,96.00,73.00,50.00,707.57
c5fc1899-ea01-461b-a73f-d691056cdfac,"Crusoe Men’s Cotton Trunk Underwear – Soft Combed Hosiery Fabric, Stretch Rib Design, Label-Free Comfort, Wide Waistband, S-XL Everyday Wear",AL,339.00,664.44,96.00,73.00,50.00,586.47
c5fc1899-ea01-461b-a73f-d691056cdfac,"Crusoe Men’s Cotton Trunk Underwear – Soft Combed Hosiery Fabric, Stretch Rib Design, Label-Free Comfort, Wide Waistband, S-XL Everyday Wear",CH,339.00,664.44,96.00,73.00,50.00,586.47
c5fc1899-ea01-461b-a73f-d691056cdfac,"Crusoe Men’s Cotton Trunk Underwear – Soft Combed Hosiery Fabric, Stretch Rib Design, Label-Free Comfort, Wide Waistband, S-XL Everyday Wear",DE,339.00,664.44,96.00,73.00,50.00,586.47
c5fc1899-ea01-461b-a73f-d691056cdfac,"Crusoe Men’s Cotton Trunk Underwear – Soft Combed Hosiery Fabric, Stretch Rib Design, Label-Free Comfort, Wide Waistband, S-XL Everyday Wear",FR,339.00,664.44,96.00,73.00,50.00,586.47
c5fc1899-ea01-461b-a73f-d691056cdfac,"Crusoe Men’s Cotton Trunk Underwear – Soft Combed Hosiery Fabric, Stretch Rib Design, Label-Free Comfort, Wide Waistband, S-XL Everyday Wear",GB,339.00,664.44,96.00,73.00,50.00,586.47
c5fc1899-ea01-461b-a73f-d691056cdfac,"Crusoe Men’s Cotton Trunk Underwear – Soft Combed Hosiery Fabric, Stretch Rib Design, Label-Free Comfort, Wide Waistband, S-XL Everyday Wear",IE,339.00,681.39,101.00,78.00,55.00,603.42
c5fc1899-ea01-461b-a73f-d691056cdfac,"Crusoe Men’s Cotton Trunk Underwear – Soft Combed Hosiery Fabric, Stretch Rib Design, Label-Free Comfort, Wide Waistband, S-XL Everyday Wear",KE,339.00,664.44,96.00,73.00,50.00,586.47
c5fc1899-ea01-461b-a73f-d691056cdfac,"Crusoe Men’s Cotton Trunk Underwear – Soft Combed Hosiery Fabric, Stretch Rib Design, Label-Free Comfort, Wide Waistband, S-XL Everyday Wear",MT,339.00,664.44,96.00,73.00,50.00,586.47
c5fc1899-ea01-461b-a73f-d691056cdfac,"Crusoe Men’s Cotton Trunk Underwear – Soft Combed Hosiery Fabric, Stretch Rib Design, Label-Free Comfort, Wide Waistband, S-XL Everyday Wear",US,339.00,664.44,96.00,73.00,50.00,586.47
cc665157-f346-4f0f-8f8d-f5b09703abb3,"Crusoe Men’s Cotton X-Tee Vest – Form-Fitting Sleeveless Innerwear, Soft Hosiery Fabric, Anti-Itch Comfort, Stretch Fit Gym & Daily Wear S-XL",AL,349.00,684.04,96.00,73.00,50.00,603.77
cc665157-f346-4f0f-8f8d-f5b09703abb3,"Crusoe Men’s Cotton X-Tee Vest – Form-Fitting Sleeveless Innerwear, Soft Hosiery Fabric, Anti-Itch Comfort, Stretch Fit Gym & Daily Wear S-XL",CH,349.00,684.04,96.00,73.00,50.00,603.77
cc665157-f346-4f0f-8f8d-f5b09703abb3,"Crusoe Men’s Cotton X-Tee Vest – Form-Fitting Sleeveless Innerwear, Soft Hosiery Fabric, Anti-Itch Comfort, Stretch Fit Gym & Daily Wear S-XL",DE,349.00,684.04,96.00,73.00,50.00,603.77
cc665157-f346-4f0f-8f8d-f5b09703abb3,"Crusoe Men’s Cotton X-Tee Vest – Form-Fitting Sleeveless Innerwear, Soft Hosiery Fabric, Anti-Itch Comfort, Stretch Fit Gym & Daily Wear S-XL",FR,349.00,684.04,96.00,73.00,50.00,603.77
cc665157-f346-4f0f-8f8d-f5b09703abb3,"Crusoe Men’s Cotton X-Tee Vest – Form-Fitting Sleeveless Innerwear, Soft Hosiery Fabric, Anti-Itch Comfort, Stretch Fit Gym & Daily Wear S-XL",GB,349.00,684.04,96.00,73.00,50.00,603.77
cc665157-f346-4f0f-8f8d-f5b09703abb3,"Crusoe Men’s Cotton X-Tee Vest – Form-Fitting Sleeveless Innerwear, Soft Hosiery Fabric, Anti-Itch Comfort, Stretch Fit Gym & Daily Wear S-XL",IE,349.00,701.49,101.00,78.00,55.00,621.22
cc665157-f346-4f0f-8f8d-f5b09703abb3,"Crusoe Men’s Cotton X-Tee Vest – Form-Fitting Sleeveless Innerwear, Soft Hosiery Fabric, Anti-Itch Comfort, Stretch Fit Gym & Daily Wear S-XL",KE,349.00,684.04,96.00,73.00,50.00,603.77
cc665157-f346-4f0f-8f8d-f5b09703abb3,"Crusoe Men’s Cotton X-Tee Vest – Form-Fitting Sleeveless Innerwear, Soft Hosiery Fabric, Anti-Itch Comfort, Stretch Fit Gym & Daily Wear S-XL",MT,349.00,684.04,96.00,73.00,50.00,603.77
cc665157-f346-4f0f-8f8d-f5b09703abb3,"Crusoe Men’s Cotton X-Tee Vest – Form-Fitting Sleeveless Innerwear, Soft Hosiery Fabric, Anti-Itch Comfort, Stretch Fit Gym & Daily Wear S-XL",US,349.00,684.04,96.00,73.00,50.00,603.77
9d8c45fd-71a4-4ccb-9e1a-656a8cd0518a,"Crusoe Men’s Cuba Brief Underwear – 100% Combed Cotton, Relaxed Fit Breathable Briefs with Elastic Waistband, Soft Daily Wear Innerwear (S–XXL)",AL,230.00,450.80,96.00,73.00,50.00,397.90
9d8c45fd-71a4-4ccb-9e1a-656a8cd0518a,"Crusoe Men’s Cuba Brief Underwear – 100% Combed Cotton, Relaxed Fit Breathable Briefs with Elastic Waistband, Soft Daily Wear Innerwear (S–XXL)",CH,230.00,450.80,96.00,73.00,50.00,397.90
9d8c45fd-71a4-4ccb-9e1a-656a8cd0518a,"Crusoe Men’s Cuba Brief Underwear – 100% Combed Cotton, Relaxed Fit Breathable Briefs with Elastic Waistband, Soft Daily Wear Innerwear (S–XXL)",DE,230.00,450.80,96.00,73.00,50.00,397.90
9d8c45fd-71a4-4ccb-9e1a-656a8cd0518a,"Crusoe Men’s Cuba Brief Underwear – 100% Combed Cotton, Relaxed Fit Breathable Briefs with Elastic Waistband, Soft Daily Wear Innerwear (S–XXL)",FR,230.00,450.80,96.00,73.00,50.00,397.90
9d8c45fd-71a4-4ccb-9e1a-656a8cd0518a,"Crusoe Men’s Cuba Brief Underwear – 100% Combed Cotton, Relaxed Fit Breathable Briefs with Elastic Waistband, Soft Daily Wear Innerwear (S–XXL)",GB,230.00,450.80,96.00,73.00,50.00,397.90
9d8c45fd-71a4-4ccb-9e1a-656a8cd0518a,"Crusoe Men’s Cuba Brief Underwear – 100% Combed Cotton, Relaxed Fit Breathable Briefs with Elastic Waistband, Soft Daily Wear Innerwear (S–XXL)",IE,230.00,462.30,101.00,78.00,55.00,409.40
9d8c45fd-71a4-4ccb-9e1a-656a8cd0518a,"Crusoe Men’s Cuba Brief Underwear – 100% Combed Cotton, Relaxed Fit Breathable Briefs with Elastic Waistband, Soft Daily Wear Innerwear (S–XXL)",KE,230.00,450.80,96.00,73.00,50.00,397.90
9d8c45fd-71a4-4ccb-9e1a-656a8cd0518a,"Crusoe Men’s Cuba Brief Underwear – 100% Combed Cotton, Relaxed Fit Breathable Briefs with Elastic Waistband, Soft Daily Wear Innerwear (S–XXL)",MT,230.00,450.80,96.00,73.00,50.00,397.90
9d8c45fd-71a4-4ccb-9e1a-656a8cd0518a,"Crusoe Men’s Cuba Brief Underwear – 100% Combed Cotton, Relaxed Fit Breathable Briefs with Elastic Waistband, Soft Daily Wear Innerwear (S–XXL)",US,230.00,450.80,96.00,73.00,50.00,397.90
ec738617-224c-4358-9c9f-0b6a33b14a0b,"Crusoe Men’s Cuba Brief Underwear – 100% Combed Cotton, Relaxed Fit Breathable Briefs with Elastic Waistband, Soft Daily Wear Innerwear (S–XXL)(PACK OF 3)",IE,536.99,1025.66,91.00,68.00,45.00,902.15
5a0b5d5b-e8dc-485c-940b-15b3025438fe,"Crusoe Men’s Cult Brief Underwear – 100% Combed Hosiery Cotton, Relaxed Fit, Soft Breathable Fabric, Stretchable Comfort Waistband, S-XXL Daily Wear",AL,245.00,480.20,96.00,73.00,50.00,423.85
5a0b5d5b-e8dc-485c-940b-15b3025438fe,"Crusoe Men’s Cult Brief Underwear – 100% Combed Hosiery Cotton, Relaxed Fit, Soft Breathable Fabric, Stretchable Comfort Waistband, S-XXL Daily Wear",CH,245.00,480.20,96.00,73.00,50.00,423.85
5a0b5d5b-e8dc-485c-940b-15b3025438fe,"Crusoe Men’s Cult Brief Underwear – 100% Combed Hosiery Cotton, Relaxed Fit, Soft Breathable Fabric, Stretchable Comfort Waistband, S-XXL Daily Wear",DE,245.00,480.20,96.00,73.00,50.00,423.85
5a0b5d5b-e8dc-485c-940b-15b3025438fe,"Crusoe Men’s Cult Brief Underwear – 100% Combed Hosiery Cotton, Relaxed Fit, Soft Breathable Fabric, Stretchable Comfort Waistband, S-XXL Daily Wear",FR,245.00,480.20,96.00,73.00,50.00,423.85
5a0b5d5b-e8dc-485c-940b-15b3025438fe,"Crusoe Men’s Cult Brief Underwear – 100% Combed Hosiery Cotton, Relaxed Fit, Soft Breathable Fabric, Stretchable Comfort Waistband, S-XXL Daily Wear",GB,245.00,480.20,96.00,73.00,50.00,423.85
5a0b5d5b-e8dc-485c-940b-15b3025438fe,"Crusoe Men’s Cult Brief Underwear – 100% Combed Hosiery Cotton, Relaxed Fit, Soft Breathable Fabric, Stretchable Comfort Waistband, S-XXL Daily Wear",IE,245.00,492.45,101.00,78.00,55.00,436.10
5a0b5d5b-e8dc-485c-940b-15b3025438fe,"Crusoe Men’s Cult Brief Underwear – 100% Combed Hosiery Cotton, Relaxed Fit, Soft Breathable Fabric, Stretchable Comfort Waistband, S-XXL Daily Wear",KE,245.00,480.20,96.00,73.00,50.00,423.85
5a0b5d5b-e8dc-485c-940b-15b3025438fe,"Crusoe Men’s Cult Brief Underwear – 100% Combed Hosiery Cotton, Relaxed Fit, Soft Breathable Fabric, Stretchable Comfort Waistband, S-XXL Daily Wear",MT,245.00,480.20,96.00,73.00,50.00,423.85
5a0b5d5b-e8dc-485c-940b-15b3025438fe,"Crusoe Men’s Cult Brief Underwear – 100% Combed Hosiery Cotton, Relaxed Fit, Soft Breathable Fabric, Stretchable Comfort Waistband, S-XXL Daily Wear",US,245.00,480.20,96.00,73.00,50.00,423.85
cd37568c-62c7-4f0f-9f74-2aa96aa7a8ab,"Crusoe Men’s Cult Brief Underwear – 100% Combed Hosiery Cotton, Relaxed Fit, Soft Breathable Fabric, Stretchable Comfort Waistband, S-XXL Daily Wear(PACK OF 2)",IE,557.00,1063.87,91.00,68.00,45.00,935.76
db8254ab-ecf9-43ae-b264-43f63b6bba27,"Crusoe Men’s Deck Shorts Boxer – 100% Combed Mercerised Cotton, Body Fit, Breathable Printed Design, Soft Waistband Comfort, S-XXL Everyday Wear",IE,509.00,972.19,91.00,68.00,45.00,855.12
ec75f40c-337b-49cc-99d4-88e2bfbd1490,Crusoe Men’s Derby Vest | 100% Combed Hosiery Cotton | Regular Fit | Sleeveless Innerwear | Pack of 1 (S-XL),AL,289.00,566.44,96.00,73.00,50.00,499.97
ec75f40c-337b-49cc-99d4-88e2bfbd1490,Crusoe Men’s Derby Vest | 100% Combed Hosiery Cotton | Regular Fit | Sleeveless Innerwear | Pack of 1 (S-XL),CH,289.00,566.44,96.00,73.00,50.00,499.97
ec75f40c-337b-49cc-99d4-88e2bfbd1490,Crusoe Men’s Derby Vest | 100% Combed Hosiery Cotton | Regular Fit | Sleeveless Innerwear | Pack of 1 (S-XL),DE,289.00,566.44,96.00,73.00,50.00,499.97
ec75f40c-337b-49cc-99d4-88e2bfbd1490,Crusoe Men’s Derby Vest | 100% Combed Hosiery Cotton | Regular Fit | Sleeveless Innerwear | Pack of 1 (S-XL),FR,289.00,566.44,96.00,73.00,50.00,499.97
ec75f40c-337b-49cc-99d4-88e2bfbd1490,Crusoe Men’s Derby Vest | 100% Combed Hosiery Cotton | Regular Fit | Sleeveless Innerwear | Pack of 1 (S-XL),GB,289.00,566.44,96.00,73.00,50.00,499.97
ec75f40c-337b-49cc-99d4-88e2bfbd1490,Crusoe Men’s Derby Vest | 100% Combed Hosiery Cotton | Regular Fit | Sleeveless Innerwear | Pack of 1 (S-XL),IE,289.00,580.89,101.00,78.00,55.00,514.42
ec75f40c-337b-49cc-99d4-88e2bfbd1490,Crusoe Men’s Derby Vest | 100% Combed Hosiery Cotton | Regular Fit | Sleeveless Innerwear | Pack of 1 (S-XL),KE,289.00,566.44,96.00,73.00,50.00,499.97
ec75f40c-337b-49cc-99d4-88e2bfbd1490,Crusoe Men’s Derby Vest | 100% Combed Hosiery Cotton | Regular Fit | Sleeveless Innerwear | Pack of 1 (S-XL),MT,289.00,566.44,96.00,73.00,50.00,499.97
ec75f40c-337b-49cc-99d4-88e2bfbd1490,Crusoe Men’s Derby Vest | 100% Combed Hosiery Cotton | Regular Fit | Sleeveless Innerwear | Pack of 1 (S-XL),US,289.00,566.44,96.00,73.00,50.00,499.97
fc0b6962-b0b6-4567-bf45-08346262df59,Crusoe Men’s Derby Vest | 100% Combed Hosiery Cotton | Regular Fit | Sleeveless Innerwear | Pack of 2 (S-XL),AL,508.00,1046.48,106.00,83.00,60.00,929.64
fc0b6962-b0b6-4567-bf45-08346262df59,Crusoe Men’s Derby Vest | 100% Combed Hosiery Cotton | Regular Fit | Sleeveless Innerwear | Pack of 2 (S-XL),CH,508.00,1046.48,106.00,83.00,60.00,929.64
fc0b6962-b0b6-4567-bf45-08346262df59,Crusoe Men’s Derby Vest | 100% Combed Hosiery Cotton | Regular Fit | Sleeveless Innerwear | Pack of 2 (S-XL),DE,508.00,1046.48,106.00,83.00,60.00,929.64
fc0b6962-b0b6-4567-bf45-08346262df59,Crusoe Men’s Derby Vest | 100% Combed Hosiery Cotton | Regular Fit | Sleeveless Innerwear | Pack of 2 (S-XL),FR,508.00,1046.48,106.00,83.00,60.00,929.64
fc0b6962-b0b6-4567-bf45-08346262df59,Crusoe Men’s Derby Vest | 100% Combed Hosiery Cotton | Regular Fit | Sleeveless Innerwear | Pack of 2 (S-XL),GB,508.00,1046.48,106.00,83.00,60.00,929.64
fc0b6962-b0b6-4567-bf45-08346262df59,Crusoe Men’s Derby Vest | 100% Combed Hosiery Cotton | Regular Fit | Sleeveless Innerwear | Pack of 2 (S-XL),IE,508.00,1071.88,111.00,88.00,65.00,955.04
fc0b6962-b0b6-4567-bf45-08346262df59,Crusoe Men’s Derby Vest | 100% Combed Hosiery Cotton | Regular Fit | Sleeveless Innerwear | Pack of 2 (S-XL),KE,508.00,1046.48,106.00,83.00,60.00,929.64
fc0b6962-b0b6-4567-bf45-08346262df59,Crusoe Men’s Derby Vest | 100% Combed Hosiery Cotton | Regular Fit | Sleeveless Innerwear | Pack of 2 (S-XL),MT,508.00,1046.48,106.00,83.00,60.00,929.64
fc0b6962-b0b6-4567-bf45-08346262df59,Crusoe Men’s Derby Vest | 100% Combed Hosiery Cotton | Regular Fit | Sleeveless Innerwear | Pack of 2 (S-XL),US,508.00,1046.48,106.00,83.00,60.00,929.64
111aac93-b7c0-4d8e-9ff5-05e97378b183,Crusoe Men’s Easy Tee  | 100% Premium Combed Cotton | Relaxed Fit | Sleeveless Rib Vest | Pack of 1 (S-XL),AL,429.00,840.84,96.00,73.00,50.00,742.17
111aac93-b7c0-4d8e-9ff5-05e97378b183,Crusoe Men’s Easy Tee  | 100% Premium Combed Cotton | Relaxed Fit | Sleeveless Rib Vest | Pack of 1 (S-XL),CH,429.00,840.84,96.00,73.00,50.00,742.17
111aac93-b7c0-4d8e-9ff5-05e97378b183,Crusoe Men’s Easy Tee  | 100% Premium Combed Cotton | Relaxed Fit | Sleeveless Rib Vest | Pack of 1 (S-XL),DE,429.00,840.84,96.00,73.00,50.00,742.17
111aac93-b7c0-4d8e-9ff5-05e97378b183,Crusoe Men’s Easy Tee  | 100% Premium Combed Cotton | Relaxed Fit | Sleeveless Rib Vest | Pack of 1 (S-XL),FR,429.00,840.84,96.00,73.00,50.00,742.17
111aac93-b7c0-4d8e-9ff5-05e97378b183,Crusoe Men’s Easy Tee  | 100% Premium Combed Cotton | Relaxed Fit | Sleeveless Rib Vest | Pack of 1 (S-XL),GB,429.00,840.84,96.00,73.00,50.00,742.17
111aac93-b7c0-4d8e-9ff5-05e97378b183,Crusoe Men’s Easy Tee  | 100% Premium Combed Cotton | Relaxed Fit | Sleeveless Rib Vest | Pack of 1 (S-XL),IE,429.00,862.29,101.00,78.00,55.00,763.62
111aac93-b7c0-4d8e-9ff5-05e97378b183,Crusoe Men’s Easy Tee  | 100% Premium Combed Cotton | Relaxed Fit | Sleeveless Rib Vest | Pack of 1 (S-XL),KE,429.00,840.84,96.00,73.00,50.00,742.17
111aac93-b7c0-4d8e-9ff5-05e97378b183,Crusoe Men’s Easy Tee  | 100% Premium Combed Cotton | Relaxed Fit | Sleeveless Rib Vest | Pack of 1 (S-XL),MT,429.00,840.84,96.00,73.00,50.00,742.17
111aac93-b7c0-4d8e-9ff5-05e97378b183,Crusoe Men’s Easy Tee  | 100% Premium Combed Cotton | Relaxed Fit | Sleeveless Rib Vest | Pack of 1 (S-XL),US,429.00,840.84,96.00,73.00,50.00,742.17
33e47c2f-8e8f-4f9c-8844-98a6c7959355,"Crusoe Men’s Fashion Brief Underwear – Combed Cotton Stretch Fabric, Soft Breathable Fit, Wide Waistband Support, Comfortable Daily Wear, S-XL",AL,309.00,605.64,96.00,73.00,50.00,534.57
33e47c2f-8e8f-4f9c-8844-98a6c7959355,"Crusoe Men’s Fashion Brief Underwear – Combed Cotton Stretch Fabric, Soft Breathable Fit, Wide Waistband Support, Comfortable Daily Wear, S-XL",CH,309.00,605.64,96.00,73.00,50.00,534.57
33e47c2f-8e8f-4f9c-8844-98a6c7959355,"Crusoe Men’s Fashion Brief Underwear – Combed Cotton Stretch Fabric, Soft Breathable Fit, Wide Waistband Support, Comfortable Daily Wear, S-XL",DE,309.00,605.64,96.00,73.00,50.00,534.57
33e47c2f-8e8f-4f9c-8844-98a6c7959355,"Crusoe Men’s Fashion Brief Underwear – Combed Cotton Stretch Fabric, Soft Breathable Fit, Wide Waistband Support, Comfortable Daily Wear, S-XL",FR,309.00,605.64,96.00,73.00,50.00,534.57
33e47c2f-8e8f-4f9c-8844-98a6c7959355,"Crusoe Men’s Fashion Brief Underwear – Combed Cotton Stretch Fabric, Soft Breathable Fit, Wide Waistband Support, Comfortable Daily Wear, S-XL",GB,309.00,605.64,96.00,73.00,50.00,534.57
33e47c2f-8e8f-4f9c-8844-98a6c7959355,"Crusoe Men’s Fashion Brief Underwear – Combed Cotton Stretch Fabric, Soft Breathable Fit, Wide Waistband Support, Comfortable Daily Wear, S-XL",IE,309.00,621.09,101.00,78.00,55.00,550.02
33e47c2f-8e8f-4f9c-8844-98a6c7959355,"Crusoe Men’s Fashion Brief Underwear – Combed Cotton Stretch Fabric, Soft Breathable Fit, Wide Waistband Support, Comfortable Daily Wear, S-XL",KE,309.00,605.64,96.00,73.00,50.00,534.57
33e47c2f-8e8f-4f9c-8844-98a6c7959355,"Crusoe Men’s Fashion Brief Underwear – Combed Cotton Stretch Fabric, Soft Breathable Fit, Wide Waistband Support, Comfortable Daily Wear, S-XL",MT,309.00,605.64,96.00,73.00,50.00,534.57
33e47c2f-8e8f-4f9c-8844-98a6c7959355,"Crusoe Men’s Fashion Brief Underwear – Combed Cotton Stretch Fabric, Soft Breathable Fit, Wide Waistband Support, Comfortable Daily Wear, S-XL",US,309.00,605.64,96.00,73.00,50.00,534.57
a1668f11-9698-4ee9-b5e3-08c57b8acc4a,"Crusoe Men’s Fashion Brief Underwear – Combed Cotton Stretch Fabric, Soft Breathable Fit, Wide Waistband Support, Comfortable Daily Wear, S-XL(PACK OF 2)",IE,528.00,1008.48,91.00,68.00,45.00,887.04
ec32e36b-d9d1-486e-8be1-66cdf31583f0,"Crusoe Men’s Gest Brief Underwear – 100% Combed Cotton, Form Fitting Stretch Briefs with Elastic Waistband, Breathable Daily Wear Innerwear (S–XXL)(PACK OF 1)",AL,229.00,448.84,96.00,73.00,50.00,396.17
ec32e36b-d9d1-486e-8be1-66cdf31583f0,"Crusoe Men’s Gest Brief Underwear – 100% Combed Cotton, Form Fitting Stretch Briefs with Elastic Waistband, Breathable Daily Wear Innerwear (S–XXL)(PACK OF 1)",CH,229.00,448.84,96.00,73.00,50.00,396.17
ec32e36b-d9d1-486e-8be1-66cdf31583f0,"Crusoe Men’s Gest Brief Underwear – 100% Combed Cotton, Form Fitting Stretch Briefs with Elastic Waistband, Breathable Daily Wear Innerwear (S–XXL)(PACK OF 1)",DE,229.00,448.84,96.00,73.00,50.00,396.17
ec32e36b-d9d1-486e-8be1-66cdf31583f0,"Crusoe Men’s Gest Brief Underwear – 100% Combed Cotton, Form Fitting Stretch Briefs with Elastic Waistband, Breathable Daily Wear Innerwear (S–XXL)(PACK OF 1)",FR,229.00,448.84,96.00,73.00,50.00,396.17
ec32e36b-d9d1-486e-8be1-66cdf31583f0,"Crusoe Men’s Gest Brief Underwear – 100% Combed Cotton, Form Fitting Stretch Briefs with Elastic Waistband, Breathable Daily Wear Innerwear (S–XXL)(PACK OF 1)",GB,229.00,448.84,96.00,73.00,50.00,396.17
ec32e36b-d9d1-486e-8be1-66cdf31583f0,"Crusoe Men’s Gest Brief Underwear – 100% Combed Cotton, Form Fitting Stretch Briefs with Elastic Waistband, Breathable Daily Wear Innerwear (S–XXL)(PACK OF 1)",IE,229.00,460.29,101.00,78.00,55.00,407.62
ec32e36b-d9d1-486e-8be1-66cdf31583f0,"Crusoe Men’s Gest Brief Underwear – 100% Combed Cotton, Form Fitting Stretch Briefs with Elastic Waistband, Breathable Daily Wear Innerwear (S–XXL)(PACK OF 1)",KE,229.00,448.84,96.00,73.00,50.00,396.17
ec32e36b-d9d1-486e-8be1-66cdf31583f0,"Crusoe Men’s Gest Brief Underwear – 100% Combed Cotton, Form Fitting Stretch Briefs with Elastic Waistband, Breathable Daily Wear Innerwear (S–XXL)(PACK OF 1)",MT,229.00,448.84,96.00,73.00,50.00,396.17
ec32e36b-d9d1-486e-8be1-66cdf31583f0,"Crusoe Men’s Gest Brief Underwear – 100% Combed Cotton, Form Fitting Stretch Briefs with Elastic Waistband, Breathable Daily Wear Innerwear (S–XXL)(PACK OF 1)",US,229.00,448.84,96.00,73.00,50.00,396.17
f0405d9f-1992-4e48-b9bb-fa62b5056475,"Crusoe Men’s Gest Brief Underwear – 100% Combed Cotton, Form Fitting Stretch Briefs with Elastic Waistband, Breathable Daily Wear Innerwear (S–XXL)(PACK OF 3)",AL,459.00,899.64,96.00,73.00,50.00,794.07
f0405d9f-1992-4e48-b9bb-fa62b5056475,"Crusoe Men’s Gest Brief Underwear – 100% Combed Cotton, Form Fitting Stretch Briefs with Elastic Waistband, Breathable Daily Wear Innerwear (S–XXL)(PACK OF 3)",CH,459.00,899.64,96.00,73.00,50.00,794.07
f0405d9f-1992-4e48-b9bb-fa62b5056475,"Crusoe Men’s Gest Brief Underwear – 100% Combed Cotton, Form Fitting Stretch Briefs with Elastic Waistband, Breathable Daily Wear Innerwear (S–XXL)(PACK OF 3)",DE,459.00,899.64,96.00,73.00,50.00,794.07
f0405d9f-1992-4e48-b9bb-fa62b5056475,"Crusoe Men’s Gest Brief Underwear – 100% Combed Cotton, Form Fitting Stretch Briefs with Elastic Waistband, Breathable Daily Wear Innerwear (S–XXL)(PACK OF 3)",FR,459.00,899.64,96.00,73.00,50.00,794.07
f0405d9f-1992-4e48-b9bb-fa62b5056475,"Crusoe Men’s Gest Brief Underwear – 100% Combed Cotton, Form Fitting Stretch Briefs with Elastic Waistband, Breathable Daily Wear Innerwear (S–XXL)(PACK OF 3)",GB,459.00,899.64,96.00,73.00,50.00,794.07
f0405d9f-1992-4e48-b9bb-fa62b5056475,"Crusoe Men’s Gest Brief Underwear – 100% Combed Cotton, Form Fitting Stretch Briefs with Elastic Waistband, Breathable Daily Wear Innerwear (S–XXL)(PACK OF 3)",IE,459.00,922.59,101.00,78.00,55.00,817.02
f0405d9f-1992-4e48-b9bb-fa62b5056475,"Crusoe Men’s Gest Brief Underwear – 100% Combed Cotton, Form Fitting Stretch Briefs with Elastic Waistband, Breathable Daily Wear Innerwear (S–XXL)(PACK OF 3)",KE,459.00,899.64,96.00,73.00,50.00,794.07
f0405d9f-1992-4e48-b9bb-fa62b5056475,"Crusoe Men’s Gest Brief Underwear – 100% Combed Cotton, Form Fitting Stretch Briefs with Elastic Waistband, Breathable Daily Wear Innerwear (S–XXL)(PACK OF 3)",MT,459.00,899.64,96.00,73.00,50.00,794.07
f0405d9f-1992-4e48-b9bb-fa62b5056475,"Crusoe Men’s Gest Brief Underwear – 100% Combed Cotton, Form Fitting Stretch Briefs with Elastic Waistband, Breathable Daily Wear Innerwear (S–XXL)(PACK OF 3)",US,459.00,899.64,96.00,73.00,50.00,794.07
686de09e-e5cc-4ded-adf2-a094d4c9bd3d,Crusoe Men’s Lounge Shorts #4019 | Cotton Rich Stretch Fabric | Comfortable Regular Fit | Casual & Home Wear,IE,995.00,1900.45,91.00,68.00,45.00,1671.60
0319cc99-6038-4ba3-955e-b81b117ee3b7,"Crusoe Men’s Maverick Brief Underwear – Combed Cotton Stretch Fabric, Relaxed Fit, Soft Breathable Design, Elastic Waistband Comfort, S-XL Daily Wear",AL,359.00,703.64,96.00,73.00,50.00,621.07
0319cc99-6038-4ba3-955e-b81b117ee3b7,"Crusoe Men’s Maverick Brief Underwear – Combed Cotton Stretch Fabric, Relaxed Fit, Soft Breathable Design, Elastic Waistband Comfort, S-XL Daily Wear",CH,359.00,703.64,96.00,73.00,50.00,621.07
0319cc99-6038-4ba3-955e-b81b117ee3b7,"Crusoe Men’s Maverick Brief Underwear – Combed Cotton Stretch Fabric, Relaxed Fit, Soft Breathable Design, Elastic Waistband Comfort, S-XL Daily Wear",DE,359.00,703.64,96.00,73.00,50.00,621.07
0319cc99-6038-4ba3-955e-b81b117ee3b7,"Crusoe Men’s Maverick Brief Underwear – Combed Cotton Stretch Fabric, Relaxed Fit, Soft Breathable Design, Elastic Waistband Comfort, S-XL Daily Wear",FR,359.00,703.64,96.00,73.00,50.00,621.07
0319cc99-6038-4ba3-955e-b81b117ee3b7,"Crusoe Men’s Maverick Brief Underwear – Combed Cotton Stretch Fabric, Relaxed Fit, Soft Breathable Design, Elastic Waistband Comfort, S-XL Daily Wear",GB,359.00,703.64,96.00,73.00,50.00,621.07
0319cc99-6038-4ba3-955e-b81b117ee3b7,"Crusoe Men’s Maverick Brief Underwear – Combed Cotton Stretch Fabric, Relaxed Fit, Soft Breathable Design, Elastic Waistband Comfort, S-XL Daily Wear",IE,359.00,721.59,101.00,78.00,55.00,639.02
0319cc99-6038-4ba3-955e-b81b117ee3b7,"Crusoe Men’s Maverick Brief Underwear – Combed Cotton Stretch Fabric, Relaxed Fit, Soft Breathable Design, Elastic Waistband Comfort, S-XL Daily Wear",KE,359.00,703.64,96.00,73.00,50.00,621.07
0319cc99-6038-4ba3-955e-b81b117ee3b7,"Crusoe Men’s Maverick Brief Underwear – Combed Cotton Stretch Fabric, Relaxed Fit, Soft Breathable Design, Elastic Waistband Comfort, S-XL Daily Wear",MT,359.00,703.64,96.00,73.00,50.00,621.07
0319cc99-6038-4ba3-955e-b81b117ee3b7,"Crusoe Men’s Maverick Brief Underwear – Combed Cotton Stretch Fabric, Relaxed Fit, Soft Breathable Design, Elastic Waistband Comfort, S-XL Daily Wear",US,359.00,703.64,96.00,73.00,50.00,621.07
db3dd360-27db-4e56-b7b9-3ba68d46d2d2,"Crusoe Men’s Micro Modal Trunk| Lenzing micro modal stretch fabric | Ultra-Soft Micro Modal Stretch Fabric | Breathable, Lightweight & Snug Fit , Pack of 2",IE,668.00,1275.88,91.00,68.00,45.00,1122.24
851921ca-abaf-4491-b224-f3a0a2acb0af,Crusoe Men’s Pocket Trunk #0999 Pack of 2 | 100% Combed Hosiery Cotton | Snug Fit Innerwear,IE,543.00,1037.13,91.00,68.00,45.00,912.24
7af2fc85-8c4a-48d5-ab8f-4f6f3292b7b3,"Crusoe Men’s Pocket Trunk Underwear – 100% Combed Cotton, Snug Fit Boxer Briefs with Front Support Pouch, Stretchable Breathable Innerwear (S–XXL)",AL,319.00,625.24,96.00,73.00,50.00,551.87
7af2fc85-8c4a-48d5-ab8f-4f6f3292b7b3,"Crusoe Men’s Pocket Trunk Underwear – 100% Combed Cotton, Snug Fit Boxer Briefs with Front Support Pouch, Stretchable Breathable Innerwear (S–XXL)",CH,319.00,625.24,96.00,73.00,50.00,551.87
7af2fc85-8c4a-48d5-ab8f-4f6f3292b7b3,"Crusoe Men’s Pocket Trunk Underwear – 100% Combed Cotton, Snug Fit Boxer Briefs with Front Support Pouch, Stretchable Breathable Innerwear (S–XXL)",DE,319.00,625.24,96.00,73.00,50.00,551.87
7af2fc85-8c4a-48d5-ab8f-4f6f3292b7b3,"Crusoe Men’s Pocket Trunk Underwear – 100% Combed Cotton, Snug Fit Boxer Briefs with Front Support Pouch, Stretchable Breathable Innerwear (S–XXL)",FR,319.00,625.24,96.00,73.00,50.00,551.87
7af2fc85-8c4a-48d5-ab8f-4f6f3292b7b3,"Crusoe Men’s Pocket Trunk Underwear – 100% Combed Cotton, Snug Fit Boxer Briefs with Front Support Pouch, Stretchable Breathable Innerwear (S–XXL)",GB,319.00,625.24,96.00,73.00,50.00,551.87
7af2fc85-8c4a-48d5-ab8f-4f6f3292b7b3,"Crusoe Men’s Pocket Trunk Underwear – 100% Combed Cotton, Snug Fit Boxer Briefs with Front Support Pouch, Stretchable Breathable Innerwear (S–XXL)",IE,319.00,641.19,101.00,78.00,55.00,567.82
7af2fc85-8c4a-48d5-ab8f-4f6f3292b7b3,"Crusoe Men’s Pocket Trunk Underwear – 100% Combed Cotton, Snug Fit Boxer Briefs with Front Support Pouch, Stretchable Breathable Innerwear (S–XXL)",KE,319.00,625.24,96.00,73.00,50.00,551.87
7af2fc85-8c4a-48d5-ab8f-4f6f3292b7b3,"Crusoe Men’s Pocket Trunk Underwear – 100% Combed Cotton, Snug Fit Boxer Briefs with Front Support Pouch, Stretchable Breathable Innerwear (S–XXL)",MT,319.00,625.24,96.00,73.00,50.00,551.87
7af2fc85-8c4a-48d5-ab8f-4f6f3292b7b3,"Crusoe Men’s Pocket Trunk Underwear – 100% Combed Cotton, Snug Fit Boxer Briefs with Front Support Pouch, Stretchable Breathable Innerwear (S–XXL)",US,319.00,625.24,96.00,73.00,50.00,551.87
7f30495a-af90-4465-a41f-991ac599fba7,"Crusoe Men’s Printed Boxer Shorts – 100% Combed Mercerised Cotton, Ultra Relaxed Fit, Breathable Fabric, Soft Waistband Comfort, S-XXL Daily Wear",IE,635.00,1212.85,91.00,68.00,45.00,1066.80
fb8ca50b-de65-45fa-b0ad-d892e3940155,"Crusoe Men’s Printed Vest – Combed Cotton Stretch Fabric, Form-Fitting Tank Top, Breathable Soft Comfort, Stylish Geometric Print, S-XL Casual & Gym Wear",AL,485.00,950.60,96.00,73.00,50.00,839.05
fb8ca50b-de65-45fa-b0ad-d892e3940155,"Crusoe Men’s Printed Vest – Combed Cotton Stretch Fabric, Form-Fitting Tank Top, Breathable Soft Comfort, Stylish Geometric Print, S-XL Casual & Gym Wear",CH,485.00,950.60,96.00,73.00,50.00,839.05
fb8ca50b-de65-45fa-b0ad-d892e3940155,"Crusoe Men’s Printed Vest – Combed Cotton Stretch Fabric, Form-Fitting Tank Top, Breathable Soft Comfort, Stylish Geometric Print, S-XL Casual & Gym Wear",DE,485.00,950.60,96.00,73.00,50.00,839.05
fb8ca50b-de65-45fa-b0ad-d892e3940155,"Crusoe Men’s Printed Vest – Combed Cotton Stretch Fabric, Form-Fitting Tank Top, Breathable Soft Comfort, Stylish Geometric Print, S-XL Casual & Gym Wear",FR,485.00,950.60,96.00,73.00,50.00,839.05
fb8ca50b-de65-45fa-b0ad-d892e3940155,"Crusoe Men’s Printed Vest – Combed Cotton Stretch Fabric, Form-Fitting Tank Top, Breathable Soft Comfort, Stylish Geometric Print, S-XL Casual & Gym Wear",GB,485.00,950.60,96.00,73.00,50.00,839.05
fb8ca50b-de65-45fa-b0ad-d892e3940155,"Crusoe Men’s Printed Vest – Combed Cotton Stretch Fabric, Form-Fitting Tank Top, Breathable Soft Comfort, Stylish Geometric Print, S-XL Casual & Gym Wear",IE,485.00,974.85,101.00,78.00,55.00,863.30
fb8ca50b-de65-45fa-b0ad-d892e3940155,"Crusoe Men’s Printed Vest – Combed Cotton Stretch Fabric, Form-Fitting Tank Top, Breathable Soft Comfort, Stylish Geometric Print, S-XL Casual & Gym Wear",KE,485.00,950.60,96.00,73.00,50.00,839.05
fb8ca50b-de65-45fa-b0ad-d892e3940155,"Crusoe Men’s Printed Vest – Combed Cotton Stretch Fabric, Form-Fitting Tank Top, Breathable Soft Comfort, Stylish Geometric Print, S-XL Casual & Gym Wear",MT,485.00,950.60,96.00,73.00,50.00,839.05
fb8ca50b-de65-45fa-b0ad-d892e3940155,"Crusoe Men’s Printed Vest – Combed Cotton Stretch Fabric, Form-Fitting Tank Top, Breathable Soft Comfort, Stylish Geometric Print, S-XL Casual & Gym Wear",US,485.00,950.60,96.00,73.00,50.00,839.05
ae38a630-e832-4709-99b6-493d2d60a910,Crusoe Men’s RNS T-Shirt  | 100% Combed Hosiery Cotton | Regular Fit | Round Neck | Pack of 1(S-XL),AL,309.00,605.64,96.00,73.00,50.00,534.57
ae38a630-e832-4709-99b6-493d2d60a910,Crusoe Men’s RNS T-Shirt  | 100% Combed Hosiery Cotton | Regular Fit | Round Neck | Pack of 1(S-XL),CH,309.00,605.64,96.00,73.00,50.00,534.57
ae38a630-e832-4709-99b6-493d2d60a910,Crusoe Men’s RNS T-Shirt  | 100% Combed Hosiery Cotton | Regular Fit | Round Neck | Pack of 1(S-XL),DE,309.00,605.64,96.00,73.00,50.00,534.57
ae38a630-e832-4709-99b6-493d2d60a910,Crusoe Men’s RNS T-Shirt  | 100% Combed Hosiery Cotton | Regular Fit | Round Neck | Pack of 1(S-XL),FR,309.00,605.64,96.00,73.00,50.00,534.57
ae38a630-e832-4709-99b6-493d2d60a910,Crusoe Men’s RNS T-Shirt  | 100% Combed Hosiery Cotton | Regular Fit | Round Neck | Pack of 1(S-XL),GB,309.00,605.64,96.00,73.00,50.00,534.57
ae38a630-e832-4709-99b6-493d2d60a910,Crusoe Men’s RNS T-Shirt  | 100% Combed Hosiery Cotton | Regular Fit | Round Neck | Pack of 1(S-XL),IE,309.00,621.09,101.00,78.00,55.00,550.02
ae38a630-e832-4709-99b6-493d2d60a910,Crusoe Men’s RNS T-Shirt  | 100% Combed Hosiery Cotton | Regular Fit | Round Neck | Pack of 1(S-XL),KE,309.00,605.64,96.00,73.00,50.00,534.57
ae38a630-e832-4709-99b6-493d2d60a910,Crusoe Men’s RNS T-Shirt  | 100% Combed Hosiery Cotton | Regular Fit | Round Neck | Pack of 1(S-XL),MT,309.00,605.64,96.00,73.00,50.00,534.57
ae38a630-e832-4709-99b6-493d2d60a910,Crusoe Men’s RNS T-Shirt  | 100% Combed Hosiery Cotton | Regular Fit | Round Neck | Pack of 1(S-XL),US,309.00,605.64,96.00,73.00,50.00,534.57
96facf83-263b-4e07-a8cf-56c0aa05654c,Crusoe Men’s RNS T-Shirt  | 100% Combed Hosiery Cotton | Regular Fit | Round Neck | Pack of 2 ( S-XL),IE,548.00,1046.68,91.00,68.00,45.00,920.64
97d46f28-ba1d-4b11-906e-96d54ef00dd8,"Crusoe Men’s Rodeo Trunk Underwear – Premium Combed Cotton, Soft Jersey Fabric, No Mark Waistband, Label-Free Comfort, Relaxed Fit, S-XL Daily Wear",AL,349.00,684.04,96.00,73.00,50.00,603.77
97d46f28-ba1d-4b11-906e-96d54ef00dd8,"Crusoe Men’s Rodeo Trunk Underwear – Premium Combed Cotton, Soft Jersey Fabric, No Mark Waistband, Label-Free Comfort, Relaxed Fit, S-XL Daily Wear",CH,349.00,684.04,96.00,73.00,50.00,603.77
97d46f28-ba1d-4b11-906e-96d54ef00dd8,"Crusoe Men’s Rodeo Trunk Underwear – Premium Combed Cotton, Soft Jersey Fabric, No Mark Waistband, Label-Free Comfort, Relaxed Fit, S-XL Daily Wear",DE,349.00,684.04,96.00,73.00,50.00,603.77
97d46f28-ba1d-4b11-906e-96d54ef00dd8,"Crusoe Men’s Rodeo Trunk Underwear – Premium Combed Cotton, Soft Jersey Fabric, No Mark Waistband, Label-Free Comfort, Relaxed Fit, S-XL Daily Wear",FR,349.00,684.04,96.00,73.00,50.00,603.77
97d46f28-ba1d-4b11-906e-96d54ef00dd8,"Crusoe Men’s Rodeo Trunk Underwear – Premium Combed Cotton, Soft Jersey Fabric, No Mark Waistband, Label-Free Comfort, Relaxed Fit, S-XL Daily Wear",GB,349.00,684.04,96.00,73.00,50.00,603.77
97d46f28-ba1d-4b11-906e-96d54ef00dd8,"Crusoe Men’s Rodeo Trunk Underwear – Premium Combed Cotton, Soft Jersey Fabric, No Mark Waistband, Label-Free Comfort, Relaxed Fit, S-XL Daily Wear",IE,349.00,701.49,101.00,78.00,55.00,621.22
97d46f28-ba1d-4b11-906e-96d54ef00dd8,"Crusoe Men’s Rodeo Trunk Underwear – Premium Combed Cotton, Soft Jersey Fabric, No Mark Waistband, Label-Free Comfort, Relaxed Fit, S-XL Daily Wear",KE,349.00,684.04,96.00,73.00,50.00,603.77
97d46f28-ba1d-4b11-906e-96d54ef00dd8,"Crusoe Men’s Rodeo Trunk Underwear – Premium Combed Cotton, Soft Jersey Fabric, No Mark Waistband, Label-Free Comfort, Relaxed Fit, S-XL Daily Wear",MT,349.00,684.04,96.00,73.00,50.00,603.77
97d46f28-ba1d-4b11-906e-96d54ef00dd8,"Crusoe Men’s Rodeo Trunk Underwear – Premium Combed Cotton, Soft Jersey Fabric, No Mark Waistband, Label-Free Comfort, Relaxed Fit, S-XL Daily Wear",US,349.00,684.04,96.00,73.00,50.00,603.77
c2df1d4f-e656-47f2-b80a-6594dc7fe3ac,Crusoe Men’s Solid Trunk  | 100% Combed Hosiery Cotton | Form-Fitting Innerwear (S-XXL) Pack of 2,AL,468.00,917.28,96.00,73.00,50.00,809.64
c2df1d4f-e656-47f2-b80a-6594dc7fe3ac,Crusoe Men’s Solid Trunk  | 100% Combed Hosiery Cotton | Form-Fitting Innerwear (S-XXL) Pack of 2,CH,468.00,917.28,96.00,73.00,50.00,809.64
c2df1d4f-e656-47f2-b80a-6594dc7fe3ac,Crusoe Men’s Solid Trunk  | 100% Combed Hosiery Cotton | Form-Fitting Innerwear (S-XXL) Pack of 2,DE,468.00,917.28,96.00,73.00,50.00,809.64
c2df1d4f-e656-47f2-b80a-6594dc7fe3ac,Crusoe Men’s Solid Trunk  | 100% Combed Hosiery Cotton | Form-Fitting Innerwear (S-XXL) Pack of 2,FR,468.00,917.28,96.00,73.00,50.00,809.64
c2df1d4f-e656-47f2-b80a-6594dc7fe3ac,Crusoe Men’s Solid Trunk  | 100% Combed Hosiery Cotton | Form-Fitting Innerwear (S-XXL) Pack of 2,GB,468.00,917.28,96.00,73.00,50.00,809.64
c2df1d4f-e656-47f2-b80a-6594dc7fe3ac,Crusoe Men’s Solid Trunk  | 100% Combed Hosiery Cotton | Form-Fitting Innerwear (S-XXL) Pack of 2,IE,468.00,940.68,101.00,78.00,55.00,833.04
c2df1d4f-e656-47f2-b80a-6594dc7fe3ac,Crusoe Men’s Solid Trunk  | 100% Combed Hosiery Cotton | Form-Fitting Innerwear (S-XXL) Pack of 2,KE,468.00,917.28,96.00,73.00,50.00,809.64
c2df1d4f-e656-47f2-b80a-6594dc7fe3ac,Crusoe Men’s Solid Trunk  | 100% Combed Hosiery Cotton | Form-Fitting Innerwear (S-XXL) Pack of 2,MT,468.00,917.28,96.00,73.00,50.00,809.64
c2df1d4f-e656-47f2-b80a-6594dc7fe3ac,Crusoe Men’s Solid Trunk  | 100% Combed Hosiery Cotton | Form-Fitting Innerwear (S-XXL) Pack of 2,US,468.00,917.28,96.00,73.00,50.00,809.64
46bb30ce-8419-48b8-bc05-d237be6ff786,Crusoe Men’s Solid Trunk | 100% Combed Hosiery Cotton | Form-Fitting Innerwear(S-XXL),AL,279.00,546.84,96.00,73.00,50.00,482.67
46bb30ce-8419-48b8-bc05-d237be6ff786,Crusoe Men’s Solid Trunk | 100% Combed Hosiery Cotton | Form-Fitting Innerwear(S-XXL),CH,279.00,546.84,96.00,73.00,50.00,482.67
46bb30ce-8419-48b8-bc05-d237be6ff786,Crusoe Men’s Solid Trunk | 100% Combed Hosiery Cotton | Form-Fitting Innerwear(S-XXL),DE,279.00,546.84,96.00,73.00,50.00,482.67
46bb30ce-8419-48b8-bc05-d237be6ff786,Crusoe Men’s Solid Trunk | 100% Combed Hosiery Cotton | Form-Fitting Innerwear(S-XXL),FR,279.00,546.84,96.00,73.00,50.00,482.67
46bb30ce-8419-48b8-bc05-d237be6ff786,Crusoe Men’s Solid Trunk | 100% Combed Hosiery Cotton | Form-Fitting Innerwear(S-XXL),GB,279.00,546.84,96.00,73.00,50.00,482.67
46bb30ce-8419-48b8-bc05-d237be6ff786,Crusoe Men’s Solid Trunk | 100% Combed Hosiery Cotton | Form-Fitting Innerwear(S-XXL),IE,279.00,560.79,101.00,78.00,55.00,496.62
46bb30ce-8419-48b8-bc05-d237be6ff786,Crusoe Men’s Solid Trunk | 100% Combed Hosiery Cotton | Form-Fitting Innerwear(S-XXL),KE,279.00,546.84,96.00,73.00,50.00,482.67
46bb30ce-8419-48b8-bc05-d237be6ff786,Crusoe Men’s Solid Trunk | 100% Combed Hosiery Cotton | Form-Fitting Innerwear(S-XXL),MT,279.00,546.84,96.00,73.00,50.00,482.67
46bb30ce-8419-48b8-bc05-d237be6ff786,Crusoe Men’s Solid Trunk | 100% Combed Hosiery Cotton | Form-Fitting Innerwear(S-XXL),US,279.00,546.84,96.00,73.00,50.00,482.67
4450bb12-9b8c-455e-85b4-e27afedbe3c0,"Crusoe Men’s Stripe Brief Underwear – Combed Cotton Stretch Fabric, Form-Fitting Comfort, Soft Breathable Design, Label-Free Waistband, S-XL Daily Wear",AL,399.00,782.04,96.00,73.00,50.00,690.27
4450bb12-9b8c-455e-85b4-e27afedbe3c0,"Crusoe Men’s Stripe Brief Underwear – Combed Cotton Stretch Fabric, Form-Fitting Comfort, Soft Breathable Design, Label-Free Waistband, S-XL Daily Wear",CH,399.00,782.04,96.00,73.00,50.00,690.27
4450bb12-9b8c-455e-85b4-e27afedbe3c0,"Crusoe Men’s Stripe Brief Underwear – Combed Cotton Stretch Fabric, Form-Fitting Comfort, Soft Breathable Design, Label-Free Waistband, S-XL Daily Wear",DE,399.00,782.04,96.00,73.00,50.00,690.27
4450bb12-9b8c-455e-85b4-e27afedbe3c0,"Crusoe Men’s Stripe Brief Underwear – Combed Cotton Stretch Fabric, Form-Fitting Comfort, Soft Breathable Design, Label-Free Waistband, S-XL Daily Wear",FR,399.00,782.04,96.00,73.00,50.00,690.27
4450bb12-9b8c-455e-85b4-e27afedbe3c0,"Crusoe Men’s Stripe Brief Underwear – Combed Cotton Stretch Fabric, Form-Fitting Comfort, Soft Breathable Design, Label-Free Waistband, S-XL Daily Wear",GB,399.00,782.04,96.00,73.00,50.00,690.27
4450bb12-9b8c-455e-85b4-e27afedbe3c0,"Crusoe Men’s Stripe Brief Underwear – Combed Cotton Stretch Fabric, Form-Fitting Comfort, Soft Breathable Design, Label-Free Waistband, S-XL Daily Wear",IE,399.00,801.99,101.00,78.00,55.00,710.22
4450bb12-9b8c-455e-85b4-e27afedbe3c0,"Crusoe Men’s Stripe Brief Underwear – Combed Cotton Stretch Fabric, Form-Fitting Comfort, Soft Breathable Design, Label-Free Waistband, S-XL Daily Wear",KE,399.00,782.04,96.00,73.00,50.00,690.27
4450bb12-9b8c-455e-85b4-e27afedbe3c0,"Crusoe Men’s Stripe Brief Underwear – Combed Cotton Stretch Fabric, Form-Fitting Comfort, Soft Breathable Design, Label-Free Waistband, S-XL Daily Wear",MT,399.00,782.04,96.00,73.00,50.00,690.27
4450bb12-9b8c-455e-85b4-e27afedbe3c0,"Crusoe Men’s Stripe Brief Underwear – Combed Cotton Stretch Fabric, Form-Fitting Comfort, Soft Breathable Design, Label-Free Waistband, S-XL Daily Wear",US,399.00,782.04,96.00,73.00,50.00,690.27
a2213b73-20f3-4ae4-85cc-7b3bcbee65cc,"Crusoe Men’s Stripe Trunk Underwear – Combed Cotton Stretch Fabric, Form-Fitting Comfort, Soft Waistband, Breathable Design, Red & Black Stripes S-XL",AL,449.00,880.04,96.00,73.00,50.00,776.77
a2213b73-20f3-4ae4-85cc-7b3bcbee65cc,"Crusoe Men’s Stripe Trunk Underwear – Combed Cotton Stretch Fabric, Form-Fitting Comfort, Soft Waistband, Breathable Design, Red & Black Stripes S-XL",CH,449.00,880.04,96.00,73.00,50.00,776.77
a2213b73-20f3-4ae4-85cc-7b3bcbee65cc,"Crusoe Men’s Stripe Trunk Underwear – Combed Cotton Stretch Fabric, Form-Fitting Comfort, Soft Waistband, Breathable Design, Red & Black Stripes S-XL",DE,449.00,880.04,96.00,73.00,50.00,776.77
a2213b73-20f3-4ae4-85cc-7b3bcbee65cc,"Crusoe Men’s Stripe Trunk Underwear – Combed Cotton Stretch Fabric, Form-Fitting Comfort, Soft Waistband, Breathable Design, Red & Black Stripes S-XL",FR,449.00,880.04,96.00,73.00,50.00,776.77
a2213b73-20f3-4ae4-85cc-7b3bcbee65cc,"Crusoe Men’s Stripe Trunk Underwear – Combed Cotton Stretch Fabric, Form-Fitting Comfort, Soft Waistband, Breathable Design, Red & Black Stripes S-XL",GB,449.00,880.04,96.00,73.00,50.00,776.77
a2213b73-20f3-4ae4-85cc-7b3bcbee65cc,"Crusoe Men’s Stripe Trunk Underwear – Combed Cotton Stretch Fabric, Form-Fitting Comfort, Soft Waistband, Breathable Design, Red & Black Stripes S-XL",IE,449.00,902.49,101.00,78.00,55.00,799.22
a2213b73-20f3-4ae4-85cc-7b3bcbee65cc,"Crusoe Men’s Stripe Trunk Underwear – Combed Cotton Stretch Fabric, Form-Fitting Comfort, Soft Waistband, Breathable Design, Red & Black Stripes S-XL",KE,449.00,880.04,96.00,73.00,50.00,776.77
a2213b73-20f3-4ae4-85cc-7b3bcbee65cc,"Crusoe Men’s Stripe Trunk Underwear – Combed Cotton Stretch Fabric, Form-Fitting Comfort, Soft Waistband, Breathable Design, Red & Black Stripes S-XL",MT,449.00,880.04,96.00,73.00,50.00,776.77
a2213b73-20f3-4ae4-85cc-7b3bcbee65cc,"Crusoe Men’s Stripe Trunk Underwear – Combed Cotton Stretch Fabric, Form-Fitting Comfort, Soft Waistband, Breathable Design, Red & Black Stripes S-XL",US,449.00,880.04,96.00,73.00,50.00,776.77
9378e12e-82f3-4cb1-8c6d-6a5ee6bd1f1c,"Crusoe Men’s Stripe Vest – 100% Combed Cotton Sleeveless Innerwear, Relaxed Fit, Breathable Fabric, Soft Stretch Comfort, Assorted Stripes S-XL",AL,435.00,852.60,96.00,73.00,50.00,752.55
d395f561-f544-4818-a495-6b30ea6d43ed,"Crusoe Men’s Stripe Vest – 100% Combed Cotton Sleeveless Innerwear, Relaxed Fit, Breathable Fabric, Soft Stretch Comfort, Assorted Stripes S-XL",AL,399.00,782.04,96.00,73.00,50.00,690.27
9378e12e-82f3-4cb1-8c6d-6a5ee6bd1f1c,"Crusoe Men’s Stripe Vest – 100% Combed Cotton Sleeveless Innerwear, Relaxed Fit, Breathable Fabric, Soft Stretch Comfort, Assorted Stripes S-XL",CH,435.00,852.60,96.00,73.00,50.00,752.55
d395f561-f544-4818-a495-6b30ea6d43ed,"Crusoe Men’s Stripe Vest – 100% Combed Cotton Sleeveless Innerwear, Relaxed Fit, Breathable Fabric, Soft Stretch Comfort, Assorted Stripes S-XL",CH,399.00,782.04,96.00,73.00,50.00,690.27
9378e12e-82f3-4cb1-8c6d-6a5ee6bd1f1c,"Crusoe Men’s Stripe Vest – 100% Combed Cotton Sleeveless Innerwear, Relaxed Fit, Breathable Fabric, Soft Stretch Comfort, Assorted Stripes S-XL",DE,435.00,852.60,96.00,73.00,50.00,752.55
d395f561-f544-4818-a495-6b30ea6d43ed,"Crusoe Men’s Stripe Vest – 100% Combed Cotton Sleeveless Innerwear, Relaxed Fit, Breathable Fabric, Soft Stretch Comfort, Assorted Stripes S-XL",DE,399.00,782.04,96.00,73.00,50.00,690.27
d395f561-f544-4818-a495-6b30ea6d43ed,"Crusoe Men’s Stripe Vest – 100% Combed Cotton Sleeveless Innerwear, Relaxed Fit, Breathable Fabric, Soft Stretch Comfort, Assorted Stripes S-XL",FR,399.00,782.04,96.00,73.00,50.00,690.27
9378e12e-82f3-4cb1-8c6d-6a5ee6bd1f1c,"Crusoe Men’s Stripe Vest – 100% Combed Cotton Sleeveless Innerwear, Relaxed Fit, Breathable Fabric, Soft Stretch Comfort, Assorted Stripes S-XL",FR,435.00,852.60,96.00,73.00,50.00,752.55
9378e12e-82f3-4cb1-8c6d-6a5ee6bd1f1c,"Crusoe Men’s Stripe Vest – 100% Combed Cotton Sleeveless Innerwear, Relaxed Fit, Breathable Fabric, Soft Stretch Comfort, Assorted Stripes S-XL",GB,435.00,852.60,96.00,73.00,50.00,752.55
d395f561-f544-4818-a495-6b30ea6d43ed,"Crusoe Men’s Stripe Vest – 100% Combed Cotton Sleeveless Innerwear, Relaxed Fit, Breathable Fabric, Soft Stretch Comfort, Assorted Stripes S-XL",GB,399.00,782.04,96.00,73.00,50.00,690.27
d395f561-f544-4818-a495-6b30ea6d43ed,"Crusoe Men’s Stripe Vest – 100% Combed Cotton Sleeveless Innerwear, Relaxed Fit, Breathable Fabric, Soft Stretch Comfort, Assorted Stripes S-XL",IE,399.00,801.99,101.00,78.00,55.00,710.22
9378e12e-82f3-4cb1-8c6d-6a5ee6bd1f1c,"Crusoe Men’s Stripe Vest – 100% Combed Cotton Sleeveless Innerwear, Relaxed Fit, Breathable Fabric, Soft Stretch Comfort, Assorted Stripes S-XL",IE,435.00,874.35,101.00,78.00,55.00,774.30
9378e12e-82f3-4cb1-8c6d-6a5ee6bd1f1c,"Crusoe Men’s Stripe Vest – 100% Combed Cotton Sleeveless Innerwear, Relaxed Fit, Breathable Fabric, Soft Stretch Comfort, Assorted Stripes S-XL",KE,435.00,852.60,96.00,73.00,50.00,752.55
d395f561-f544-4818-a495-6b30ea6d43ed,"Crusoe Men’s Stripe Vest – 100% Combed Cotton Sleeveless Innerwear, Relaxed Fit, Breathable Fabric, Soft Stretch Comfort, Assorted Stripes S-XL",KE,399.00,782.04,96.00,73.00,50.00,690.27
9378e12e-82f3-4cb1-8c6d-6a5ee6bd1f1c,"Crusoe Men’s Stripe Vest – 100% Combed Cotton Sleeveless Innerwear, Relaxed Fit, Breathable Fabric, Soft Stretch Comfort, Assorted Stripes S-XL",MT,435.00,852.60,96.00,73.00,50.00,752.55
d395f561-f544-4818-a495-6b30ea6d43ed,"Crusoe Men’s Stripe Vest – 100% Combed Cotton Sleeveless Innerwear, Relaxed Fit, Breathable Fabric, Soft Stretch Comfort, Assorted Stripes S-XL",MT,399.00,782.04,96.00,73.00,50.00,690.27
d395f561-f544-4818-a495-6b30ea6d43ed,"Crusoe Men’s Stripe Vest – 100% Combed Cotton Sleeveless Innerwear, Relaxed Fit, Breathable Fabric, Soft Stretch Comfort, Assorted Stripes S-XL",US,399.00,782.04,96.00,73.00,50.00,690.27
9378e12e-82f3-4cb1-8c6d-6a5ee6bd1f1c,"Crusoe Men’s Stripe Vest – 100% Combed Cotton Sleeveless Innerwear, Relaxed Fit, Breathable Fabric, Soft Stretch Comfort, Assorted Stripes S-XL",US,435.00,852.60,96.00,73.00,50.00,752.55
1fd28a32-70e8-410c-9e94-87d931be5bd5,"Crusoe Men’s Stud Boxer Underwear – 100% Combed Hosiery Cotton, Relaxed Fit Boxer Briefs with Stretch Waistband, Breathable Everyday Innerwear (S–XL)",AL,359.00,703.64,96.00,73.00,50.00,621.07
1fd28a32-70e8-410c-9e94-87d931be5bd5,"Crusoe Men’s Stud Boxer Underwear – 100% Combed Hosiery Cotton, Relaxed Fit Boxer Briefs with Stretch Waistband, Breathable Everyday Innerwear (S–XL)",CH,359.00,703.64,96.00,73.00,50.00,621.07
1fd28a32-70e8-410c-9e94-87d931be5bd5,"Crusoe Men’s Stud Boxer Underwear – 100% Combed Hosiery Cotton, Relaxed Fit Boxer Briefs with Stretch Waistband, Breathable Everyday Innerwear (S–XL)",DE,359.00,703.64,96.00,73.00,50.00,621.07
1fd28a32-70e8-410c-9e94-87d931be5bd5,"Crusoe Men’s Stud Boxer Underwear – 100% Combed Hosiery Cotton, Relaxed Fit Boxer Briefs with Stretch Waistband, Breathable Everyday Innerwear (S–XL)",FR,359.00,703.64,96.00,73.00,50.00,621.07
1fd28a32-70e8-410c-9e94-87d931be5bd5,"Crusoe Men’s Stud Boxer Underwear – 100% Combed Hosiery Cotton, Relaxed Fit Boxer Briefs with Stretch Waistband, Breathable Everyday Innerwear (S–XL)",GB,359.00,703.64,96.00,73.00,50.00,621.07
1fd28a32-70e8-410c-9e94-87d931be5bd5,"Crusoe Men’s Stud Boxer Underwear – 100% Combed Hosiery Cotton, Relaxed Fit Boxer Briefs with Stretch Waistband, Breathable Everyday Innerwear (S–XL)",IE,359.00,721.59,101.00,78.00,55.00,639.02
1fd28a32-70e8-410c-9e94-87d931be5bd5,"Crusoe Men’s Stud Boxer Underwear – 100% Combed Hosiery Cotton, Relaxed Fit Boxer Briefs with Stretch Waistband, Breathable Everyday Innerwear (S–XL)",KE,359.00,703.64,96.00,73.00,50.00,621.07
1fd28a32-70e8-410c-9e94-87d931be5bd5,"Crusoe Men’s Stud Boxer Underwear – 100% Combed Hosiery Cotton, Relaxed Fit Boxer Briefs with Stretch Waistband, Breathable Everyday Innerwear (S–XL)",MT,359.00,703.64,96.00,73.00,50.00,621.07
1fd28a32-70e8-410c-9e94-87d931be5bd5,"Crusoe Men’s Stud Boxer Underwear – 100% Combed Hosiery Cotton, Relaxed Fit Boxer Briefs with Stretch Waistband, Breathable Everyday Innerwear (S–XL)",US,359.00,703.64,96.00,73.00,50.00,621.07
e539ba95-78f5-4e81-97d9-5a62c96e786e,"Crusoe Men’s Super Soft Trunk | Lenzing micro Model Stretch Fabric |Relaxed , Comfortable, Breathable & Snug Fit",AL,485.00,950.60,96.00,73.00,50.00,839.05
e539ba95-78f5-4e81-97d9-5a62c96e786e,"Crusoe Men’s Super Soft Trunk | Lenzing micro Model Stretch Fabric |Relaxed , Comfortable, Breathable & Snug Fit",CH,485.00,950.60,96.00,73.00,50.00,839.05
e539ba95-78f5-4e81-97d9-5a62c96e786e,"Crusoe Men’s Super Soft Trunk | Lenzing micro Model Stretch Fabric |Relaxed , Comfortable, Breathable & Snug Fit",DE,485.00,950.60,96.00,73.00,50.00,839.05
e539ba95-78f5-4e81-97d9-5a62c96e786e,"Crusoe Men’s Super Soft Trunk | Lenzing micro Model Stretch Fabric |Relaxed , Comfortable, Breathable & Snug Fit",FR,485.00,950.60,96.00,73.00,50.00,839.05
e539ba95-78f5-4e81-97d9-5a62c96e786e,"Crusoe Men’s Super Soft Trunk | Lenzing micro Model Stretch Fabric |Relaxed , Comfortable, Breathable & Snug Fit",GB,485.00,950.60,96.00,73.00,50.00,839.05
e539ba95-78f5-4e81-97d9-5a62c96e786e,"Crusoe Men’s Super Soft Trunk | Lenzing micro Model Stretch Fabric |Relaxed , Comfortable, Breathable & Snug Fit",IE,485.00,974.85,101.00,78.00,55.00,863.30
e539ba95-78f5-4e81-97d9-5a62c96e786e,"Crusoe Men’s Super Soft Trunk | Lenzing micro Model Stretch Fabric |Relaxed , Comfortable, Breathable & Snug Fit",KE,485.00,950.60,96.00,73.00,50.00,839.05
e539ba95-78f5-4e81-97d9-5a62c96e786e,"Crusoe Men’s Super Soft Trunk | Lenzing micro Model Stretch Fabric |Relaxed , Comfortable, Breathable & Snug Fit",MT,485.00,950.60,96.00,73.00,50.00,839.05
e539ba95-78f5-4e81-97d9-5a62c96e786e,"Crusoe Men’s Super Soft Trunk | Lenzing micro Model Stretch Fabric |Relaxed , Comfortable, Breathable & Snug Fit",US,485.00,950.60,96.00,73.00,50.00,839.05
0f0fc7cf-a829-43c3-b275-8c6c62be1a2b,Crusoe Men’s Trunk #1003 Pack of 2 | 100% Combed Hosiery Cotton | Form-Fitting Innerwear,IE,548.00,1046.68,91.00,68.00,45.00,920.64
b41b73a6-d83f-4886-b5fa-d2c7488ae246,"Crusoe Men’s Trunk Underwear – 100% Combed Hosiery Cotton, Form-Fitting Stretch Boxer Briefs with Soft Elastic Waistband, Breathable Daily Wear Innerwear (S–XXL)",AL,319.00,625.24,96.00,73.00,50.00,551.87
b41b73a6-d83f-4886-b5fa-d2c7488ae246,"Crusoe Men’s Trunk Underwear – 100% Combed Hosiery Cotton, Form-Fitting Stretch Boxer Briefs with Soft Elastic Waistband, Breathable Daily Wear Innerwear (S–XXL)",CH,319.00,625.24,96.00,73.00,50.00,551.87
b41b73a6-d83f-4886-b5fa-d2c7488ae246,"Crusoe Men’s Trunk Underwear – 100% Combed Hosiery Cotton, Form-Fitting Stretch Boxer Briefs with Soft Elastic Waistband, Breathable Daily Wear Innerwear (S–XXL)",DE,319.00,625.24,96.00,73.00,50.00,551.87
b41b73a6-d83f-4886-b5fa-d2c7488ae246,"Crusoe Men’s Trunk Underwear – 100% Combed Hosiery Cotton, Form-Fitting Stretch Boxer Briefs with Soft Elastic Waistband, Breathable Daily Wear Innerwear (S–XXL)",FR,319.00,625.24,96.00,73.00,50.00,551.87
b41b73a6-d83f-4886-b5fa-d2c7488ae246,"Crusoe Men’s Trunk Underwear – 100% Combed Hosiery Cotton, Form-Fitting Stretch Boxer Briefs with Soft Elastic Waistband, Breathable Daily Wear Innerwear (S–XXL)",GB,319.00,625.24,96.00,73.00,50.00,551.87
b41b73a6-d83f-4886-b5fa-d2c7488ae246,"Crusoe Men’s Trunk Underwear – 100% Combed Hosiery Cotton, Form-Fitting Stretch Boxer Briefs with Soft Elastic Waistband, Breathable Daily Wear Innerwear (S–XXL)",IE,319.00,641.19,101.00,78.00,55.00,567.82
b41b73a6-d83f-4886-b5fa-d2c7488ae246,"Crusoe Men’s Trunk Underwear – 100% Combed Hosiery Cotton, Form-Fitting Stretch Boxer Briefs with Soft Elastic Waistband, Breathable Daily Wear Innerwear (S–XXL)",KE,319.00,625.24,96.00,73.00,50.00,551.87
b41b73a6-d83f-4886-b5fa-d2c7488ae246,"Crusoe Men’s Trunk Underwear – 100% Combed Hosiery Cotton, Form-Fitting Stretch Boxer Briefs with Soft Elastic Waistband, Breathable Daily Wear Innerwear (S–XXL)",MT,319.00,625.24,96.00,73.00,50.00,551.87
b41b73a6-d83f-4886-b5fa-d2c7488ae246,"Crusoe Men’s Trunk Underwear – 100% Combed Hosiery Cotton, Form-Fitting Stretch Boxer Briefs with Soft Elastic Waistband, Breathable Daily Wear Innerwear (S–XXL)",US,319.00,625.24,96.00,73.00,50.00,551.87
77dbaf8d-0f59-4f60-9682-717edb022e28,"Crusoe Men’s Zulu Trunk Underwear – Combed Cotton Elastane, Stretchable Fit, Vibrant Color, Soft Breathable Fabric, Wide Waistband Support, S-XL Daily Wear",AL,355.00,695.80,96.00,73.00,50.00,614.15
77dbaf8d-0f59-4f60-9682-717edb022e28,"Crusoe Men’s Zulu Trunk Underwear – Combed Cotton Elastane, Stretchable Fit, Vibrant Color, Soft Breathable Fabric, Wide Waistband Support, S-XL Daily Wear",CH,355.00,695.80,96.00,73.00,50.00,614.15
77dbaf8d-0f59-4f60-9682-717edb022e28,"Crusoe Men’s Zulu Trunk Underwear – Combed Cotton Elastane, Stretchable Fit, Vibrant Color, Soft Breathable Fabric, Wide Waistband Support, S-XL Daily Wear",DE,355.00,695.80,96.00,73.00,50.00,614.15
77dbaf8d-0f59-4f60-9682-717edb022e28,"Crusoe Men’s Zulu Trunk Underwear – Combed Cotton Elastane, Stretchable Fit, Vibrant Color, Soft Breathable Fabric, Wide Waistband Support, S-XL Daily Wear",FR,355.00,695.80,96.00,73.00,50.00,614.15
77dbaf8d-0f59-4f60-9682-717edb022e28,"Crusoe Men’s Zulu Trunk Underwear – Combed Cotton Elastane, Stretchable Fit, Vibrant Color, Soft Breathable Fabric, Wide Waistband Support, S-XL Daily Wear",GB,355.00,695.80,96.00,73.00,50.00,614.15
77dbaf8d-0f59-4f60-9682-717edb022e28,"Crusoe Men’s Zulu Trunk Underwear – Combed Cotton Elastane, Stretchable Fit, Vibrant Color, Soft Breathable Fabric, Wide Waistband Support, S-XL Daily Wear",IE,355.00,713.55,101.00,78.00,55.00,631.90
8d619272-56b6-4074-817e-09ac3afd5616,"Crusoe Men’s Zulu Trunk Underwear – Combed Cotton Elastane, Stretchable Fit, Vibrant Color, Soft Breathable Fabric, Wide Waistband Support, S-XL Daily Wear",IE,620.00,1184.20,91.00,68.00,45.00,1041.60
77dbaf8d-0f59-4f60-9682-717edb022e28,"Crusoe Men’s Zulu Trunk Underwear – Combed Cotton Elastane, Stretchable Fit, Vibrant Color, Soft Breathable Fabric, Wide Waistband Support, S-XL Daily Wear",KE,355.00,695.80,96.00,73.00,50.00,614.15
77dbaf8d-0f59-4f60-9682-717edb022e28,"Crusoe Men’s Zulu Trunk Underwear – Combed Cotton Elastane, Stretchable Fit, Vibrant Color, Soft Breathable Fabric, Wide Waistband Support, S-XL Daily Wear",MT,355.00,695.80,96.00,73.00,50.00,614.15
77dbaf8d-0f59-4f60-9682-717edb022e28,"Crusoe Men’s Zulu Trunk Underwear – Combed Cotton Elastane, Stretchable Fit, Vibrant Color, Soft Breathable Fabric, Wide Waistband Support, S-XL Daily Wear",US,355.00,695.80,96.00,73.00,50.00,614.15
6b632c66-eeda-451f-a4f5-8110d7a1ba4d,Crystal Oval Hoop Earrings for Women | Sparkling Statement Drop Earrings,AL,328.00,642.88,96.00,73.00,50.00,567.44
6b632c66-eeda-451f-a4f5-8110d7a1ba4d,Crystal Oval Hoop Earrings for Women | Sparkling Statement Drop Earrings,CH,328.00,642.88,96.00,73.00,50.00,567.44
6b632c66-eeda-451f-a4f5-8110d7a1ba4d,Crystal Oval Hoop Earrings for Women | Sparkling Statement Drop Earrings,DE,328.00,642.88,96.00,73.00,50.00,567.44
6b632c66-eeda-451f-a4f5-8110d7a1ba4d,Crystal Oval Hoop Earrings for Women | Sparkling Statement Drop Earrings,FR,328.00,642.88,96.00,73.00,50.00,567.44
6b632c66-eeda-451f-a4f5-8110d7a1ba4d,Crystal Oval Hoop Earrings for Women | Sparkling Statement Drop Earrings,GB,328.00,642.88,96.00,73.00,50.00,567.44
6b632c66-eeda-451f-a4f5-8110d7a1ba4d,Crystal Oval Hoop Earrings for Women | Sparkling Statement Drop Earrings,IE,328.00,659.28,101.00,78.00,55.00,583.84
6b632c66-eeda-451f-a4f5-8110d7a1ba4d,Crystal Oval Hoop Earrings for Women | Sparkling Statement Drop Earrings,KE,328.00,642.88,96.00,73.00,50.00,567.44
6b632c66-eeda-451f-a4f5-8110d7a1ba4d,Crystal Oval Hoop Earrings for Women | Sparkling Statement Drop Earrings,MT,328.00,642.88,96.00,73.00,50.00,567.44
6b632c66-eeda-451f-a4f5-8110d7a1ba4d,Crystal Oval Hoop Earrings for Women | Sparkling Statement Drop Earrings,US,328.00,642.88,96.00,73.00,50.00,567.44
7e9c58bf-cd40-42b4-b736-d4beef02efb2,Dabur Gulabari Premium Rose Water (30 ml),AL,15.00,29.40,96.00,73.00,50.00,25.95
7e9c58bf-cd40-42b4-b736-d4beef02efb2,Dabur Gulabari Premium Rose Water (30 ml),CH,15.00,29.40,96.00,73.00,50.00,25.95
7e9c58bf-cd40-42b4-b736-d4beef02efb2,Dabur Gulabari Premium Rose Water (30 ml),DE,15.00,29.40,96.00,73.00,50.00,25.95
7e9c58bf-cd40-42b4-b736-d4beef02efb2,Dabur Gulabari Premium Rose Water (30 ml),FR,15.00,29.40,96.00,73.00,50.00,25.95
7e9c58bf-cd40-42b4-b736-d4beef02efb2,Dabur Gulabari Premium Rose Water (30 ml),GB,15.00,29.40,96.00,73.00,50.00,25.95
7e9c58bf-cd40-42b4-b736-d4beef02efb2,Dabur Gulabari Premium Rose Water (30 ml),IE,15.00,30.15,101.00,78.00,55.00,26.70
7e9c58bf-cd40-42b4-b736-d4beef02efb2,Dabur Gulabari Premium Rose Water (30 ml),KE,15.00,29.40,96.00,73.00,50.00,25.95
7e9c58bf-cd40-42b4-b736-d4beef02efb2,Dabur Gulabari Premium Rose Water (30 ml),MT,15.00,29.40,96.00,73.00,50.00,25.95
7e9c58bf-cd40-42b4-b736-d4beef02efb2,Dabur Gulabari Premium Rose Water (30 ml),US,15.00,29.40,96.00,73.00,50.00,25.95
d0f39e7d-a7c9-41e5-9d9f-847c17b32a45,Daily Moisturizer for Bright & Even Skin Tone,AL,447.00,876.12,96.00,73.00,50.00,773.31
d0f39e7d-a7c9-41e5-9d9f-847c17b32a45,Daily Moisturizer for Bright & Even Skin Tone,CH,447.00,876.12,96.00,73.00,50.00,773.31
d0f39e7d-a7c9-41e5-9d9f-847c17b32a45,Daily Moisturizer for Bright & Even Skin Tone,DE,447.00,876.12,96.00,73.00,50.00,773.31
d0f39e7d-a7c9-41e5-9d9f-847c17b32a45,Daily Moisturizer for Bright & Even Skin Tone,FR,447.00,876.12,96.00,73.00,50.00,773.31
d0f39e7d-a7c9-41e5-9d9f-847c17b32a45,Daily Moisturizer for Bright & Even Skin Tone,GB,447.00,876.12,96.00,73.00,50.00,773.31
d0f39e7d-a7c9-41e5-9d9f-847c17b32a45,Daily Moisturizer for Bright & Even Skin Tone,IE,447.00,898.47,101.00,78.00,55.00,795.66
d0f39e7d-a7c9-41e5-9d9f-847c17b32a45,Daily Moisturizer for Bright & Even Skin Tone,KE,447.00,876.12,96.00,73.00,50.00,773.31
d0f39e7d-a7c9-41e5-9d9f-847c17b32a45,Daily Moisturizer for Bright & Even Skin Tone,MT,447.00,876.12,96.00,73.00,50.00,773.31
d0f39e7d-a7c9-41e5-9d9f-847c17b32a45,Daily Moisturizer for Bright & Even Skin Tone,US,447.00,876.12,96.00,73.00,50.00,773.31
3c3db68b-9ffa-4ec6-b7e7-4c05f6f68d82,Dazller After Shave Soothing Lotion (100 ml),AL,135.00,264.60,96.00,73.00,50.00,233.55
3c3db68b-9ffa-4ec6-b7e7-4c05f6f68d82,Dazller After Shave Soothing Lotion (100 ml),CH,135.00,264.60,96.00,73.00,50.00,233.55
3c3db68b-9ffa-4ec6-b7e7-4c05f6f68d82,Dazller After Shave Soothing Lotion (100 ml),DE,135.00,264.60,96.00,73.00,50.00,233.55
3c3db68b-9ffa-4ec6-b7e7-4c05f6f68d82,Dazller After Shave Soothing Lotion (100 ml),FR,135.00,264.60,96.00,73.00,50.00,233.55
3c3db68b-9ffa-4ec6-b7e7-4c05f6f68d82,Dazller After Shave Soothing Lotion (100 ml),GB,135.00,264.60,96.00,73.00,50.00,233.55
3c3db68b-9ffa-4ec6-b7e7-4c05f6f68d82,Dazller After Shave Soothing Lotion (100 ml),IE,135.00,271.35,101.00,78.00,55.00,240.30
3c3db68b-9ffa-4ec6-b7e7-4c05f6f68d82,Dazller After Shave Soothing Lotion (100 ml),KE,135.00,264.60,96.00,73.00,50.00,233.55
3c3db68b-9ffa-4ec6-b7e7-4c05f6f68d82,Dazller After Shave Soothing Lotion (100 ml),MT,135.00,264.60,96.00,73.00,50.00,233.55
3c3db68b-9ffa-4ec6-b7e7-4c05f6f68d82,Dazller After Shave Soothing Lotion (100 ml),US,135.00,264.60,96.00,73.00,50.00,233.55
8fec77ce-4fad-427b-b746-f71a127dbd3c,Dazller ETERNA Classic Care Hydrating Cream,AL,298.00,584.08,96.00,73.00,50.00,515.54
8fec77ce-4fad-427b-b746-f71a127dbd3c,Dazller ETERNA Classic Care Hydrating Cream,CH,298.00,584.08,96.00,73.00,50.00,515.54
8fec77ce-4fad-427b-b746-f71a127dbd3c,Dazller ETERNA Classic Care Hydrating Cream,DE,298.00,584.08,96.00,73.00,50.00,515.54
8fec77ce-4fad-427b-b746-f71a127dbd3c,Dazller ETERNA Classic Care Hydrating Cream,FR,298.00,584.08,96.00,73.00,50.00,515.54
8fec77ce-4fad-427b-b746-f71a127dbd3c,Dazller ETERNA Classic Care Hydrating Cream,GB,298.00,584.08,96.00,73.00,50.00,515.54
8fec77ce-4fad-427b-b746-f71a127dbd3c,Dazller ETERNA Classic Care Hydrating Cream,IE,298.00,598.98,101.00,78.00,55.00,530.44
8fec77ce-4fad-427b-b746-f71a127dbd3c,Dazller ETERNA Classic Care Hydrating Cream,KE,298.00,584.08,96.00,73.00,50.00,515.54
8fec77ce-4fad-427b-b746-f71a127dbd3c,Dazller ETERNA Classic Care Hydrating Cream,MT,298.00,584.08,96.00,73.00,50.00,515.54
8fec77ce-4fad-427b-b746-f71a127dbd3c,Dazller ETERNA Classic Care Hydrating Cream,US,298.00,584.08,96.00,73.00,50.00,515.54
9f674a9d-417e-41f3-b63d-07da49381b18,Dazller ETERNA Day Care Light Cream SPF 15 PA++,AL,298.00,584.08,96.00,73.00,50.00,515.54
9f674a9d-417e-41f3-b63d-07da49381b18,Dazller ETERNA Day Care Light Cream SPF 15 PA++,CH,298.00,584.08,96.00,73.00,50.00,515.54
9f674a9d-417e-41f3-b63d-07da49381b18,Dazller ETERNA Day Care Light Cream SPF 15 PA++,DE,298.00,584.08,96.00,73.00,50.00,515.54
9f674a9d-417e-41f3-b63d-07da49381b18,Dazller ETERNA Day Care Light Cream SPF 15 PA++,FR,298.00,584.08,96.00,73.00,50.00,515.54
9f674a9d-417e-41f3-b63d-07da49381b18,Dazller ETERNA Day Care Light Cream SPF 15 PA++,GB,298.00,584.08,96.00,73.00,50.00,515.54
9f674a9d-417e-41f3-b63d-07da49381b18,Dazller ETERNA Day Care Light Cream SPF 15 PA++,IE,298.00,598.98,101.00,78.00,55.00,530.44
9f674a9d-417e-41f3-b63d-07da49381b18,Dazller ETERNA Day Care Light Cream SPF 15 PA++,KE,298.00,584.08,96.00,73.00,50.00,515.54
9f674a9d-417e-41f3-b63d-07da49381b18,Dazller ETERNA Day Care Light Cream SPF 15 PA++,MT,298.00,584.08,96.00,73.00,50.00,515.54
9f674a9d-417e-41f3-b63d-07da49381b18,Dazller ETERNA Day Care Light Cream SPF 15 PA++,US,298.00,584.08,96.00,73.00,50.00,515.54
61de0d27-46ba-400d-b860-153595e308f5,Dazller Hair Touch-Up Washable,AL,100.00,196.00,96.00,73.00,50.00,173.00
61de0d27-46ba-400d-b860-153595e308f5,Dazller Hair Touch-Up Washable,CH,100.00,196.00,96.00,73.00,50.00,173.00
61de0d27-46ba-400d-b860-153595e308f5,Dazller Hair Touch-Up Washable,DE,100.00,196.00,96.00,73.00,50.00,173.00
61de0d27-46ba-400d-b860-153595e308f5,Dazller Hair Touch-Up Washable,FR,100.00,196.00,96.00,73.00,50.00,173.00
61de0d27-46ba-400d-b860-153595e308f5,Dazller Hair Touch-Up Washable,GB,100.00,196.00,96.00,73.00,50.00,173.00
61de0d27-46ba-400d-b860-153595e308f5,Dazller Hair Touch-Up Washable,IE,100.00,201.00,101.00,78.00,55.00,178.00
61de0d27-46ba-400d-b860-153595e308f5,Dazller Hair Touch-Up Washable,KE,100.00,196.00,96.00,73.00,50.00,173.00
61de0d27-46ba-400d-b860-153595e308f5,Dazller Hair Touch-Up Washable,MT,100.00,196.00,96.00,73.00,50.00,173.00
61de0d27-46ba-400d-b860-153595e308f5,Dazller Hair Touch-Up Washable,US,100.00,196.00,96.00,73.00,50.00,173.00
d84dc0d6-a2ef-49a0-b147-a3d3838eb3e2,Dazller Kreamy Kajal,AL,100.00,196.00,96.00,73.00,50.00,173.00
d84dc0d6-a2ef-49a0-b147-a3d3838eb3e2,Dazller Kreamy Kajal,CH,100.00,196.00,96.00,73.00,50.00,173.00
d84dc0d6-a2ef-49a0-b147-a3d3838eb3e2,Dazller Kreamy Kajal,DE,100.00,196.00,96.00,73.00,50.00,173.00
d84dc0d6-a2ef-49a0-b147-a3d3838eb3e2,Dazller Kreamy Kajal,FR,100.00,196.00,96.00,73.00,50.00,173.00
d84dc0d6-a2ef-49a0-b147-a3d3838eb3e2,Dazller Kreamy Kajal,GB,100.00,196.00,96.00,73.00,50.00,173.00
d84dc0d6-a2ef-49a0-b147-a3d3838eb3e2,Dazller Kreamy Kajal,IE,100.00,201.00,101.00,78.00,55.00,178.00
d84dc0d6-a2ef-49a0-b147-a3d3838eb3e2,Dazller Kreamy Kajal,KE,100.00,196.00,96.00,73.00,50.00,173.00
d84dc0d6-a2ef-49a0-b147-a3d3838eb3e2,Dazller Kreamy Kajal,MT,100.00,196.00,96.00,73.00,50.00,173.00
d84dc0d6-a2ef-49a0-b147-a3d3838eb3e2,Dazller Kreamy Kajal,US,100.00,196.00,96.00,73.00,50.00,173.00
7e6d1b14-f41c-4495-846e-e10d7ed49d19,Dazller Matte Marvel Eyeliner,AL,100.00,196.00,96.00,73.00,50.00,173.00
7e6d1b14-f41c-4495-846e-e10d7ed49d19,Dazller Matte Marvel Eyeliner,CH,100.00,196.00,96.00,73.00,50.00,173.00
7e6d1b14-f41c-4495-846e-e10d7ed49d19,Dazller Matte Marvel Eyeliner,DE,100.00,196.00,96.00,73.00,50.00,173.00
7e6d1b14-f41c-4495-846e-e10d7ed49d19,Dazller Matte Marvel Eyeliner,FR,100.00,196.00,96.00,73.00,50.00,173.00
7e6d1b14-f41c-4495-846e-e10d7ed49d19,Dazller Matte Marvel Eyeliner,GB,100.00,196.00,96.00,73.00,50.00,173.00
7e6d1b14-f41c-4495-846e-e10d7ed49d19,Dazller Matte Marvel Eyeliner,IE,100.00,201.00,101.00,78.00,55.00,178.00
7e6d1b14-f41c-4495-846e-e10d7ed49d19,Dazller Matte Marvel Eyeliner,KE,100.00,196.00,96.00,73.00,50.00,173.00
7e6d1b14-f41c-4495-846e-e10d7ed49d19,Dazller Matte Marvel Eyeliner,MT,100.00,196.00,96.00,73.00,50.00,173.00
7e6d1b14-f41c-4495-846e-e10d7ed49d19,Dazller Matte Marvel Eyeliner,US,100.00,196.00,96.00,73.00,50.00,173.00
c52ff275-6b69-42a3-ac20-ca37e044f0d6,Dazller Silky Sky Mascara,AL,100.00,196.00,96.00,73.00,50.00,173.00
c52ff275-6b69-42a3-ac20-ca37e044f0d6,Dazller Silky Sky Mascara,CH,100.00,196.00,96.00,73.00,50.00,173.00
c52ff275-6b69-42a3-ac20-ca37e044f0d6,Dazller Silky Sky Mascara,DE,100.00,196.00,96.00,73.00,50.00,173.00
c52ff275-6b69-42a3-ac20-ca37e044f0d6,Dazller Silky Sky Mascara,FR,100.00,196.00,96.00,73.00,50.00,173.00
c52ff275-6b69-42a3-ac20-ca37e044f0d6,Dazller Silky Sky Mascara,GB,100.00,196.00,96.00,73.00,50.00,173.00
c52ff275-6b69-42a3-ac20-ca37e044f0d6,Dazller Silky Sky Mascara,IE,100.00,201.00,101.00,78.00,55.00,178.00
c52ff275-6b69-42a3-ac20-ca37e044f0d6,Dazller Silky Sky Mascara,KE,100.00,196.00,96.00,73.00,50.00,173.00
c52ff275-6b69-42a3-ac20-ca37e044f0d6,Dazller Silky Sky Mascara,MT,100.00,196.00,96.00,73.00,50.00,173.00
c52ff275-6b69-42a3-ac20-ca37e044f0d6,Dazller Silky Sky Mascara,US,100.00,196.00,96.00,73.00,50.00,173.00
fe2ad490-0edb-4962-ac9d-5538ac19315e,Dazller Sun Smart Lite Lotion SPF 50 PA++ (30g),AL,106.00,207.76,96.00,73.00,50.00,183.38
fe2ad490-0edb-4962-ac9d-5538ac19315e,Dazller Sun Smart Lite Lotion SPF 50 PA++ (30g),CH,106.00,207.76,96.00,73.00,50.00,183.38
fe2ad490-0edb-4962-ac9d-5538ac19315e,Dazller Sun Smart Lite Lotion SPF 50 PA++ (30g),DE,106.00,207.76,96.00,73.00,50.00,183.38
fe2ad490-0edb-4962-ac9d-5538ac19315e,Dazller Sun Smart Lite Lotion SPF 50 PA++ (30g),FR,106.00,207.76,96.00,73.00,50.00,183.38
fe2ad490-0edb-4962-ac9d-5538ac19315e,Dazller Sun Smart Lite Lotion SPF 50 PA++ (30g),GB,106.00,207.76,96.00,73.00,50.00,183.38
fe2ad490-0edb-4962-ac9d-5538ac19315e,Dazller Sun Smart Lite Lotion SPF 50 PA++ (30g),IE,106.00,213.06,101.00,78.00,55.00,188.68
fe2ad490-0edb-4962-ac9d-5538ac19315e,Dazller Sun Smart Lite Lotion SPF 50 PA++ (30g),KE,106.00,207.76,96.00,73.00,50.00,183.38
fe2ad490-0edb-4962-ac9d-5538ac19315e,Dazller Sun Smart Lite Lotion SPF 50 PA++ (30g),MT,106.00,207.76,96.00,73.00,50.00,183.38
fe2ad490-0edb-4962-ac9d-5538ac19315e,Dazller Sun Smart Lite Lotion SPF 50 PA++ (30g),US,106.00,207.76,96.00,73.00,50.00,183.38
1a075ede-91ff-4aef-9add-8c4a0b86c171,"Dazller Walnut Apricot Face Scrub – 30g – Deep Exfoliating & Skin Polishing Cleanser – For Radiant, Smooth & Blackhead-Free Skin – Travel Friendly Tube",AL,40.00,78.40,96.00,73.00,50.00,69.20
1a075ede-91ff-4aef-9add-8c4a0b86c171,"Dazller Walnut Apricot Face Scrub – 30g – Deep Exfoliating & Skin Polishing Cleanser – For Radiant, Smooth & Blackhead-Free Skin – Travel Friendly Tube",CH,40.00,78.40,96.00,73.00,50.00,69.20
1a075ede-91ff-4aef-9add-8c4a0b86c171,"Dazller Walnut Apricot Face Scrub – 30g – Deep Exfoliating & Skin Polishing Cleanser – For Radiant, Smooth & Blackhead-Free Skin – Travel Friendly Tube",DE,40.00,78.40,96.00,73.00,50.00,69.20
1a075ede-91ff-4aef-9add-8c4a0b86c171,"Dazller Walnut Apricot Face Scrub – 30g – Deep Exfoliating & Skin Polishing Cleanser – For Radiant, Smooth & Blackhead-Free Skin – Travel Friendly Tube",FR,40.00,78.40,96.00,73.00,50.00,69.20
1a075ede-91ff-4aef-9add-8c4a0b86c171,"Dazller Walnut Apricot Face Scrub – 30g – Deep Exfoliating & Skin Polishing Cleanser – For Radiant, Smooth & Blackhead-Free Skin – Travel Friendly Tube",GB,40.00,78.40,96.00,73.00,50.00,69.20
1a075ede-91ff-4aef-9add-8c4a0b86c171,"Dazller Walnut Apricot Face Scrub – 30g – Deep Exfoliating & Skin Polishing Cleanser – For Radiant, Smooth & Blackhead-Free Skin – Travel Friendly Tube",IE,40.00,80.40,101.00,78.00,55.00,71.20
1a075ede-91ff-4aef-9add-8c4a0b86c171,"Dazller Walnut Apricot Face Scrub – 30g – Deep Exfoliating & Skin Polishing Cleanser – For Radiant, Smooth & Blackhead-Free Skin – Travel Friendly Tube",KE,40.00,78.40,96.00,73.00,50.00,69.20
1a075ede-91ff-4aef-9add-8c4a0b86c171,"Dazller Walnut Apricot Face Scrub – 30g – Deep Exfoliating & Skin Polishing Cleanser – For Radiant, Smooth & Blackhead-Free Skin – Travel Friendly Tube",MT,40.00,78.40,96.00,73.00,50.00,69.20
1a075ede-91ff-4aef-9add-8c4a0b86c171,"Dazller Walnut Apricot Face Scrub – 30g – Deep Exfoliating & Skin Polishing Cleanser – For Radiant, Smooth & Blackhead-Free Skin – Travel Friendly Tube",US,40.00,78.40,96.00,73.00,50.00,69.20
806db76d-5789-4c18-8661-5963ffa32061,Dazzler Lipcolour All Day Quick-Dry Liquid Lipstick (6g) | Matte Finish | Smudge-Proof | Waterproof | Long-Lasting,AL,198.00,388.08,96.00,73.00,50.00,342.54
806db76d-5789-4c18-8661-5963ffa32061,Dazzler Lipcolour All Day Quick-Dry Liquid Lipstick (6g) | Matte Finish | Smudge-Proof | Waterproof | Long-Lasting,CH,198.00,388.08,96.00,73.00,50.00,342.54
806db76d-5789-4c18-8661-5963ffa32061,Dazzler Lipcolour All Day Quick-Dry Liquid Lipstick (6g) | Matte Finish | Smudge-Proof | Waterproof | Long-Lasting,DE,198.00,388.08,96.00,73.00,50.00,342.54
806db76d-5789-4c18-8661-5963ffa32061,Dazzler Lipcolour All Day Quick-Dry Liquid Lipstick (6g) | Matte Finish | Smudge-Proof | Waterproof | Long-Lasting,FR,198.00,388.08,96.00,73.00,50.00,342.54
806db76d-5789-4c18-8661-5963ffa32061,Dazzler Lipcolour All Day Quick-Dry Liquid Lipstick (6g) | Matte Finish | Smudge-Proof | Waterproof | Long-Lasting,GB,198.00,388.08,96.00,73.00,50.00,342.54
806db76d-5789-4c18-8661-5963ffa32061,Dazzler Lipcolour All Day Quick-Dry Liquid Lipstick (6g) | Matte Finish | Smudge-Proof | Waterproof | Long-Lasting,IE,198.00,397.98,101.00,78.00,55.00,352.44
806db76d-5789-4c18-8661-5963ffa32061,Dazzler Lipcolour All Day Quick-Dry Liquid Lipstick (6g) | Matte Finish | Smudge-Proof | Waterproof | Long-Lasting,KE,198.00,388.08,96.00,73.00,50.00,342.54
806db76d-5789-4c18-8661-5963ffa32061,Dazzler Lipcolour All Day Quick-Dry Liquid Lipstick (6g) | Matte Finish | Smudge-Proof | Waterproof | Long-Lasting,MT,198.00,388.08,96.00,73.00,50.00,342.54
806db76d-5789-4c18-8661-5963ffa32061,Dazzler Lipcolour All Day Quick-Dry Liquid Lipstick (6g) | Matte Finish | Smudge-Proof | Waterproof | Long-Lasting,US,198.00,388.08,96.00,73.00,50.00,342.54
f9fb884b-7b0c-4614-8ac2-fbca169df6fa,DermDoc 2% Kojic Acid Night Cream | Glow Fusion Formula with Niacinamide & Alpha Arbutin | Brightening & Dark Spot Reduction | All Skin Types | 50g,AL,363.00,711.48,96.00,73.00,50.00,627.99
f9fb884b-7b0c-4614-8ac2-fbca169df6fa,DermDoc 2% Kojic Acid Night Cream | Glow Fusion Formula with Niacinamide & Alpha Arbutin | Brightening & Dark Spot Reduction | All Skin Types | 50g,CH,363.00,711.48,96.00,73.00,50.00,627.99
f9fb884b-7b0c-4614-8ac2-fbca169df6fa,DermDoc 2% Kojic Acid Night Cream | Glow Fusion Formula with Niacinamide & Alpha Arbutin | Brightening & Dark Spot Reduction | All Skin Types | 50g,DE,363.00,711.48,96.00,73.00,50.00,627.99
f9fb884b-7b0c-4614-8ac2-fbca169df6fa,DermDoc 2% Kojic Acid Night Cream | Glow Fusion Formula with Niacinamide & Alpha Arbutin | Brightening & Dark Spot Reduction | All Skin Types | 50g,FR,363.00,711.48,96.00,73.00,50.00,627.99
f9fb884b-7b0c-4614-8ac2-fbca169df6fa,DermDoc 2% Kojic Acid Night Cream | Glow Fusion Formula with Niacinamide & Alpha Arbutin | Brightening & Dark Spot Reduction | All Skin Types | 50g,GB,363.00,711.48,96.00,73.00,50.00,627.99
f9fb884b-7b0c-4614-8ac2-fbca169df6fa,DermDoc 2% Kojic Acid Night Cream | Glow Fusion Formula with Niacinamide & Alpha Arbutin | Brightening & Dark Spot Reduction | All Skin Types | 50g,IE,363.00,729.63,101.00,78.00,55.00,646.14
f9fb884b-7b0c-4614-8ac2-fbca169df6fa,DermDoc 2% Kojic Acid Night Cream | Glow Fusion Formula with Niacinamide & Alpha Arbutin | Brightening & Dark Spot Reduction | All Skin Types | 50g,KE,363.00,711.48,96.00,73.00,50.00,627.99
f9fb884b-7b0c-4614-8ac2-fbca169df6fa,DermDoc 2% Kojic Acid Night Cream | Glow Fusion Formula with Niacinamide & Alpha Arbutin | Brightening & Dark Spot Reduction | All Skin Types | 50g,MT,363.00,711.48,96.00,73.00,50.00,627.99
f9fb884b-7b0c-4614-8ac2-fbca169df6fa,DermDoc 2% Kojic Acid Night Cream | Glow Fusion Formula with Niacinamide & Alpha Arbutin | Brightening & Dark Spot Reduction | All Skin Types | 50g,US,363.00,711.48,96.00,73.00,50.00,627.99
e84e5767-a889-473f-8434-3fe26a6856cb,DermDoc 4% Niacinamide Brightening Sunscreen SPF 50 PA+++ | UVA & UVB Protection | Skin Brightening & Oil Control | Lightweight Daily Sunscreen | For Indian Skin,AL,248.00,486.08,96.00,73.00,50.00,429.04
e84e5767-a889-473f-8434-3fe26a6856cb,DermDoc 4% Niacinamide Brightening Sunscreen SPF 50 PA+++ | UVA & UVB Protection | Skin Brightening & Oil Control | Lightweight Daily Sunscreen | For Indian Skin,CH,248.00,486.08,96.00,73.00,50.00,429.04
e84e5767-a889-473f-8434-3fe26a6856cb,DermDoc 4% Niacinamide Brightening Sunscreen SPF 50 PA+++ | UVA & UVB Protection | Skin Brightening & Oil Control | Lightweight Daily Sunscreen | For Indian Skin,DE,248.00,486.08,96.00,73.00,50.00,429.04
e84e5767-a889-473f-8434-3fe26a6856cb,DermDoc 4% Niacinamide Brightening Sunscreen SPF 50 PA+++ | UVA & UVB Protection | Skin Brightening & Oil Control | Lightweight Daily Sunscreen | For Indian Skin,FR,248.00,486.08,96.00,73.00,50.00,429.04
e84e5767-a889-473f-8434-3fe26a6856cb,DermDoc 4% Niacinamide Brightening Sunscreen SPF 50 PA+++ | UVA & UVB Protection | Skin Brightening & Oil Control | Lightweight Daily Sunscreen | For Indian Skin,GB,248.00,486.08,96.00,73.00,50.00,429.04
e84e5767-a889-473f-8434-3fe26a6856cb,DermDoc 4% Niacinamide Brightening Sunscreen SPF 50 PA+++ | UVA & UVB Protection | Skin Brightening & Oil Control | Lightweight Daily Sunscreen | For Indian Skin,IE,248.00,498.48,101.00,78.00,55.00,441.44
e84e5767-a889-473f-8434-3fe26a6856cb,DermDoc 4% Niacinamide Brightening Sunscreen SPF 50 PA+++ | UVA & UVB Protection | Skin Brightening & Oil Control | Lightweight Daily Sunscreen | For Indian Skin,KE,248.00,486.08,96.00,73.00,50.00,429.04
e84e5767-a889-473f-8434-3fe26a6856cb,DermDoc 4% Niacinamide Brightening Sunscreen SPF 50 PA+++ | UVA & UVB Protection | Skin Brightening & Oil Control | Lightweight Daily Sunscreen | For Indian Skin,MT,248.00,486.08,96.00,73.00,50.00,429.04
e84e5767-a889-473f-8434-3fe26a6856cb,DermDoc 4% Niacinamide Brightening Sunscreen SPF 50 PA+++ | UVA & UVB Protection | Skin Brightening & Oil Control | Lightweight Daily Sunscreen | For Indian Skin,US,248.00,486.08,96.00,73.00,50.00,429.04
020bd76d-4aa1-4b7e-a1ab-8e53dc92de8a,DermDoc 5% Glycolic Acid Underarm Treatment Spray | Dark Spot Reduction & Skin Brightening | Dermatologically Tested | All Skin Types | 100ml,AL,223.00,437.08,96.00,73.00,50.00,385.79
020bd76d-4aa1-4b7e-a1ab-8e53dc92de8a,DermDoc 5% Glycolic Acid Underarm Treatment Spray | Dark Spot Reduction & Skin Brightening | Dermatologically Tested | All Skin Types | 100ml,CH,223.00,437.08,96.00,73.00,50.00,385.79
020bd76d-4aa1-4b7e-a1ab-8e53dc92de8a,DermDoc 5% Glycolic Acid Underarm Treatment Spray | Dark Spot Reduction & Skin Brightening | Dermatologically Tested | All Skin Types | 100ml,DE,223.00,437.08,96.00,73.00,50.00,385.79
020bd76d-4aa1-4b7e-a1ab-8e53dc92de8a,DermDoc 5% Glycolic Acid Underarm Treatment Spray | Dark Spot Reduction & Skin Brightening | Dermatologically Tested | All Skin Types | 100ml,FR,223.00,437.08,96.00,73.00,50.00,385.79
020bd76d-4aa1-4b7e-a1ab-8e53dc92de8a,DermDoc 5% Glycolic Acid Underarm Treatment Spray | Dark Spot Reduction & Skin Brightening | Dermatologically Tested | All Skin Types | 100ml,GB,223.00,437.08,96.00,73.00,50.00,385.79
020bd76d-4aa1-4b7e-a1ab-8e53dc92de8a,DermDoc 5% Glycolic Acid Underarm Treatment Spray | Dark Spot Reduction & Skin Brightening | Dermatologically Tested | All Skin Types | 100ml,IE,223.00,448.23,101.00,78.00,55.00,396.94
020bd76d-4aa1-4b7e-a1ab-8e53dc92de8a,DermDoc 5% Glycolic Acid Underarm Treatment Spray | Dark Spot Reduction & Skin Brightening | Dermatologically Tested | All Skin Types | 100ml,KE,223.00,437.08,96.00,73.00,50.00,385.79
020bd76d-4aa1-4b7e-a1ab-8e53dc92de8a,DermDoc 5% Glycolic Acid Underarm Treatment Spray | Dark Spot Reduction & Skin Brightening | Dermatologically Tested | All Skin Types | 100ml,MT,223.00,437.08,96.00,73.00,50.00,385.79
020bd76d-4aa1-4b7e-a1ab-8e53dc92de8a,DermDoc 5% Glycolic Acid Underarm Treatment Spray | Dark Spot Reduction & Skin Brightening | Dermatologically Tested | All Skin Types | 100ml,US,223.00,437.08,96.00,73.00,50.00,385.79
17f38e86-f6a3-4a85-ae52-ce2fdace6c0a,DermDoc Ultra Light Daily Glow Sunblock SPF 50 PA+++ 70g | Broad Spectrum UVA/UVB Protection | Lightweight Sunscreen | No White Cast | For Indian Skin,AL,348.00,682.08,96.00,73.00,50.00,602.04
17f38e86-f6a3-4a85-ae52-ce2fdace6c0a,DermDoc Ultra Light Daily Glow Sunblock SPF 50 PA+++ 70g | Broad Spectrum UVA/UVB Protection | Lightweight Sunscreen | No White Cast | For Indian Skin,CH,348.00,682.08,96.00,73.00,50.00,602.04
17f38e86-f6a3-4a85-ae52-ce2fdace6c0a,DermDoc Ultra Light Daily Glow Sunblock SPF 50 PA+++ 70g | Broad Spectrum UVA/UVB Protection | Lightweight Sunscreen | No White Cast | For Indian Skin,DE,348.00,682.08,96.00,73.00,50.00,602.04
17f38e86-f6a3-4a85-ae52-ce2fdace6c0a,DermDoc Ultra Light Daily Glow Sunblock SPF 50 PA+++ 70g | Broad Spectrum UVA/UVB Protection | Lightweight Sunscreen | No White Cast | For Indian Skin,FR,348.00,682.08,96.00,73.00,50.00,602.04
17f38e86-f6a3-4a85-ae52-ce2fdace6c0a,DermDoc Ultra Light Daily Glow Sunblock SPF 50 PA+++ 70g | Broad Spectrum UVA/UVB Protection | Lightweight Sunscreen | No White Cast | For Indian Skin,GB,348.00,682.08,96.00,73.00,50.00,602.04
17f38e86-f6a3-4a85-ae52-ce2fdace6c0a,DermDoc Ultra Light Daily Glow Sunblock SPF 50 PA+++ 70g | Broad Spectrum UVA/UVB Protection | Lightweight Sunscreen | No White Cast | For Indian Skin,IE,348.00,699.48,101.00,78.00,55.00,619.44
17f38e86-f6a3-4a85-ae52-ce2fdace6c0a,DermDoc Ultra Light Daily Glow Sunblock SPF 50 PA+++ 70g | Broad Spectrum UVA/UVB Protection | Lightweight Sunscreen | No White Cast | For Indian Skin,KE,348.00,682.08,96.00,73.00,50.00,602.04
17f38e86-f6a3-4a85-ae52-ce2fdace6c0a,DermDoc Ultra Light Daily Glow Sunblock SPF 50 PA+++ 70g | Broad Spectrum UVA/UVB Protection | Lightweight Sunscreen | No White Cast | For Indian Skin,MT,348.00,682.08,96.00,73.00,50.00,602.04
17f38e86-f6a3-4a85-ae52-ce2fdace6c0a,DermDoc Ultra Light Daily Glow Sunblock SPF 50 PA+++ 70g | Broad Spectrum UVA/UVB Protection | Lightweight Sunscreen | No White Cast | For Indian Skin,US,348.00,682.08,96.00,73.00,50.00,602.04
40783833-f941-4a3b-ae68-7c21a5a8d2c4,Dettol Antiseptic Liquid- 250ml,AL,157.00,307.72,96.00,73.00,50.00,271.61
40783833-f941-4a3b-ae68-7c21a5a8d2c4,Dettol Antiseptic Liquid- 250ml,CH,157.00,307.72,96.00,73.00,50.00,271.61
40783833-f941-4a3b-ae68-7c21a5a8d2c4,Dettol Antiseptic Liquid- 250ml,DE,157.00,307.72,96.00,73.00,50.00,271.61
40783833-f941-4a3b-ae68-7c21a5a8d2c4,Dettol Antiseptic Liquid- 250ml,FR,157.00,307.72,96.00,73.00,50.00,271.61
40783833-f941-4a3b-ae68-7c21a5a8d2c4,Dettol Antiseptic Liquid- 250ml,GB,157.00,307.72,96.00,73.00,50.00,271.61
40783833-f941-4a3b-ae68-7c21a5a8d2c4,Dettol Antiseptic Liquid- 250ml,IE,157.00,315.57,101.00,78.00,55.00,279.46
40783833-f941-4a3b-ae68-7c21a5a8d2c4,Dettol Antiseptic Liquid- 250ml,KE,157.00,307.72,96.00,73.00,50.00,271.61
40783833-f941-4a3b-ae68-7c21a5a8d2c4,Dettol Antiseptic Liquid- 250ml,MT,157.00,307.72,96.00,73.00,50.00,271.61
40783833-f941-4a3b-ae68-7c21a5a8d2c4,Dettol Antiseptic Liquid- 250ml,US,157.00,307.72,96.00,73.00,50.00,271.61
560a1d83-f63f-4395-85dd-4f0ef1894e8b,Dettol Disinfectant Liquid Menthol Cool | Multi-Purpose Personal & Home Hygiene | Effective Germ Protection | 250 ml,AL,146.00,286.16,96.00,73.00,50.00,252.58
560a1d83-f63f-4395-85dd-4f0ef1894e8b,Dettol Disinfectant Liquid Menthol Cool | Multi-Purpose Personal & Home Hygiene | Effective Germ Protection | 250 ml,CH,146.00,286.16,96.00,73.00,50.00,252.58
560a1d83-f63f-4395-85dd-4f0ef1894e8b,Dettol Disinfectant Liquid Menthol Cool | Multi-Purpose Personal & Home Hygiene | Effective Germ Protection | 250 ml,DE,146.00,286.16,96.00,73.00,50.00,252.58
560a1d83-f63f-4395-85dd-4f0ef1894e8b,Dettol Disinfectant Liquid Menthol Cool | Multi-Purpose Personal & Home Hygiene | Effective Germ Protection | 250 ml,FR,146.00,286.16,96.00,73.00,50.00,252.58
560a1d83-f63f-4395-85dd-4f0ef1894e8b,Dettol Disinfectant Liquid Menthol Cool | Multi-Purpose Personal & Home Hygiene | Effective Germ Protection | 250 ml,GB,146.00,286.16,96.00,73.00,50.00,252.58
560a1d83-f63f-4395-85dd-4f0ef1894e8b,Dettol Disinfectant Liquid Menthol Cool | Multi-Purpose Personal & Home Hygiene | Effective Germ Protection | 250 ml,IE,146.00,293.46,101.00,78.00,55.00,259.88
560a1d83-f63f-4395-85dd-4f0ef1894e8b,Dettol Disinfectant Liquid Menthol Cool | Multi-Purpose Personal & Home Hygiene | Effective Germ Protection | 250 ml,KE,146.00,286.16,96.00,73.00,50.00,252.58
560a1d83-f63f-4395-85dd-4f0ef1894e8b,Dettol Disinfectant Liquid Menthol Cool | Multi-Purpose Personal & Home Hygiene | Effective Germ Protection | 250 ml,MT,146.00,286.16,96.00,73.00,50.00,252.58
560a1d83-f63f-4395-85dd-4f0ef1894e8b,Dettol Disinfectant Liquid Menthol Cool | Multi-Purpose Personal & Home Hygiene | Effective Germ Protection | 250 ml,US,146.00,286.16,96.00,73.00,50.00,252.58
bbb9e47c-f47d-469d-8ce2-498a776dfe63,Dettol Multi-Use Skin & Surface Wipes | Odour Protection | 40 Wipes Pack | Antibacterial Hygiene Wipes,AL,147.00,288.12,96.00,73.00,50.00,254.31
bbb9e47c-f47d-469d-8ce2-498a776dfe63,Dettol Multi-Use Skin & Surface Wipes | Odour Protection | 40 Wipes Pack | Antibacterial Hygiene Wipes,CH,147.00,288.12,96.00,73.00,50.00,254.31
bbb9e47c-f47d-469d-8ce2-498a776dfe63,Dettol Multi-Use Skin & Surface Wipes | Odour Protection | 40 Wipes Pack | Antibacterial Hygiene Wipes,DE,147.00,288.12,96.00,73.00,50.00,254.31
bbb9e47c-f47d-469d-8ce2-498a776dfe63,Dettol Multi-Use Skin & Surface Wipes | Odour Protection | 40 Wipes Pack | Antibacterial Hygiene Wipes,FR,147.00,288.12,96.00,73.00,50.00,254.31
bbb9e47c-f47d-469d-8ce2-498a776dfe63,Dettol Multi-Use Skin & Surface Wipes | Odour Protection | 40 Wipes Pack | Antibacterial Hygiene Wipes,GB,147.00,288.12,96.00,73.00,50.00,254.31
bbb9e47c-f47d-469d-8ce2-498a776dfe63,Dettol Multi-Use Skin & Surface Wipes | Odour Protection | 40 Wipes Pack | Antibacterial Hygiene Wipes,IE,147.00,295.47,101.00,78.00,55.00,261.66
bbb9e47c-f47d-469d-8ce2-498a776dfe63,Dettol Multi-Use Skin & Surface Wipes | Odour Protection | 40 Wipes Pack | Antibacterial Hygiene Wipes,KE,147.00,288.12,96.00,73.00,50.00,254.31
bbb9e47c-f47d-469d-8ce2-498a776dfe63,Dettol Multi-Use Skin & Surface Wipes | Odour Protection | 40 Wipes Pack | Antibacterial Hygiene Wipes,MT,147.00,288.12,96.00,73.00,50.00,254.31
bbb9e47c-f47d-469d-8ce2-498a776dfe63,Dettol Multi-Use Skin & Surface Wipes | Odour Protection | 40 Wipes Pack | Antibacterial Hygiene Wipes,US,147.00,288.12,96.00,73.00,50.00,254.31
e09d7794-06b5-4858-a386-0bedcdbb2d56,Dettol Original Germ Defence Instant Hand Sanitizer (47 ml),AL,30.00,58.80,96.00,73.00,50.00,51.90
e09d7794-06b5-4858-a386-0bedcdbb2d56,Dettol Original Germ Defence Instant Hand Sanitizer (47 ml),CH,30.00,58.80,96.00,73.00,50.00,51.90
e09d7794-06b5-4858-a386-0bedcdbb2d56,Dettol Original Germ Defence Instant Hand Sanitizer (47 ml),DE,30.00,58.80,96.00,73.00,50.00,51.90
e09d7794-06b5-4858-a386-0bedcdbb2d56,Dettol Original Germ Defence Instant Hand Sanitizer (47 ml),FR,30.00,58.80,96.00,73.00,50.00,51.90
e09d7794-06b5-4858-a386-0bedcdbb2d56,Dettol Original Germ Defence Instant Hand Sanitizer (47 ml),GB,30.00,58.80,96.00,73.00,50.00,51.90
e09d7794-06b5-4858-a386-0bedcdbb2d56,Dettol Original Germ Defence Instant Hand Sanitizer (47 ml),IE,30.00,60.30,101.00,78.00,55.00,53.40
e09d7794-06b5-4858-a386-0bedcdbb2d56,Dettol Original Germ Defence Instant Hand Sanitizer (47 ml),KE,30.00,58.80,96.00,73.00,50.00,51.90
e09d7794-06b5-4858-a386-0bedcdbb2d56,Dettol Original Germ Defence Instant Hand Sanitizer (47 ml),MT,30.00,58.80,96.00,73.00,50.00,51.90
e09d7794-06b5-4858-a386-0bedcdbb2d56,Dettol Original Germ Defence Instant Hand Sanitizer (47 ml),US,30.00,58.80,96.00,73.00,50.00,51.90
123fc0ee-f61a-4b6f-8494-48653aa32e80,Dewy Face Primer | It's Glow O' Clock Primer,AL,390.00,764.40,96.00,73.00,50.00,674.70
123fc0ee-f61a-4b6f-8494-48653aa32e80,Dewy Face Primer | It's Glow O' Clock Primer,CH,390.00,764.40,96.00,73.00,50.00,674.70
123fc0ee-f61a-4b6f-8494-48653aa32e80,Dewy Face Primer | It's Glow O' Clock Primer,DE,390.00,764.40,96.00,73.00,50.00,674.70
123fc0ee-f61a-4b6f-8494-48653aa32e80,Dewy Face Primer | It's Glow O' Clock Primer,FR,390.00,764.40,96.00,73.00,50.00,674.70
123fc0ee-f61a-4b6f-8494-48653aa32e80,Dewy Face Primer | It's Glow O' Clock Primer,GB,390.00,764.40,96.00,73.00,50.00,674.70
123fc0ee-f61a-4b6f-8494-48653aa32e80,Dewy Face Primer | It's Glow O' Clock Primer,IE,390.00,783.90,101.00,78.00,55.00,694.20
123fc0ee-f61a-4b6f-8494-48653aa32e80,Dewy Face Primer | It's Glow O' Clock Primer,KE,390.00,764.40,96.00,73.00,50.00,674.70
123fc0ee-f61a-4b6f-8494-48653aa32e80,Dewy Face Primer | It's Glow O' Clock Primer,MT,390.00,764.40,96.00,73.00,50.00,674.70
123fc0ee-f61a-4b6f-8494-48653aa32e80,Dewy Face Primer | It's Glow O' Clock Primer,US,390.00,764.40,96.00,73.00,50.00,674.70
58964543-8a5c-443a-b96f-68675cbcbd33,Dhathri Daily Amla & Heart Seed Hair Oil (300 ml),IE,359.10,829.52,131.00,108.00,85.00,746.93
f991955d-bc97-4e9c-b996-e059500b493d,Dhathri Daily Hair Oil (Enriched with Heartseed) - 90 ml,AL,76.50,149.94,96.00,73.00,50.00,132.35
f991955d-bc97-4e9c-b996-e059500b493d,Dhathri Daily Hair Oil (Enriched with Heartseed) - 90 ml,CH,76.50,149.94,96.00,73.00,50.00,132.35
f991955d-bc97-4e9c-b996-e059500b493d,Dhathri Daily Hair Oil (Enriched with Heartseed) - 90 ml,DE,76.50,149.94,96.00,73.00,50.00,132.35
f991955d-bc97-4e9c-b996-e059500b493d,Dhathri Daily Hair Oil (Enriched with Heartseed) - 90 ml,FR,76.50,149.94,96.00,73.00,50.00,132.35
f991955d-bc97-4e9c-b996-e059500b493d,Dhathri Daily Hair Oil (Enriched with Heartseed) - 90 ml,GB,76.50,149.94,96.00,73.00,50.00,132.35
f991955d-bc97-4e9c-b996-e059500b493d,Dhathri Daily Hair Oil (Enriched with Heartseed) - 90 ml,IE,76.50,153.78,101.02,78.02,55.02,136.18
f991955d-bc97-4e9c-b996-e059500b493d,Dhathri Daily Hair Oil (Enriched with Heartseed) - 90 ml,KE,76.50,149.94,96.00,73.00,50.00,132.35
f991955d-bc97-4e9c-b996-e059500b493d,Dhathri Daily Hair Oil (Enriched with Heartseed) - 90 ml,MT,76.50,149.94,96.00,73.00,50.00,132.35
f991955d-bc97-4e9c-b996-e059500b493d,Dhathri Daily Hair Oil (Enriched with Heartseed) - 90 ml,US,76.50,149.94,96.00,73.00,50.00,132.35
149ffc23-d87d-4c91-86a2-5837a86498a2,Dhathri Daily Rosemary & Marula Hair Oil (100 ml),AL,117.00,229.32,96.00,73.00,50.00,202.41
149ffc23-d87d-4c91-86a2-5837a86498a2,Dhathri Daily Rosemary & Marula Hair Oil (100 ml),CH,117.00,229.32,96.00,73.00,50.00,202.41
149ffc23-d87d-4c91-86a2-5837a86498a2,Dhathri Daily Rosemary & Marula Hair Oil (100 ml),DE,117.00,229.32,96.00,73.00,50.00,202.41
149ffc23-d87d-4c91-86a2-5837a86498a2,Dhathri Daily Rosemary & Marula Hair Oil (100 ml),FR,117.00,229.32,96.00,73.00,50.00,202.41
149ffc23-d87d-4c91-86a2-5837a86498a2,Dhathri Daily Rosemary & Marula Hair Oil (100 ml),GB,117.00,229.32,96.00,73.00,50.00,202.41
149ffc23-d87d-4c91-86a2-5837a86498a2,Dhathri Daily Rosemary & Marula Hair Oil (100 ml),IE,117.00,235.17,101.00,78.00,55.00,208.26
149ffc23-d87d-4c91-86a2-5837a86498a2,Dhathri Daily Rosemary & Marula Hair Oil (100 ml),KE,117.00,229.32,96.00,73.00,50.00,202.41
149ffc23-d87d-4c91-86a2-5837a86498a2,Dhathri Daily Rosemary & Marula Hair Oil (100 ml),MT,117.00,229.32,96.00,73.00,50.00,202.41
149ffc23-d87d-4c91-86a2-5837a86498a2,Dhathri Daily Rosemary & Marula Hair Oil (100 ml),US,117.00,229.32,96.00,73.00,50.00,202.41
15fdcf03-404e-4f6e-ae32-e5e6d516c4ca,Dhathri Hair Care Plus Herbal Oil (100 ml),AL,304.20,596.24,96.00,73.00,50.00,526.27
15fdcf03-404e-4f6e-ae32-e5e6d516c4ca,Dhathri Hair Care Plus Herbal Oil (100 ml),CH,304.20,596.24,96.00,73.00,50.00,526.27
15fdcf03-404e-4f6e-ae32-e5e6d516c4ca,Dhathri Hair Care Plus Herbal Oil (100 ml),DE,304.20,596.24,96.00,73.00,50.00,526.27
15fdcf03-404e-4f6e-ae32-e5e6d516c4ca,Dhathri Hair Care Plus Herbal Oil (100 ml),FR,304.20,596.24,96.00,73.00,50.00,526.27
15fdcf03-404e-4f6e-ae32-e5e6d516c4ca,Dhathri Hair Care Plus Herbal Oil (100 ml),GB,304.20,596.24,96.00,73.00,50.00,526.27
15fdcf03-404e-4f6e-ae32-e5e6d516c4ca,Dhathri Hair Care Plus Herbal Oil (100 ml),IE,304.20,611.45,101.00,78.00,55.00,541.48
15fdcf03-404e-4f6e-ae32-e5e6d516c4ca,Dhathri Hair Care Plus Herbal Oil (100 ml),KE,304.20,596.24,96.00,73.00,50.00,526.27
15fdcf03-404e-4f6e-ae32-e5e6d516c4ca,Dhathri Hair Care Plus Herbal Oil (100 ml),MT,304.20,596.24,96.00,73.00,50.00,526.27
15fdcf03-404e-4f6e-ae32-e5e6d516c4ca,Dhathri Hair Care Plus Herbal Oil (100 ml),US,304.20,596.24,96.00,73.00,50.00,526.27
67dd0e37-2ee0-4034-893b-af78e952368c,Dhathri Herbal Oil (100 ml),AL,201.60,395.14,96.00,73.00,50.00,348.77
67dd0e37-2ee0-4034-893b-af78e952368c,Dhathri Herbal Oil (100 ml),CH,201.60,395.14,96.00,73.00,50.00,348.77
67dd0e37-2ee0-4034-893b-af78e952368c,Dhathri Herbal Oil (100 ml),DE,201.60,395.14,96.00,73.00,50.00,348.77
67dd0e37-2ee0-4034-893b-af78e952368c,Dhathri Herbal Oil (100 ml),FR,201.60,395.14,96.00,73.00,50.00,348.77
67dd0e37-2ee0-4034-893b-af78e952368c,Dhathri Herbal Oil (100 ml),GB,201.60,395.14,96.00,73.00,50.00,348.77
67dd0e37-2ee0-4034-893b-af78e952368c,Dhathri Herbal Oil (100 ml),IE,201.60,405.22,101.00,78.00,55.00,358.85
67dd0e37-2ee0-4034-893b-af78e952368c,Dhathri Herbal Oil (100 ml),KE,201.60,395.14,96.00,73.00,50.00,348.77
67dd0e37-2ee0-4034-893b-af78e952368c,Dhathri Herbal Oil (100 ml),MT,201.60,395.14,96.00,73.00,50.00,348.77
67dd0e37-2ee0-4034-893b-af78e952368c,Dhathri Herbal Oil (100 ml),US,201.60,395.14,96.00,73.00,50.00,348.77
eb4e5fd9-bb06-4c7c-8490-4f1cf28b8045,Dhathri Herbal Turmeric Hand Wash | Anti-Bacterial Herbal Formula | Paraben & Triclosan Free | Soap Free | Turmeric Neem Lemongrass,AL,99.00,194.04,96.00,73.00,50.00,171.27
eb4e5fd9-bb06-4c7c-8490-4f1cf28b8045,Dhathri Herbal Turmeric Hand Wash | Anti-Bacterial Herbal Formula | Paraben & Triclosan Free | Soap Free | Turmeric Neem Lemongrass,CH,99.00,194.04,96.00,73.00,50.00,171.27
eb4e5fd9-bb06-4c7c-8490-4f1cf28b8045,Dhathri Herbal Turmeric Hand Wash | Anti-Bacterial Herbal Formula | Paraben & Triclosan Free | Soap Free | Turmeric Neem Lemongrass,DE,99.00,194.04,96.00,73.00,50.00,171.27
eb4e5fd9-bb06-4c7c-8490-4f1cf28b8045,Dhathri Herbal Turmeric Hand Wash | Anti-Bacterial Herbal Formula | Paraben & Triclosan Free | Soap Free | Turmeric Neem Lemongrass,FR,99.00,194.04,96.00,73.00,50.00,171.27
eb4e5fd9-bb06-4c7c-8490-4f1cf28b8045,Dhathri Herbal Turmeric Hand Wash | Anti-Bacterial Herbal Formula | Paraben & Triclosan Free | Soap Free | Turmeric Neem Lemongrass,GB,99.00,194.04,96.00,73.00,50.00,171.27
eb4e5fd9-bb06-4c7c-8490-4f1cf28b8045,Dhathri Herbal Turmeric Hand Wash | Anti-Bacterial Herbal Formula | Paraben & Triclosan Free | Soap Free | Turmeric Neem Lemongrass,IE,99.00,198.99,101.00,78.00,55.00,176.22
eb4e5fd9-bb06-4c7c-8490-4f1cf28b8045,Dhathri Herbal Turmeric Hand Wash | Anti-Bacterial Herbal Formula | Paraben & Triclosan Free | Soap Free | Turmeric Neem Lemongrass,KE,99.00,194.04,96.00,73.00,50.00,171.27
eb4e5fd9-bb06-4c7c-8490-4f1cf28b8045,Dhathri Herbal Turmeric Hand Wash | Anti-Bacterial Herbal Formula | Paraben & Triclosan Free | Soap Free | Turmeric Neem Lemongrass,MT,99.00,194.04,96.00,73.00,50.00,171.27
eb4e5fd9-bb06-4c7c-8490-4f1cf28b8045,Dhathri Herbal Turmeric Hand Wash | Anti-Bacterial Herbal Formula | Paraben & Triclosan Free | Soap Free | Turmeric Neem Lemongrass,US,99.00,194.04,96.00,73.00,50.00,171.27
9dd224a4-9019-44f7-a807-e3329f51eb46,"Die-Cast Metal SUV Toy Car with Light & Sound, Pull Back, Open Doors – Yellow",AL,948.00,1952.88,106.00,83.00,60.00,1734.84
9dd224a4-9019-44f7-a807-e3329f51eb46,"Die-Cast Metal SUV Toy Car with Light & Sound, Pull Back, Open Doors – Yellow",CH,948.00,1952.88,106.00,83.00,60.00,1734.84
9dd224a4-9019-44f7-a807-e3329f51eb46,"Die-Cast Metal SUV Toy Car with Light & Sound, Pull Back, Open Doors – Yellow",DE,948.00,1952.88,106.00,83.00,60.00,1734.84
9dd224a4-9019-44f7-a807-e3329f51eb46,"Die-Cast Metal SUV Toy Car with Light & Sound, Pull Back, Open Doors – Yellow",FR,948.00,1952.88,106.00,83.00,60.00,1734.84
9dd224a4-9019-44f7-a807-e3329f51eb46,"Die-Cast Metal SUV Toy Car with Light & Sound, Pull Back, Open Doors – Yellow",GB,948.00,1952.88,106.00,83.00,60.00,1734.84
9dd224a4-9019-44f7-a807-e3329f51eb46,"Die-Cast Metal SUV Toy Car with Light & Sound, Pull Back, Open Doors – Yellow",IE,948.00,2000.28,111.00,88.00,65.00,1782.24
9dd224a4-9019-44f7-a807-e3329f51eb46,"Die-Cast Metal SUV Toy Car with Light & Sound, Pull Back, Open Doors – Yellow",KE,948.00,1952.88,106.00,83.00,60.00,1734.84
9dd224a4-9019-44f7-a807-e3329f51eb46,"Die-Cast Metal SUV Toy Car with Light & Sound, Pull Back, Open Doors – Yellow",MT,948.00,1952.88,106.00,83.00,60.00,1734.84
9dd224a4-9019-44f7-a807-e3329f51eb46,"Die-Cast Metal SUV Toy Car with Light & Sound, Pull Back, Open Doors – Yellow",US,948.00,1952.88,106.00,83.00,60.00,1734.84
5dc36d9f-dc38-468c-bca3-7e8cb4f54025,"Disposable 3-Layer Carbon Face Mask (50 Pieces) | Soft, Breathable & Skin-Friendly Surgical Mask | Daily Protection Mask",AL,89.00,174.44,96.00,73.00,50.00,153.97
5dc36d9f-dc38-468c-bca3-7e8cb4f54025,"Disposable 3-Layer Carbon Face Mask (50 Pieces) | Soft, Breathable & Skin-Friendly Surgical Mask | Daily Protection Mask",CH,89.00,174.44,96.00,73.00,50.00,153.97
5dc36d9f-dc38-468c-bca3-7e8cb4f54025,"Disposable 3-Layer Carbon Face Mask (50 Pieces) | Soft, Breathable & Skin-Friendly Surgical Mask | Daily Protection Mask",DE,89.00,174.44,96.00,73.00,50.00,153.97
5dc36d9f-dc38-468c-bca3-7e8cb4f54025,"Disposable 3-Layer Carbon Face Mask (50 Pieces) | Soft, Breathable & Skin-Friendly Surgical Mask | Daily Protection Mask",FR,89.00,174.44,96.00,73.00,50.00,153.97
5dc36d9f-dc38-468c-bca3-7e8cb4f54025,"Disposable 3-Layer Carbon Face Mask (50 Pieces) | Soft, Breathable & Skin-Friendly Surgical Mask | Daily Protection Mask",GB,89.00,174.44,96.00,73.00,50.00,153.97
5dc36d9f-dc38-468c-bca3-7e8cb4f54025,"Disposable 3-Layer Carbon Face Mask (50 Pieces) | Soft, Breathable & Skin-Friendly Surgical Mask | Daily Protection Mask",IE,89.00,178.89,101.00,78.00,55.00,158.42
5dc36d9f-dc38-468c-bca3-7e8cb4f54025,"Disposable 3-Layer Carbon Face Mask (50 Pieces) | Soft, Breathable & Skin-Friendly Surgical Mask | Daily Protection Mask",KE,89.00,174.44,96.00,73.00,50.00,153.97
5dc36d9f-dc38-468c-bca3-7e8cb4f54025,"Disposable 3-Layer Carbon Face Mask (50 Pieces) | Soft, Breathable & Skin-Friendly Surgical Mask | Daily Protection Mask",MT,89.00,174.44,96.00,73.00,50.00,153.97
5dc36d9f-dc38-468c-bca3-7e8cb4f54025,"Disposable 3-Layer Carbon Face Mask (50 Pieces) | Soft, Breathable & Skin-Friendly Surgical Mask | Daily Protection Mask",US,89.00,174.44,96.00,73.00,50.00,153.97
a95f5648-3ca4-4816-9952-d337dc043c79,"Disposable Nitrile Gloves | Powder-Free, Tear-Resistant & High Elasticity | Medical & Multipurpose Use Gloves",IE,299.00,690.69,131.00,108.00,85.00,621.92
f62ad2f3-0fa9-475b-b7fb-2f0d8ff5d581,"Domex Disinfectant Toilet Cleaner — Ocean Fresh, Fights Odour for 3 Days | Thick Gel Formula, Germ Kill for Bowl, Rim & Pipes | 500ml",AL,44.00,84.04,91.00,68.00,45.00,73.92
f62ad2f3-0fa9-475b-b7fb-2f0d8ff5d581,"Domex Disinfectant Toilet Cleaner — Ocean Fresh, Fights Odour for 3 Days | Thick Gel Formula, Germ Kill for Bowl, Rim & Pipes | 500ml",CH,44.00,84.04,91.00,68.00,45.00,73.92
f62ad2f3-0fa9-475b-b7fb-2f0d8ff5d581,"Domex Disinfectant Toilet Cleaner — Ocean Fresh, Fights Odour for 3 Days | Thick Gel Formula, Germ Kill for Bowl, Rim & Pipes | 500ml",DE,44.00,84.04,91.00,68.00,45.00,73.92
f62ad2f3-0fa9-475b-b7fb-2f0d8ff5d581,"Domex Disinfectant Toilet Cleaner — Ocean Fresh, Fights Odour for 3 Days | Thick Gel Formula, Germ Kill for Bowl, Rim & Pipes | 500ml",FR,44.00,84.04,91.00,68.00,45.00,73.92
f62ad2f3-0fa9-475b-b7fb-2f0d8ff5d581,"Domex Disinfectant Toilet Cleaner — Ocean Fresh, Fights Odour for 3 Days | Thick Gel Formula, Germ Kill for Bowl, Rim & Pipes | 500ml",GB,44.00,84.04,91.00,68.00,45.00,73.92
f62ad2f3-0fa9-475b-b7fb-2f0d8ff5d581,"Domex Disinfectant Toilet Cleaner — Ocean Fresh, Fights Odour for 3 Days | Thick Gel Formula, Germ Kill for Bowl, Rim & Pipes | 500ml",IE,44.00,89.25,102.84,79.84,56.84,79.13
f62ad2f3-0fa9-475b-b7fb-2f0d8ff5d581,"Domex Disinfectant Toilet Cleaner — Ocean Fresh, Fights Odour for 3 Days | Thick Gel Formula, Germ Kill for Bowl, Rim & Pipes | 500ml",KE,44.00,84.04,91.00,68.00,45.00,73.92
f62ad2f3-0fa9-475b-b7fb-2f0d8ff5d581,"Domex Disinfectant Toilet Cleaner — Ocean Fresh, Fights Odour for 3 Days | Thick Gel Formula, Germ Kill for Bowl, Rim & Pipes | 500ml",MT,44.00,84.04,91.00,68.00,45.00,73.92
f62ad2f3-0fa9-475b-b7fb-2f0d8ff5d581,"Domex Disinfectant Toilet Cleaner — Ocean Fresh, Fights Odour for 3 Days | Thick Gel Formula, Germ Kill for Bowl, Rim & Pipes | 500ml",US,44.00,84.04,91.00,68.00,45.00,73.92
425f6bc6-983a-4c44-b301-9f94b17cb5a3,DOMS Aqua Colour Cakes – 24 Vibrant Shades – Premium Artist Grade Water-Soluble Cakes – Includes 1 Applicator Brush – Non-Toxic & Safe for Students and Artists,AL,119.00,233.24,96.00,73.00,50.00,205.87
425f6bc6-983a-4c44-b301-9f94b17cb5a3,DOMS Aqua Colour Cakes – 24 Vibrant Shades – Premium Artist Grade Water-Soluble Cakes – Includes 1 Applicator Brush – Non-Toxic & Safe for Students and Artists,CH,119.00,233.24,96.00,73.00,50.00,205.87
425f6bc6-983a-4c44-b301-9f94b17cb5a3,DOMS Aqua Colour Cakes – 24 Vibrant Shades – Premium Artist Grade Water-Soluble Cakes – Includes 1 Applicator Brush – Non-Toxic & Safe for Students and Artists,DE,119.00,233.24,96.00,73.00,50.00,205.87
425f6bc6-983a-4c44-b301-9f94b17cb5a3,DOMS Aqua Colour Cakes – 24 Vibrant Shades – Premium Artist Grade Water-Soluble Cakes – Includes 1 Applicator Brush – Non-Toxic & Safe for Students and Artists,FR,119.00,233.24,96.00,73.00,50.00,205.87
425f6bc6-983a-4c44-b301-9f94b17cb5a3,DOMS Aqua Colour Cakes – 24 Vibrant Shades – Premium Artist Grade Water-Soluble Cakes – Includes 1 Applicator Brush – Non-Toxic & Safe for Students and Artists,GB,119.00,233.24,96.00,73.00,50.00,205.87
425f6bc6-983a-4c44-b301-9f94b17cb5a3,DOMS Aqua Colour Cakes – 24 Vibrant Shades – Premium Artist Grade Water-Soluble Cakes – Includes 1 Applicator Brush – Non-Toxic & Safe for Students and Artists,IE,119.00,239.19,101.00,78.00,55.00,211.82
425f6bc6-983a-4c44-b301-9f94b17cb5a3,DOMS Aqua Colour Cakes – 24 Vibrant Shades – Premium Artist Grade Water-Soluble Cakes – Includes 1 Applicator Brush – Non-Toxic & Safe for Students and Artists,KE,119.00,233.24,96.00,73.00,50.00,205.87
425f6bc6-983a-4c44-b301-9f94b17cb5a3,DOMS Aqua Colour Cakes – 24 Vibrant Shades – Premium Artist Grade Water-Soluble Cakes – Includes 1 Applicator Brush – Non-Toxic & Safe for Students and Artists,MT,119.00,233.24,96.00,73.00,50.00,205.87
425f6bc6-983a-4c44-b301-9f94b17cb5a3,DOMS Aqua Colour Cakes – 24 Vibrant Shades – Premium Artist Grade Water-Soluble Cakes – Includes 1 Applicator Brush – Non-Toxic & Safe for Students and Artists,US,119.00,233.24,96.00,73.00,50.00,205.87
5b348fd9-037a-4c45-a8a6-ce08bc5e4ecd,"DOMS Colour Pencils Set, 12 Shades with Free Sharpener, Pre-Sharpened Drawing Pencils for Kids, School, Art & Coloring Activities",AL,30.00,58.80,96.00,73.00,50.00,51.90
5b348fd9-037a-4c45-a8a6-ce08bc5e4ecd,"DOMS Colour Pencils Set, 12 Shades with Free Sharpener, Pre-Sharpened Drawing Pencils for Kids, School, Art & Coloring Activities",CH,30.00,58.80,96.00,73.00,50.00,51.90
5b348fd9-037a-4c45-a8a6-ce08bc5e4ecd,"DOMS Colour Pencils Set, 12 Shades with Free Sharpener, Pre-Sharpened Drawing Pencils for Kids, School, Art & Coloring Activities",DE,30.00,58.80,96.00,73.00,50.00,51.90
5b348fd9-037a-4c45-a8a6-ce08bc5e4ecd,"DOMS Colour Pencils Set, 12 Shades with Free Sharpener, Pre-Sharpened Drawing Pencils for Kids, School, Art & Coloring Activities",FR,30.00,58.80,96.00,73.00,50.00,51.90
5b348fd9-037a-4c45-a8a6-ce08bc5e4ecd,"DOMS Colour Pencils Set, 12 Shades with Free Sharpener, Pre-Sharpened Drawing Pencils for Kids, School, Art & Coloring Activities",GB,30.00,58.80,96.00,73.00,50.00,51.90
5b348fd9-037a-4c45-a8a6-ce08bc5e4ecd,"DOMS Colour Pencils Set, 12 Shades with Free Sharpener, Pre-Sharpened Drawing Pencils for Kids, School, Art & Coloring Activities",IE,30.00,60.30,101.00,78.00,55.00,53.40
5b348fd9-037a-4c45-a8a6-ce08bc5e4ecd,"DOMS Colour Pencils Set, 12 Shades with Free Sharpener, Pre-Sharpened Drawing Pencils for Kids, School, Art & Coloring Activities",KE,30.00,58.80,96.00,73.00,50.00,51.90
5b348fd9-037a-4c45-a8a6-ce08bc5e4ecd,"DOMS Colour Pencils Set, 12 Shades with Free Sharpener, Pre-Sharpened Drawing Pencils for Kids, School, Art & Coloring Activities",MT,30.00,58.80,96.00,73.00,50.00,51.90
5b348fd9-037a-4c45-a8a6-ce08bc5e4ecd,"DOMS Colour Pencils Set, 12 Shades with Free Sharpener, Pre-Sharpened Drawing Pencils for Kids, School, Art & Coloring Activities",US,30.00,58.80,96.00,73.00,50.00,51.90
9b8a28fc-ccbd-4693-8862-b6ffe2e79363,DOMS PASTEL BRUSH PENS,AL,198.00,388.08,96.00,73.00,50.00,342.54
9b8a28fc-ccbd-4693-8862-b6ffe2e79363,DOMS PASTEL BRUSH PENS,CH,198.00,388.08,96.00,73.00,50.00,342.54
9b8a28fc-ccbd-4693-8862-b6ffe2e79363,DOMS PASTEL BRUSH PENS,DE,198.00,388.08,96.00,73.00,50.00,342.54
9b8a28fc-ccbd-4693-8862-b6ffe2e79363,DOMS PASTEL BRUSH PENS,FR,198.00,388.08,96.00,73.00,50.00,342.54
9b8a28fc-ccbd-4693-8862-b6ffe2e79363,DOMS PASTEL BRUSH PENS,GB,198.00,388.08,96.00,73.00,50.00,342.54
9b8a28fc-ccbd-4693-8862-b6ffe2e79363,DOMS PASTEL BRUSH PENS,IE,198.00,397.98,101.00,78.00,55.00,352.44
9b8a28fc-ccbd-4693-8862-b6ffe2e79363,DOMS PASTEL BRUSH PENS,KE,198.00,388.08,96.00,73.00,50.00,342.54
9b8a28fc-ccbd-4693-8862-b6ffe2e79363,DOMS PASTEL BRUSH PENS,MT,198.00,388.08,96.00,73.00,50.00,342.54
9b8a28fc-ccbd-4693-8862-b6ffe2e79363,DOMS PASTEL BRUSH PENS,US,198.00,388.08,96.00,73.00,50.00,342.54
f12c379c-ab11-4e2b-965d-dbfeb6169c91,DOMS Water Colour Tubes,AL,95.00,186.20,96.00,73.00,50.00,164.35
f12c379c-ab11-4e2b-965d-dbfeb6169c91,DOMS Water Colour Tubes,CH,95.00,186.20,96.00,73.00,50.00,164.35
f12c379c-ab11-4e2b-965d-dbfeb6169c91,DOMS Water Colour Tubes,DE,95.00,186.20,96.00,73.00,50.00,164.35
f12c379c-ab11-4e2b-965d-dbfeb6169c91,DOMS Water Colour Tubes,FR,95.00,186.20,96.00,73.00,50.00,164.35
f12c379c-ab11-4e2b-965d-dbfeb6169c91,DOMS Water Colour Tubes,GB,95.00,186.20,96.00,73.00,50.00,164.35
f12c379c-ab11-4e2b-965d-dbfeb6169c91,DOMS Water Colour Tubes,IE,95.00,190.95,101.00,78.00,55.00,169.10
f12c379c-ab11-4e2b-965d-dbfeb6169c91,DOMS Water Colour Tubes,KE,95.00,186.20,96.00,73.00,50.00,164.35
f12c379c-ab11-4e2b-965d-dbfeb6169c91,DOMS Water Colour Tubes,MT,95.00,186.20,96.00,73.00,50.00,164.35
f12c379c-ab11-4e2b-965d-dbfeb6169c91,DOMS Water Colour Tubes,US,95.00,186.20,96.00,73.00,50.00,164.35
90085b3d-da15-46d5-aaeb-7342099c931c,"DOMS Wax Crayons Set – Super Smooth Coloring Crayons, 10 Bright Shades, Easy Grip for Kids, Non-Toxic Coloring Kit for Drawing, School & Art Activities",AL,10.00,19.60,96.00,73.00,50.00,17.30
90085b3d-da15-46d5-aaeb-7342099c931c,"DOMS Wax Crayons Set – Super Smooth Coloring Crayons, 10 Bright Shades, Easy Grip for Kids, Non-Toxic Coloring Kit for Drawing, School & Art Activities",CH,10.00,19.60,96.00,73.00,50.00,17.30
90085b3d-da15-46d5-aaeb-7342099c931c,"DOMS Wax Crayons Set – Super Smooth Coloring Crayons, 10 Bright Shades, Easy Grip for Kids, Non-Toxic Coloring Kit for Drawing, School & Art Activities",DE,10.00,19.60,96.00,73.00,50.00,17.30
90085b3d-da15-46d5-aaeb-7342099c931c,"DOMS Wax Crayons Set – Super Smooth Coloring Crayons, 10 Bright Shades, Easy Grip for Kids, Non-Toxic Coloring Kit for Drawing, School & Art Activities",FR,10.00,19.60,96.00,73.00,50.00,17.30
90085b3d-da15-46d5-aaeb-7342099c931c,"DOMS Wax Crayons Set – Super Smooth Coloring Crayons, 10 Bright Shades, Easy Grip for Kids, Non-Toxic Coloring Kit for Drawing, School & Art Activities",GB,10.00,19.60,96.00,73.00,50.00,17.30
90085b3d-da15-46d5-aaeb-7342099c931c,"DOMS Wax Crayons Set – Super Smooth Coloring Crayons, 10 Bright Shades, Easy Grip for Kids, Non-Toxic Coloring Kit for Drawing, School & Art Activities",IE,10.00,20.10,101.00,78.00,55.00,17.80
90085b3d-da15-46d5-aaeb-7342099c931c,"DOMS Wax Crayons Set – Super Smooth Coloring Crayons, 10 Bright Shades, Easy Grip for Kids, Non-Toxic Coloring Kit for Drawing, School & Art Activities",KE,10.00,19.60,96.00,73.00,50.00,17.30
90085b3d-da15-46d5-aaeb-7342099c931c,"DOMS Wax Crayons Set – Super Smooth Coloring Crayons, 10 Bright Shades, Easy Grip for Kids, Non-Toxic Coloring Kit for Drawing, School & Art Activities",MT,10.00,19.60,96.00,73.00,50.00,17.30
90085b3d-da15-46d5-aaeb-7342099c931c,"DOMS Wax Crayons Set – Super Smooth Coloring Crayons, 10 Bright Shades, Easy Grip for Kids, Non-Toxic Coloring Kit for Drawing, School & Art Activities",US,10.00,19.60,96.00,73.00,50.00,17.30
fb9c0d0c-0dd8-44a7-be55-038ba4803b73,DOT & KEY   CICA SKIN CARE COMBO- SUNSCREEN & FACE SERUM,IE,761.00,1453.51,91.00,68.00,45.00,1278.48
03b6b3a6-0fba-4ec8-977e-47bae3fab982,Dot & Key 10% Vitamin C+E Face Serum,AL,490.00,960.40,96.00,73.00,50.00,847.70
03b6b3a6-0fba-4ec8-977e-47bae3fab982,Dot & Key 10% Vitamin C+E Face Serum,CH,490.00,960.40,96.00,73.00,50.00,847.70
03b6b3a6-0fba-4ec8-977e-47bae3fab982,Dot & Key 10% Vitamin C+E Face Serum,DE,490.00,960.40,96.00,73.00,50.00,847.70
03b6b3a6-0fba-4ec8-977e-47bae3fab982,Dot & Key 10% Vitamin C+E Face Serum,FR,490.00,960.40,96.00,73.00,50.00,847.70
03b6b3a6-0fba-4ec8-977e-47bae3fab982,Dot & Key 10% Vitamin C+E Face Serum,GB,490.00,960.40,96.00,73.00,50.00,847.70
03b6b3a6-0fba-4ec8-977e-47bae3fab982,Dot & Key 10% Vitamin C+E Face Serum,IE,490.00,984.90,101.00,78.00,55.00,872.20
03b6b3a6-0fba-4ec8-977e-47bae3fab982,Dot & Key 10% Vitamin C+E Face Serum,KE,490.00,960.40,96.00,73.00,50.00,847.70
03b6b3a6-0fba-4ec8-977e-47bae3fab982,Dot & Key 10% Vitamin C+E Face Serum,MT,490.00,960.40,96.00,73.00,50.00,847.70
03b6b3a6-0fba-4ec8-977e-47bae3fab982,Dot & Key 10% Vitamin C+E Face Serum,US,490.00,960.40,96.00,73.00,50.00,847.70
4a852312-8534-460c-b956-7c47f4d5a716,Dot & Key 72 HR Hydrating Gel + Probiotics,AL,346.00,678.16,96.00,73.00,50.00,598.58
4a852312-8534-460c-b956-7c47f4d5a716,Dot & Key 72 HR Hydrating Gel + Probiotics,CH,346.00,678.16,96.00,73.00,50.00,598.58
4a852312-8534-460c-b956-7c47f4d5a716,Dot & Key 72 HR Hydrating Gel + Probiotics,DE,346.00,678.16,96.00,73.00,50.00,598.58
4a852312-8534-460c-b956-7c47f4d5a716,Dot & Key 72 HR Hydrating Gel + Probiotics,FR,346.00,678.16,96.00,73.00,50.00,598.58
4a852312-8534-460c-b956-7c47f4d5a716,Dot & Key 72 HR Hydrating Gel + Probiotics,GB,346.00,678.16,96.00,73.00,50.00,598.58
4a852312-8534-460c-b956-7c47f4d5a716,Dot & Key 72 HR Hydrating Gel + Probiotics,IE,346.00,695.46,101.00,78.00,55.00,615.88
4a852312-8534-460c-b956-7c47f4d5a716,Dot & Key 72 HR Hydrating Gel + Probiotics,KE,346.00,678.16,96.00,73.00,50.00,598.58
4a852312-8534-460c-b956-7c47f4d5a716,Dot & Key 72 HR Hydrating Gel + Probiotics,MT,346.00,678.16,96.00,73.00,50.00,598.58
4a852312-8534-460c-b956-7c47f4d5a716,Dot & Key 72 HR Hydrating Gel + Probiotics,US,346.00,678.16,96.00,73.00,50.00,598.58
2db12a17-a1ac-4d38-b094-cddefc80d068,Dot & Key Barrier Repair + Hydrating Gentle Face Wash,AL,240.00,470.40,96.00,73.00,50.00,415.20
2db12a17-a1ac-4d38-b094-cddefc80d068,Dot & Key Barrier Repair + Hydrating Gentle Face Wash,CH,240.00,470.40,96.00,73.00,50.00,415.20
2db12a17-a1ac-4d38-b094-cddefc80d068,Dot & Key Barrier Repair + Hydrating Gentle Face Wash,DE,240.00,470.40,96.00,73.00,50.00,415.20
2db12a17-a1ac-4d38-b094-cddefc80d068,Dot & Key Barrier Repair + Hydrating Gentle Face Wash,FR,240.00,470.40,96.00,73.00,50.00,415.20
2db12a17-a1ac-4d38-b094-cddefc80d068,Dot & Key Barrier Repair + Hydrating Gentle Face Wash,GB,240.00,470.40,96.00,73.00,50.00,415.20
2db12a17-a1ac-4d38-b094-cddefc80d068,Dot & Key Barrier Repair + Hydrating Gentle Face Wash,IE,240.00,482.40,101.00,78.00,55.00,427.20
2db12a17-a1ac-4d38-b094-cddefc80d068,Dot & Key Barrier Repair + Hydrating Gentle Face Wash,KE,240.00,470.40,96.00,73.00,50.00,415.20
2db12a17-a1ac-4d38-b094-cddefc80d068,Dot & Key Barrier Repair + Hydrating Gentle Face Wash,MT,240.00,470.40,96.00,73.00,50.00,415.20
2db12a17-a1ac-4d38-b094-cddefc80d068,Dot & Key Barrier Repair + Hydrating Gentle Face Wash,US,240.00,470.40,96.00,73.00,50.00,415.20
e5cd8164-1478-49d7-92ac-1fb2a6c73530,Dot & Key Barrier Repair Hydrating Lip Balm SPF 50,AL,245.00,480.20,96.00,73.00,50.00,423.85
e5cd8164-1478-49d7-92ac-1fb2a6c73530,Dot & Key Barrier Repair Hydrating Lip Balm SPF 50,CH,245.00,480.20,96.00,73.00,50.00,423.85
e5cd8164-1478-49d7-92ac-1fb2a6c73530,Dot & Key Barrier Repair Hydrating Lip Balm SPF 50,DE,245.00,480.20,96.00,73.00,50.00,423.85
e5cd8164-1478-49d7-92ac-1fb2a6c73530,Dot & Key Barrier Repair Hydrating Lip Balm SPF 50,FR,245.00,480.20,96.00,73.00,50.00,423.85
e5cd8164-1478-49d7-92ac-1fb2a6c73530,Dot & Key Barrier Repair Hydrating Lip Balm SPF 50,GB,245.00,480.20,96.00,73.00,50.00,423.85
e5cd8164-1478-49d7-92ac-1fb2a6c73530,Dot & Key Barrier Repair Hydrating Lip Balm SPF 50,IE,245.00,492.45,101.00,78.00,55.00,436.10
e5cd8164-1478-49d7-92ac-1fb2a6c73530,Dot & Key Barrier Repair Hydrating Lip Balm SPF 50,KE,245.00,480.20,96.00,73.00,50.00,423.85
e5cd8164-1478-49d7-92ac-1fb2a6c73530,Dot & Key Barrier Repair Hydrating Lip Balm SPF 50,MT,245.00,480.20,96.00,73.00,50.00,423.85
e5cd8164-1478-49d7-92ac-1fb2a6c73530,Dot & Key Barrier Repair Hydrating Lip Balm SPF 50,US,245.00,480.20,96.00,73.00,50.00,423.85
1a649a2b-0ccb-43bd-8c74-1dfa74b3f2fa,DOT & KEY BARRIER SKIN CARE COMBO,IE,871.00,1663.61,91.00,68.00,45.00,1463.28
637fe7fb-f4f3-4b37-bab0-60d07c8d4510,Dot & Key Blueberry Hydrate 12% Barrier Boost Face Serum,IE,590.00,1126.90,91.00,68.00,45.00,991.20
1cba5641-60c9-4518-bcb2-d523456829e3,"Dot & Key Blueberry Hydrate Barrier Repair Sunscreen SPF 50+ PA++++ | With Hyaluronic Acid & 5 Ceramides | Long Lasting Moisture, Broad Spectrum, No White Cast, Non-Greasy, Fragrance Free | For All Skin Types | 50g",AL,444.00,870.24,96.00,73.00,50.00,768.12
1cba5641-60c9-4518-bcb2-d523456829e3,"Dot & Key Blueberry Hydrate Barrier Repair Sunscreen SPF 50+ PA++++ | With Hyaluronic Acid & 5 Ceramides | Long Lasting Moisture, Broad Spectrum, No White Cast, Non-Greasy, Fragrance Free | For All Skin Types | 50g",CH,444.00,870.24,96.00,73.00,50.00,768.12
1cba5641-60c9-4518-bcb2-d523456829e3,"Dot & Key Blueberry Hydrate Barrier Repair Sunscreen SPF 50+ PA++++ | With Hyaluronic Acid & 5 Ceramides | Long Lasting Moisture, Broad Spectrum, No White Cast, Non-Greasy, Fragrance Free | For All Skin Types | 50g",DE,444.00,870.24,96.00,73.00,50.00,768.12
1cba5641-60c9-4518-bcb2-d523456829e3,"Dot & Key Blueberry Hydrate Barrier Repair Sunscreen SPF 50+ PA++++ | With Hyaluronic Acid & 5 Ceramides | Long Lasting Moisture, Broad Spectrum, No White Cast, Non-Greasy, Fragrance Free | For All Skin Types | 50g",FR,444.00,870.24,96.00,73.00,50.00,768.12
1cba5641-60c9-4518-bcb2-d523456829e3,"Dot & Key Blueberry Hydrate Barrier Repair Sunscreen SPF 50+ PA++++ | With Hyaluronic Acid & 5 Ceramides | Long Lasting Moisture, Broad Spectrum, No White Cast, Non-Greasy, Fragrance Free | For All Skin Types | 50g",GB,444.00,870.24,96.00,73.00,50.00,768.12
1cba5641-60c9-4518-bcb2-d523456829e3,"Dot & Key Blueberry Hydrate Barrier Repair Sunscreen SPF 50+ PA++++ | With Hyaluronic Acid & 5 Ceramides | Long Lasting Moisture, Broad Spectrum, No White Cast, Non-Greasy, Fragrance Free | For All Skin Types | 50g",IE,444.00,892.44,101.00,78.00,55.00,790.32
1cba5641-60c9-4518-bcb2-d523456829e3,"Dot & Key Blueberry Hydrate Barrier Repair Sunscreen SPF 50+ PA++++ | With Hyaluronic Acid & 5 Ceramides | Long Lasting Moisture, Broad Spectrum, No White Cast, Non-Greasy, Fragrance Free | For All Skin Types | 50g",KE,444.00,870.24,96.00,73.00,50.00,768.12
1cba5641-60c9-4518-bcb2-d523456829e3,"Dot & Key Blueberry Hydrate Barrier Repair Sunscreen SPF 50+ PA++++ | With Hyaluronic Acid & 5 Ceramides | Long Lasting Moisture, Broad Spectrum, No White Cast, Non-Greasy, Fragrance Free | For All Skin Types | 50g",MT,444.00,870.24,96.00,73.00,50.00,768.12
1cba5641-60c9-4518-bcb2-d523456829e3,"Dot & Key Blueberry Hydrate Barrier Repair Sunscreen SPF 50+ PA++++ | With Hyaluronic Acid & 5 Ceramides | Long Lasting Moisture, Broad Spectrum, No White Cast, Non-Greasy, Fragrance Free | For All Skin Types | 50g",US,444.00,870.24,96.00,73.00,50.00,768.12
82ad2f01-6aa1-49de-b432-1c8a372925d3,Dot & Key Blueberry Hydrate Barrier Repair Toner,AL,390.00,764.40,96.00,73.00,50.00,674.70
82ad2f01-6aa1-49de-b432-1c8a372925d3,Dot & Key Blueberry Hydrate Barrier Repair Toner,CH,390.00,764.40,96.00,73.00,50.00,674.70
82ad2f01-6aa1-49de-b432-1c8a372925d3,Dot & Key Blueberry Hydrate Barrier Repair Toner,DE,390.00,764.40,96.00,73.00,50.00,674.70
82ad2f01-6aa1-49de-b432-1c8a372925d3,Dot & Key Blueberry Hydrate Barrier Repair Toner,FR,390.00,764.40,96.00,73.00,50.00,674.70
82ad2f01-6aa1-49de-b432-1c8a372925d3,Dot & Key Blueberry Hydrate Barrier Repair Toner,GB,390.00,764.40,96.00,73.00,50.00,674.70
82ad2f01-6aa1-49de-b432-1c8a372925d3,Dot & Key Blueberry Hydrate Barrier Repair Toner,IE,390.00,783.90,101.00,78.00,55.00,694.20
82ad2f01-6aa1-49de-b432-1c8a372925d3,Dot & Key Blueberry Hydrate Barrier Repair Toner,KE,390.00,764.40,96.00,73.00,50.00,674.70
82ad2f01-6aa1-49de-b432-1c8a372925d3,Dot & Key Blueberry Hydrate Barrier Repair Toner,MT,390.00,764.40,96.00,73.00,50.00,674.70
82ad2f01-6aa1-49de-b432-1c8a372925d3,Dot & Key Blueberry Hydrate Barrier Repair Toner,US,390.00,764.40,96.00,73.00,50.00,674.70
8bc72ec4-3251-41f1-bcdf-8e496efd12dc,"Dot & Key Ceramides & Hyaluronic Skin Barrier Repair Face Cream with Probiotics & Rice Water | Fragrance-Free Moisturizer for Normal, Dry & Sensitive Skin | 5 Essential Ceramides | 100g",AL,336.00,658.56,96.00,73.00,50.00,581.28
8bc72ec4-3251-41f1-bcdf-8e496efd12dc,"Dot & Key Ceramides & Hyaluronic Skin Barrier Repair Face Cream with Probiotics & Rice Water | Fragrance-Free Moisturizer for Normal, Dry & Sensitive Skin | 5 Essential Ceramides | 100g",CH,336.00,658.56,96.00,73.00,50.00,581.28
8bc72ec4-3251-41f1-bcdf-8e496efd12dc,"Dot & Key Ceramides & Hyaluronic Skin Barrier Repair Face Cream with Probiotics & Rice Water | Fragrance-Free Moisturizer for Normal, Dry & Sensitive Skin | 5 Essential Ceramides | 100g",DE,336.00,658.56,96.00,73.00,50.00,581.28
8bc72ec4-3251-41f1-bcdf-8e496efd12dc,"Dot & Key Ceramides & Hyaluronic Skin Barrier Repair Face Cream with Probiotics & Rice Water | Fragrance-Free Moisturizer for Normal, Dry & Sensitive Skin | 5 Essential Ceramides | 100g",FR,336.00,658.56,96.00,73.00,50.00,581.28
8bc72ec4-3251-41f1-bcdf-8e496efd12dc,"Dot & Key Ceramides & Hyaluronic Skin Barrier Repair Face Cream with Probiotics & Rice Water | Fragrance-Free Moisturizer for Normal, Dry & Sensitive Skin | 5 Essential Ceramides | 100g",GB,336.00,658.56,96.00,73.00,50.00,581.28
8bc72ec4-3251-41f1-bcdf-8e496efd12dc,"Dot & Key Ceramides & Hyaluronic Skin Barrier Repair Face Cream with Probiotics & Rice Water | Fragrance-Free Moisturizer for Normal, Dry & Sensitive Skin | 5 Essential Ceramides | 100g",IE,336.00,675.36,101.00,78.00,55.00,598.08
8bc72ec4-3251-41f1-bcdf-8e496efd12dc,"Dot & Key Ceramides & Hyaluronic Skin Barrier Repair Face Cream with Probiotics & Rice Water | Fragrance-Free Moisturizer for Normal, Dry & Sensitive Skin | 5 Essential Ceramides | 100g",KE,336.00,658.56,96.00,73.00,50.00,581.28
8bc72ec4-3251-41f1-bcdf-8e496efd12dc,"Dot & Key Ceramides & Hyaluronic Skin Barrier Repair Face Cream with Probiotics & Rice Water | Fragrance-Free Moisturizer for Normal, Dry & Sensitive Skin | 5 Essential Ceramides | 100g",MT,336.00,658.56,96.00,73.00,50.00,581.28
8bc72ec4-3251-41f1-bcdf-8e496efd12dc,"Dot & Key Ceramides & Hyaluronic Skin Barrier Repair Face Cream with Probiotics & Rice Water | Fragrance-Free Moisturizer for Normal, Dry & Sensitive Skin | 5 Essential Ceramides | 100g",US,336.00,658.56,96.00,73.00,50.00,581.28
fe4bb9f1-4a26-456c-a6a9-265565d9fb9a,Dot & Key Cica + 2% Salicylic Skin Clearing Face Serum,IE,540.00,1031.40,91.00,68.00,45.00,907.20
f5d310d2-d32a-4c4f-8c10-f8a7210ea18e,Dot & Key CICA Calming Blemish Clearing Gel Face Wash,AL,240.00,470.40,96.00,73.00,50.00,415.20
f5d310d2-d32a-4c4f-8c10-f8a7210ea18e,Dot & Key CICA Calming Blemish Clearing Gel Face Wash,CH,240.00,470.40,96.00,73.00,50.00,415.20
f5d310d2-d32a-4c4f-8c10-f8a7210ea18e,Dot & Key CICA Calming Blemish Clearing Gel Face Wash,DE,240.00,470.40,96.00,73.00,50.00,415.20
f5d310d2-d32a-4c4f-8c10-f8a7210ea18e,Dot & Key CICA Calming Blemish Clearing Gel Face Wash,FR,240.00,470.40,96.00,73.00,50.00,415.20
f5d310d2-d32a-4c4f-8c10-f8a7210ea18e,Dot & Key CICA Calming Blemish Clearing Gel Face Wash,GB,240.00,470.40,96.00,73.00,50.00,415.20
f5d310d2-d32a-4c4f-8c10-f8a7210ea18e,Dot & Key CICA Calming Blemish Clearing Gel Face Wash,IE,240.00,482.40,101.00,78.00,55.00,427.20
f5d310d2-d32a-4c4f-8c10-f8a7210ea18e,Dot & Key CICA Calming Blemish Clearing Gel Face Wash,KE,240.00,470.40,96.00,73.00,50.00,415.20
f5d310d2-d32a-4c4f-8c10-f8a7210ea18e,Dot & Key CICA Calming Blemish Clearing Gel Face Wash,MT,240.00,470.40,96.00,73.00,50.00,415.20
f5d310d2-d32a-4c4f-8c10-f8a7210ea18e,Dot & Key CICA Calming Blemish Clearing Gel Face Wash,US,240.00,470.40,96.00,73.00,50.00,415.20
f1699388-b8bc-467d-834e-8f9da5e2c9df,Dot & Key Cica Calming Niacinamide Sunscreen SPF 50 PA+++,AL,440.00,862.40,96.00,73.00,50.00,761.20
f1699388-b8bc-467d-834e-8f9da5e2c9df,Dot & Key Cica Calming Niacinamide Sunscreen SPF 50 PA+++,CH,440.00,862.40,96.00,73.00,50.00,761.20
f1699388-b8bc-467d-834e-8f9da5e2c9df,Dot & Key Cica Calming Niacinamide Sunscreen SPF 50 PA+++,DE,440.00,862.40,96.00,73.00,50.00,761.20
f1699388-b8bc-467d-834e-8f9da5e2c9df,Dot & Key Cica Calming Niacinamide Sunscreen SPF 50 PA+++,FR,440.00,862.40,96.00,73.00,50.00,761.20
f1699388-b8bc-467d-834e-8f9da5e2c9df,Dot & Key Cica Calming Niacinamide Sunscreen SPF 50 PA+++,GB,440.00,862.40,96.00,73.00,50.00,761.20
f1699388-b8bc-467d-834e-8f9da5e2c9df,Dot & Key Cica Calming Niacinamide Sunscreen SPF 50 PA+++,IE,440.00,884.40,101.00,78.00,55.00,783.20
f1699388-b8bc-467d-834e-8f9da5e2c9df,Dot & Key Cica Calming Niacinamide Sunscreen SPF 50 PA+++,KE,440.00,862.40,96.00,73.00,50.00,761.20
f1699388-b8bc-467d-834e-8f9da5e2c9df,Dot & Key Cica Calming Niacinamide Sunscreen SPF 50 PA+++,MT,440.00,862.40,96.00,73.00,50.00,761.20
f1699388-b8bc-467d-834e-8f9da5e2c9df,Dot & Key Cica Calming Niacinamide Sunscreen SPF 50 PA+++,US,440.00,862.40,96.00,73.00,50.00,761.20
e3ae644a-cd87-4f05-89d7-157a23f9f4d3,Dot & Key CICA Calming Oil-Free Moisturizer,AL,390.00,764.40,96.00,73.00,50.00,674.70
e3ae644a-cd87-4f05-89d7-157a23f9f4d3,Dot & Key CICA Calming Oil-Free Moisturizer,CH,390.00,764.40,96.00,73.00,50.00,674.70
e3ae644a-cd87-4f05-89d7-157a23f9f4d3,Dot & Key CICA Calming Oil-Free Moisturizer,DE,390.00,764.40,96.00,73.00,50.00,674.70
e3ae644a-cd87-4f05-89d7-157a23f9f4d3,Dot & Key CICA Calming Oil-Free Moisturizer,FR,390.00,764.40,96.00,73.00,50.00,674.70
e3ae644a-cd87-4f05-89d7-157a23f9f4d3,Dot & Key CICA Calming Oil-Free Moisturizer,GB,390.00,764.40,96.00,73.00,50.00,674.70
e3ae644a-cd87-4f05-89d7-157a23f9f4d3,Dot & Key CICA Calming Oil-Free Moisturizer,IE,390.00,783.90,101.00,78.00,55.00,694.20
e3ae644a-cd87-4f05-89d7-157a23f9f4d3,Dot & Key CICA Calming Oil-Free Moisturizer,KE,390.00,764.40,96.00,73.00,50.00,674.70
e3ae644a-cd87-4f05-89d7-157a23f9f4d3,Dot & Key CICA Calming Oil-Free Moisturizer,MT,390.00,764.40,96.00,73.00,50.00,674.70
e3ae644a-cd87-4f05-89d7-157a23f9f4d3,Dot & Key CICA Calming Oil-Free Moisturizer,US,390.00,764.40,96.00,73.00,50.00,674.70
d2834cc6-7dd7-45b6-84da-e5adb0172c4c,Dot & Key Cica Calming Skin Clarifying Toner,AL,390.00,764.40,96.00,73.00,50.00,674.70
d2834cc6-7dd7-45b6-84da-e5adb0172c4c,Dot & Key Cica Calming Skin Clarifying Toner,CH,390.00,764.40,96.00,73.00,50.00,674.70
d2834cc6-7dd7-45b6-84da-e5adb0172c4c,Dot & Key Cica Calming Skin Clarifying Toner,DE,390.00,764.40,96.00,73.00,50.00,674.70
d2834cc6-7dd7-45b6-84da-e5adb0172c4c,Dot & Key Cica Calming Skin Clarifying Toner,FR,390.00,764.40,96.00,73.00,50.00,674.70
d2834cc6-7dd7-45b6-84da-e5adb0172c4c,Dot & Key Cica Calming Skin Clarifying Toner,GB,390.00,764.40,96.00,73.00,50.00,674.70
d2834cc6-7dd7-45b6-84da-e5adb0172c4c,Dot & Key Cica Calming Skin Clarifying Toner,IE,390.00,783.90,101.00,78.00,55.00,694.20
d2834cc6-7dd7-45b6-84da-e5adb0172c4c,Dot & Key Cica Calming Skin Clarifying Toner,KE,390.00,764.40,96.00,73.00,50.00,674.70
d2834cc6-7dd7-45b6-84da-e5adb0172c4c,Dot & Key Cica Calming Skin Clarifying Toner,MT,390.00,764.40,96.00,73.00,50.00,674.70
d2834cc6-7dd7-45b6-84da-e5adb0172c4c,Dot & Key Cica Calming Skin Clarifying Toner,US,390.00,764.40,96.00,73.00,50.00,674.70
bf152eaa-3cca-4469-a9a2-c5c480acdd4f,Dot & Key Deep Pore Clean Milky Foam Cleanser,AL,224.00,439.04,96.00,73.00,50.00,387.52
bf152eaa-3cca-4469-a9a2-c5c480acdd4f,Dot & Key Deep Pore Clean Milky Foam Cleanser,CH,224.00,439.04,96.00,73.00,50.00,387.52
bf152eaa-3cca-4469-a9a2-c5c480acdd4f,Dot & Key Deep Pore Clean Milky Foam Cleanser,DE,224.00,439.04,96.00,73.00,50.00,387.52
bf152eaa-3cca-4469-a9a2-c5c480acdd4f,Dot & Key Deep Pore Clean Milky Foam Cleanser,FR,224.00,439.04,96.00,73.00,50.00,387.52
bf152eaa-3cca-4469-a9a2-c5c480acdd4f,Dot & Key Deep Pore Clean Milky Foam Cleanser,GB,224.00,439.04,96.00,73.00,50.00,387.52
bf152eaa-3cca-4469-a9a2-c5c480acdd4f,Dot & Key Deep Pore Clean Milky Foam Cleanser,IE,224.00,450.24,101.00,78.00,55.00,398.72
bf152eaa-3cca-4469-a9a2-c5c480acdd4f,Dot & Key Deep Pore Clean Milky Foam Cleanser,KE,224.00,439.04,96.00,73.00,50.00,387.52
bf152eaa-3cca-4469-a9a2-c5c480acdd4f,Dot & Key Deep Pore Clean Milky Foam Cleanser,MT,224.00,439.04,96.00,73.00,50.00,387.52
bf152eaa-3cca-4469-a9a2-c5c480acdd4f,Dot & Key Deep Pore Clean Milky Foam Cleanser,US,224.00,439.04,96.00,73.00,50.00,387.52
9def1028-80e2-4fde-934b-287520f37bd6,Dot & Key Dragon Fruit Bounce Sunscreen,AL,440.00,862.40,96.00,73.00,50.00,761.20
9def1028-80e2-4fde-934b-287520f37bd6,Dot & Key Dragon Fruit Bounce Sunscreen,CH,440.00,862.40,96.00,73.00,50.00,761.20
9def1028-80e2-4fde-934b-287520f37bd6,Dot & Key Dragon Fruit Bounce Sunscreen,DE,440.00,862.40,96.00,73.00,50.00,761.20
9def1028-80e2-4fde-934b-287520f37bd6,Dot & Key Dragon Fruit Bounce Sunscreen,FR,440.00,862.40,96.00,73.00,50.00,761.20
9def1028-80e2-4fde-934b-287520f37bd6,Dot & Key Dragon Fruit Bounce Sunscreen,GB,440.00,862.40,96.00,73.00,50.00,761.20
9def1028-80e2-4fde-934b-287520f37bd6,Dot & Key Dragon Fruit Bounce Sunscreen,IE,440.00,884.40,101.00,78.00,55.00,783.20
9def1028-80e2-4fde-934b-287520f37bd6,Dot & Key Dragon Fruit Bounce Sunscreen,KE,440.00,862.40,96.00,73.00,50.00,761.20
9def1028-80e2-4fde-934b-287520f37bd6,Dot & Key Dragon Fruit Bounce Sunscreen,MT,440.00,862.40,96.00,73.00,50.00,761.20
9def1028-80e2-4fde-934b-287520f37bd6,Dot & Key Dragon Fruit Bounce Sunscreen,US,440.00,862.40,96.00,73.00,50.00,761.20
34c20b89-5c09-4fd5-ad8b-bba35ed1ebbe,Dot & Key Gloss Boss Lip Balm in Cherry Pop,AL,245.00,480.20,96.00,73.00,50.00,423.85
34c20b89-5c09-4fd5-ad8b-bba35ed1ebbe,Dot & Key Gloss Boss Lip Balm in Cherry Pop,CH,245.00,480.20,96.00,73.00,50.00,423.85
34c20b89-5c09-4fd5-ad8b-bba35ed1ebbe,Dot & Key Gloss Boss Lip Balm in Cherry Pop,DE,245.00,480.20,96.00,73.00,50.00,423.85
34c20b89-5c09-4fd5-ad8b-bba35ed1ebbe,Dot & Key Gloss Boss Lip Balm in Cherry Pop,FR,245.00,480.20,96.00,73.00,50.00,423.85
34c20b89-5c09-4fd5-ad8b-bba35ed1ebbe,Dot & Key Gloss Boss Lip Balm in Cherry Pop,GB,245.00,480.20,96.00,73.00,50.00,423.85
34c20b89-5c09-4fd5-ad8b-bba35ed1ebbe,Dot & Key Gloss Boss Lip Balm in Cherry Pop,IE,245.00,492.45,101.00,78.00,55.00,436.10
34c20b89-5c09-4fd5-ad8b-bba35ed1ebbe,Dot & Key Gloss Boss Lip Balm in Cherry Pop,KE,245.00,480.20,96.00,73.00,50.00,423.85
34c20b89-5c09-4fd5-ad8b-bba35ed1ebbe,Dot & Key Gloss Boss Lip Balm in Cherry Pop,MT,245.00,480.20,96.00,73.00,50.00,423.85
34c20b89-5c09-4fd5-ad8b-bba35ed1ebbe,Dot & Key Gloss Boss Lip Balm in Cherry Pop,US,245.00,480.20,96.00,73.00,50.00,423.85
611ada30-33f5-4e44-b846-6d5841dbda64,"Dot & Key Lime Rush Swim + Sports Sunscreen SPF 50+, PA++++",AL,490.00,960.40,96.00,73.00,50.00,847.70
611ada30-33f5-4e44-b846-6d5841dbda64,"Dot & Key Lime Rush Swim + Sports Sunscreen SPF 50+, PA++++",CH,490.00,960.40,96.00,73.00,50.00,847.70
611ada30-33f5-4e44-b846-6d5841dbda64,"Dot & Key Lime Rush Swim + Sports Sunscreen SPF 50+, PA++++",DE,490.00,960.40,96.00,73.00,50.00,847.70
611ada30-33f5-4e44-b846-6d5841dbda64,"Dot & Key Lime Rush Swim + Sports Sunscreen SPF 50+, PA++++",FR,490.00,960.40,96.00,73.00,50.00,847.70
611ada30-33f5-4e44-b846-6d5841dbda64,"Dot & Key Lime Rush Swim + Sports Sunscreen SPF 50+, PA++++",GB,490.00,960.40,96.00,73.00,50.00,847.70
611ada30-33f5-4e44-b846-6d5841dbda64,"Dot & Key Lime Rush Swim + Sports Sunscreen SPF 50+, PA++++",IE,490.00,984.90,101.00,78.00,55.00,872.20
611ada30-33f5-4e44-b846-6d5841dbda64,"Dot & Key Lime Rush Swim + Sports Sunscreen SPF 50+, PA++++",KE,490.00,960.40,96.00,73.00,50.00,847.70
611ada30-33f5-4e44-b846-6d5841dbda64,"Dot & Key Lime Rush Swim + Sports Sunscreen SPF 50+, PA++++",MT,490.00,960.40,96.00,73.00,50.00,847.70
611ada30-33f5-4e44-b846-6d5841dbda64,"Dot & Key Lime Rush Swim + Sports Sunscreen SPF 50+, PA++++",US,490.00,960.40,96.00,73.00,50.00,847.70
20c0d4c5-1b69-4853-916f-6426929fbf38,Dot & Key Niacinamide + Cica Face Serum,IE,595.00,1136.45,91.00,68.00,45.00,999.60
83531873-94ea-4851-9fd5-930786642a95,Dot & Key Pomegranate & Peptide Youth Restore Moisturizer SPF 30,AL,490.00,960.40,96.00,73.00,50.00,847.70
83531873-94ea-4851-9fd5-930786642a95,Dot & Key Pomegranate & Peptide Youth Restore Moisturizer SPF 30,CH,490.00,960.40,96.00,73.00,50.00,847.70
83531873-94ea-4851-9fd5-930786642a95,Dot & Key Pomegranate & Peptide Youth Restore Moisturizer SPF 30,DE,490.00,960.40,96.00,73.00,50.00,847.70
83531873-94ea-4851-9fd5-930786642a95,Dot & Key Pomegranate & Peptide Youth Restore Moisturizer SPF 30,FR,490.00,960.40,96.00,73.00,50.00,847.70
83531873-94ea-4851-9fd5-930786642a95,Dot & Key Pomegranate & Peptide Youth Restore Moisturizer SPF 30,GB,490.00,960.40,96.00,73.00,50.00,847.70
83531873-94ea-4851-9fd5-930786642a95,Dot & Key Pomegranate & Peptide Youth Restore Moisturizer SPF 30,IE,490.00,984.90,101.00,78.00,55.00,872.20
83531873-94ea-4851-9fd5-930786642a95,Dot & Key Pomegranate & Peptide Youth Restore Moisturizer SPF 30,KE,490.00,960.40,96.00,73.00,50.00,847.70
83531873-94ea-4851-9fd5-930786642a95,Dot & Key Pomegranate & Peptide Youth Restore Moisturizer SPF 30,MT,490.00,960.40,96.00,73.00,50.00,847.70
83531873-94ea-4851-9fd5-930786642a95,Dot & Key Pomegranate & Peptide Youth Restore Moisturizer SPF 30,US,490.00,960.40,96.00,73.00,50.00,847.70
d089d089-24d3-401a-948a-b840328d8db0,Dot & Key Pomegranate Youth 0.2% Retinol Complex Face Serum,IE,590.00,1126.90,91.00,68.00,45.00,991.20
0ef843d9-e0ae-4db6-bfc9-06a8044b7a29,Dot & Key Strawberry Bright 10% Niacinamide Face Serum,IE,590.00,1126.90,91.00,68.00,45.00,991.20
209ab288-87d1-405a-ad35-8ad42e31f1b2,Dot & Key Strawberry Bright Niacinamide Gel Face Wash,AL,214.00,419.44,96.00,73.00,50.00,370.22
209ab288-87d1-405a-ad35-8ad42e31f1b2,Dot & Key Strawberry Bright Niacinamide Gel Face Wash,CH,214.00,419.44,96.00,73.00,50.00,370.22
209ab288-87d1-405a-ad35-8ad42e31f1b2,Dot & Key Strawberry Bright Niacinamide Gel Face Wash,DE,214.00,419.44,96.00,73.00,50.00,370.22
209ab288-87d1-405a-ad35-8ad42e31f1b2,Dot & Key Strawberry Bright Niacinamide Gel Face Wash,FR,214.00,419.44,96.00,73.00,50.00,370.22
209ab288-87d1-405a-ad35-8ad42e31f1b2,Dot & Key Strawberry Bright Niacinamide Gel Face Wash,GB,214.00,419.44,96.00,73.00,50.00,370.22
209ab288-87d1-405a-ad35-8ad42e31f1b2,Dot & Key Strawberry Bright Niacinamide Gel Face Wash,IE,214.00,430.14,101.00,78.00,55.00,380.92
209ab288-87d1-405a-ad35-8ad42e31f1b2,Dot & Key Strawberry Bright Niacinamide Gel Face Wash,KE,214.00,419.44,96.00,73.00,50.00,370.22
209ab288-87d1-405a-ad35-8ad42e31f1b2,Dot & Key Strawberry Bright Niacinamide Gel Face Wash,MT,214.00,419.44,96.00,73.00,50.00,370.22
209ab288-87d1-405a-ad35-8ad42e31f1b2,Dot & Key Strawberry Bright Niacinamide Gel Face Wash,US,214.00,419.44,96.00,73.00,50.00,370.22
db09a8a8-2652-49a8-9fe8-7d8b688dfb55,Dot & Key Strawberry Dew Do-It-All Moisturizer,AL,390.00,764.40,96.00,73.00,50.00,674.70
db09a8a8-2652-49a8-9fe8-7d8b688dfb55,Dot & Key Strawberry Dew Do-It-All Moisturizer,CH,390.00,764.40,96.00,73.00,50.00,674.70
db09a8a8-2652-49a8-9fe8-7d8b688dfb55,Dot & Key Strawberry Dew Do-It-All Moisturizer,DE,390.00,764.40,96.00,73.00,50.00,674.70
db09a8a8-2652-49a8-9fe8-7d8b688dfb55,Dot & Key Strawberry Dew Do-It-All Moisturizer,FR,390.00,764.40,96.00,73.00,50.00,674.70
db09a8a8-2652-49a8-9fe8-7d8b688dfb55,Dot & Key Strawberry Dew Do-It-All Moisturizer,GB,390.00,764.40,96.00,73.00,50.00,674.70
db09a8a8-2652-49a8-9fe8-7d8b688dfb55,Dot & Key Strawberry Dew Do-It-All Moisturizer,IE,390.00,783.90,101.00,78.00,55.00,694.20
db09a8a8-2652-49a8-9fe8-7d8b688dfb55,Dot & Key Strawberry Dew Do-It-All Moisturizer,KE,390.00,764.40,96.00,73.00,50.00,674.70
db09a8a8-2652-49a8-9fe8-7d8b688dfb55,Dot & Key Strawberry Dew Do-It-All Moisturizer,MT,390.00,764.40,96.00,73.00,50.00,674.70
db09a8a8-2652-49a8-9fe8-7d8b688dfb55,Dot & Key Strawberry Dew Do-It-All Moisturizer,US,390.00,764.40,96.00,73.00,50.00,674.70
bbfa0f74-2481-4138-be6c-e8bf4cd522ef,Dot & Key Strawberry Dew Tinted Sunscreen,IE,540.00,1031.40,91.00,68.00,45.00,907.20
be758c25-5a75-4c06-879f-873cbfbaae42,Dot & Key Vitamin C + E Lip Plumping Mask,AL,255.00,499.80,96.00,73.00,50.00,441.15
be758c25-5a75-4c06-879f-873cbfbaae42,Dot & Key Vitamin C + E Lip Plumping Mask,CH,255.00,499.80,96.00,73.00,50.00,441.15
be758c25-5a75-4c06-879f-873cbfbaae42,Dot & Key Vitamin C + E Lip Plumping Mask,DE,255.00,499.80,96.00,73.00,50.00,441.15
be758c25-5a75-4c06-879f-873cbfbaae42,Dot & Key Vitamin C + E Lip Plumping Mask,FR,255.00,499.80,96.00,73.00,50.00,441.15
be758c25-5a75-4c06-879f-873cbfbaae42,Dot & Key Vitamin C + E Lip Plumping Mask,GB,255.00,499.80,96.00,73.00,50.00,441.15
be758c25-5a75-4c06-879f-873cbfbaae42,Dot & Key Vitamin C + E Lip Plumping Mask,IE,255.00,512.55,101.00,78.00,55.00,453.90
be758c25-5a75-4c06-879f-873cbfbaae42,Dot & Key Vitamin C + E Lip Plumping Mask,KE,255.00,499.80,96.00,73.00,50.00,441.15
be758c25-5a75-4c06-879f-873cbfbaae42,Dot & Key Vitamin C + E Lip Plumping Mask,MT,255.00,499.80,96.00,73.00,50.00,441.15
be758c25-5a75-4c06-879f-873cbfbaae42,Dot & Key Vitamin C + E Lip Plumping Mask,US,255.00,499.80,96.00,73.00,50.00,441.15
20ba1e94-fa3d-41a8-91e9-758477023ed6,Dot & Key Vitamin C + E Super Bright Gel Face Wash,AL,370.00,725.20,96.00,73.00,50.00,640.10
20ba1e94-fa3d-41a8-91e9-758477023ed6,Dot & Key Vitamin C + E Super Bright Gel Face Wash,CH,370.00,725.20,96.00,73.00,50.00,640.10
20ba1e94-fa3d-41a8-91e9-758477023ed6,Dot & Key Vitamin C + E Super Bright Gel Face Wash,DE,370.00,725.20,96.00,73.00,50.00,640.10
20ba1e94-fa3d-41a8-91e9-758477023ed6,Dot & Key Vitamin C + E Super Bright Gel Face Wash,FR,370.00,725.20,96.00,73.00,50.00,640.10
20ba1e94-fa3d-41a8-91e9-758477023ed6,Dot & Key Vitamin C + E Super Bright Gel Face Wash,GB,370.00,725.20,96.00,73.00,50.00,640.10
20ba1e94-fa3d-41a8-91e9-758477023ed6,Dot & Key Vitamin C + E Super Bright Gel Face Wash,IE,370.00,743.70,101.00,78.00,55.00,658.60
20ba1e94-fa3d-41a8-91e9-758477023ed6,Dot & Key Vitamin C + E Super Bright Gel Face Wash,KE,370.00,725.20,96.00,73.00,50.00,640.10
20ba1e94-fa3d-41a8-91e9-758477023ed6,Dot & Key Vitamin C + E Super Bright Gel Face Wash,MT,370.00,725.20,96.00,73.00,50.00,640.10
20ba1e94-fa3d-41a8-91e9-758477023ed6,Dot & Key Vitamin C + E Super Bright Gel Face Wash,US,370.00,725.20,96.00,73.00,50.00,640.10
aa17cb94-03e9-4a1f-9905-866448f3b2ad,Dot & Key Vitamin C + E Super Bright Moisturizer,AL,345.00,676.20,96.00,73.00,50.00,596.85
aa17cb94-03e9-4a1f-9905-866448f3b2ad,Dot & Key Vitamin C + E Super Bright Moisturizer,CH,345.00,676.20,96.00,73.00,50.00,596.85
aa17cb94-03e9-4a1f-9905-866448f3b2ad,Dot & Key Vitamin C + E Super Bright Moisturizer,DE,345.00,676.20,96.00,73.00,50.00,596.85
aa17cb94-03e9-4a1f-9905-866448f3b2ad,Dot & Key Vitamin C + E Super Bright Moisturizer,FR,345.00,676.20,96.00,73.00,50.00,596.85
aa17cb94-03e9-4a1f-9905-866448f3b2ad,Dot & Key Vitamin C + E Super Bright Moisturizer,GB,345.00,676.20,96.00,73.00,50.00,596.85
aa17cb94-03e9-4a1f-9905-866448f3b2ad,Dot & Key Vitamin C + E Super Bright Moisturizer,IE,345.00,693.45,101.00,78.00,55.00,614.10
aa17cb94-03e9-4a1f-9905-866448f3b2ad,Dot & Key Vitamin C + E Super Bright Moisturizer,KE,345.00,676.20,96.00,73.00,50.00,596.85
aa17cb94-03e9-4a1f-9905-866448f3b2ad,Dot & Key Vitamin C + E Super Bright Moisturizer,MT,345.00,676.20,96.00,73.00,50.00,596.85
aa17cb94-03e9-4a1f-9905-866448f3b2ad,Dot & Key Vitamin C + E Super Bright Moisturizer,US,345.00,676.20,96.00,73.00,50.00,596.85
02bcacc1-6429-4788-8f42-590fa5a90bfd,"Dot & Key Vitamin C Super Bright Foaming Face Wash for Dull & Pigmented Skin (Triple Vitamin C, Blood Orange & Papaya)",AL,236.00,462.56,96.00,73.00,50.00,408.28
02bcacc1-6429-4788-8f42-590fa5a90bfd,"Dot & Key Vitamin C Super Bright Foaming Face Wash for Dull & Pigmented Skin (Triple Vitamin C, Blood Orange & Papaya)",CH,236.00,462.56,96.00,73.00,50.00,408.28
02bcacc1-6429-4788-8f42-590fa5a90bfd,"Dot & Key Vitamin C Super Bright Foaming Face Wash for Dull & Pigmented Skin (Triple Vitamin C, Blood Orange & Papaya)",DE,236.00,462.56,96.00,73.00,50.00,408.28
02bcacc1-6429-4788-8f42-590fa5a90bfd,"Dot & Key Vitamin C Super Bright Foaming Face Wash for Dull & Pigmented Skin (Triple Vitamin C, Blood Orange & Papaya)",FR,236.00,462.56,96.00,73.00,50.00,408.28
02bcacc1-6429-4788-8f42-590fa5a90bfd,"Dot & Key Vitamin C Super Bright Foaming Face Wash for Dull & Pigmented Skin (Triple Vitamin C, Blood Orange & Papaya)",GB,236.00,462.56,96.00,73.00,50.00,408.28
02bcacc1-6429-4788-8f42-590fa5a90bfd,"Dot & Key Vitamin C Super Bright Foaming Face Wash for Dull & Pigmented Skin (Triple Vitamin C, Blood Orange & Papaya)",IE,236.00,474.36,101.00,78.00,55.00,420.08
02bcacc1-6429-4788-8f42-590fa5a90bfd,"Dot & Key Vitamin C Super Bright Foaming Face Wash for Dull & Pigmented Skin (Triple Vitamin C, Blood Orange & Papaya)",KE,236.00,462.56,96.00,73.00,50.00,408.28
02bcacc1-6429-4788-8f42-590fa5a90bfd,"Dot & Key Vitamin C Super Bright Foaming Face Wash for Dull & Pigmented Skin (Triple Vitamin C, Blood Orange & Papaya)",MT,236.00,462.56,96.00,73.00,50.00,408.28
02bcacc1-6429-4788-8f42-590fa5a90bfd,"Dot & Key Vitamin C Super Bright Foaming Face Wash for Dull & Pigmented Skin (Triple Vitamin C, Blood Orange & Papaya)",US,236.00,462.56,96.00,73.00,50.00,408.28
9491f0f4-12fb-4f78-a533-7b4dacba6ae5,Dot & Key Vitamin C+E 100% Mineral Sunscreen,IE,640.00,1222.40,91.00,68.00,45.00,1075.20
f8e7d80d-8487-4edf-a147-0f851cf3fa84,Dot & Key Vitamin C+E Super Bright Sunscreen,AL,440.00,862.40,96.00,73.00,50.00,761.20
f8e7d80d-8487-4edf-a147-0f851cf3fa84,Dot & Key Vitamin C+E Super Bright Sunscreen,CH,440.00,862.40,96.00,73.00,50.00,761.20
f8e7d80d-8487-4edf-a147-0f851cf3fa84,Dot & Key Vitamin C+E Super Bright Sunscreen,DE,440.00,862.40,96.00,73.00,50.00,761.20
f8e7d80d-8487-4edf-a147-0f851cf3fa84,Dot & Key Vitamin C+E Super Bright Sunscreen,FR,440.00,862.40,96.00,73.00,50.00,761.20
f8e7d80d-8487-4edf-a147-0f851cf3fa84,Dot & Key Vitamin C+E Super Bright Sunscreen,GB,440.00,862.40,96.00,73.00,50.00,761.20
f8e7d80d-8487-4edf-a147-0f851cf3fa84,Dot & Key Vitamin C+E Super Bright Sunscreen,IE,440.00,884.40,101.00,78.00,55.00,783.20
f8e7d80d-8487-4edf-a147-0f851cf3fa84,Dot & Key Vitamin C+E Super Bright Sunscreen,KE,440.00,862.40,96.00,73.00,50.00,761.20
f8e7d80d-8487-4edf-a147-0f851cf3fa84,Dot & Key Vitamin C+E Super Bright Sunscreen,MT,440.00,862.40,96.00,73.00,50.00,761.20
f8e7d80d-8487-4edf-a147-0f851cf3fa84,Dot & Key Vitamin C+E Super Bright Sunscreen,US,440.00,862.40,96.00,73.00,50.00,761.20
c0cfa985-80b9-44ae-ba47-31d50b37e11c,Dot & Key Water Drench Hydrating Hyaluronic Serum Concentrate,IE,660.00,1260.60,91.00,68.00,45.00,1108.80
af2f0eee-f178-4cff-9d0a-e286f22887bb,Dot & Key Watermelon Cooling Gel Face Wash,AL,224.00,439.04,96.00,73.00,50.00,387.52
af2f0eee-f178-4cff-9d0a-e286f22887bb,Dot & Key Watermelon Cooling Gel Face Wash,CH,224.00,439.04,96.00,73.00,50.00,387.52
af2f0eee-f178-4cff-9d0a-e286f22887bb,Dot & Key Watermelon Cooling Gel Face Wash,DE,224.00,439.04,96.00,73.00,50.00,387.52
af2f0eee-f178-4cff-9d0a-e286f22887bb,Dot & Key Watermelon Cooling Gel Face Wash,FR,224.00,439.04,96.00,73.00,50.00,387.52
af2f0eee-f178-4cff-9d0a-e286f22887bb,Dot & Key Watermelon Cooling Gel Face Wash,GB,224.00,439.04,96.00,73.00,50.00,387.52
af2f0eee-f178-4cff-9d0a-e286f22887bb,Dot & Key Watermelon Cooling Gel Face Wash,IE,224.00,450.24,101.00,78.00,55.00,398.72
af2f0eee-f178-4cff-9d0a-e286f22887bb,Dot & Key Watermelon Cooling Gel Face Wash,KE,224.00,439.04,96.00,73.00,50.00,387.52
af2f0eee-f178-4cff-9d0a-e286f22887bb,Dot & Key Watermelon Cooling Gel Face Wash,MT,224.00,439.04,96.00,73.00,50.00,387.52
af2f0eee-f178-4cff-9d0a-e286f22887bb,Dot & Key Watermelon Cooling Gel Face Wash,US,224.00,439.04,96.00,73.00,50.00,387.52
c3bcfdc4-25ef-4af7-b304-73446e5fb925,DOT & KEY WATERMELON COOLING ICY GEL MOISTURIZER,AL,495.00,970.20,96.00,73.00,50.00,856.35
c3bcfdc4-25ef-4af7-b304-73446e5fb925,DOT & KEY WATERMELON COOLING ICY GEL MOISTURIZER,CH,495.00,970.20,96.00,73.00,50.00,856.35
c3bcfdc4-25ef-4af7-b304-73446e5fb925,DOT & KEY WATERMELON COOLING ICY GEL MOISTURIZER,DE,495.00,970.20,96.00,73.00,50.00,856.35
c3bcfdc4-25ef-4af7-b304-73446e5fb925,DOT & KEY WATERMELON COOLING ICY GEL MOISTURIZER,FR,495.00,970.20,96.00,73.00,50.00,856.35
c3bcfdc4-25ef-4af7-b304-73446e5fb925,DOT & KEY WATERMELON COOLING ICY GEL MOISTURIZER,GB,495.00,970.20,96.00,73.00,50.00,856.35
c3bcfdc4-25ef-4af7-b304-73446e5fb925,DOT & KEY WATERMELON COOLING ICY GEL MOISTURIZER,IE,495.00,994.95,101.00,78.00,55.00,881.10
c3bcfdc4-25ef-4af7-b304-73446e5fb925,DOT & KEY WATERMELON COOLING ICY GEL MOISTURIZER,KE,495.00,970.20,96.00,73.00,50.00,856.35
c3bcfdc4-25ef-4af7-b304-73446e5fb925,DOT & KEY WATERMELON COOLING ICY GEL MOISTURIZER,MT,495.00,970.20,96.00,73.00,50.00,856.35
c3bcfdc4-25ef-4af7-b304-73446e5fb925,DOT & KEY WATERMELON COOLING ICY GEL MOISTURIZER,US,495.00,970.20,96.00,73.00,50.00,856.35
a7dac546-b630-4e38-8ae3-194de91d6fd1,Dot & Key Watermelon Cooling Sunscreen SPF 50+ PA++++,AL,440.00,862.40,96.00,73.00,50.00,761.20
a7dac546-b630-4e38-8ae3-194de91d6fd1,Dot & Key Watermelon Cooling Sunscreen SPF 50+ PA++++,CH,440.00,862.40,96.00,73.00,50.00,761.20
a7dac546-b630-4e38-8ae3-194de91d6fd1,Dot & Key Watermelon Cooling Sunscreen SPF 50+ PA++++,DE,440.00,862.40,96.00,73.00,50.00,761.20
a7dac546-b630-4e38-8ae3-194de91d6fd1,Dot & Key Watermelon Cooling Sunscreen SPF 50+ PA++++,FR,440.00,862.40,96.00,73.00,50.00,761.20
a7dac546-b630-4e38-8ae3-194de91d6fd1,Dot & Key Watermelon Cooling Sunscreen SPF 50+ PA++++,GB,440.00,862.40,96.00,73.00,50.00,761.20
a7dac546-b630-4e38-8ae3-194de91d6fd1,Dot & Key Watermelon Cooling Sunscreen SPF 50+ PA++++,IE,440.00,884.40,101.00,78.00,55.00,783.20
a7dac546-b630-4e38-8ae3-194de91d6fd1,Dot & Key Watermelon Cooling Sunscreen SPF 50+ PA++++,KE,440.00,862.40,96.00,73.00,50.00,761.20
a7dac546-b630-4e38-8ae3-194de91d6fd1,Dot & Key Watermelon Cooling Sunscreen SPF 50+ PA++++,MT,440.00,862.40,96.00,73.00,50.00,761.20
a7dac546-b630-4e38-8ae3-194de91d6fd1,Dot & Key Watermelon Cooling Sunscreen SPF 50+ PA++++,US,440.00,862.40,96.00,73.00,50.00,761.20
5c854429-a995-4a04-94f1-66a4b98c6336,Dot & Key Watermelon Superglow 10% Glycolic Renew Face Serum.,AL,440.00,862.40,96.00,73.00,50.00,761.20
5c854429-a995-4a04-94f1-66a4b98c6336,Dot & Key Watermelon Superglow 10% Glycolic Renew Face Serum.,CH,440.00,862.40,96.00,73.00,50.00,761.20
5c854429-a995-4a04-94f1-66a4b98c6336,Dot & Key Watermelon Superglow 10% Glycolic Renew Face Serum.,DE,440.00,862.40,96.00,73.00,50.00,761.20
5c854429-a995-4a04-94f1-66a4b98c6336,Dot & Key Watermelon Superglow 10% Glycolic Renew Face Serum.,FR,440.00,862.40,96.00,73.00,50.00,761.20
5c854429-a995-4a04-94f1-66a4b98c6336,Dot & Key Watermelon Superglow 10% Glycolic Renew Face Serum.,GB,440.00,862.40,96.00,73.00,50.00,761.20
5c854429-a995-4a04-94f1-66a4b98c6336,Dot & Key Watermelon Superglow 10% Glycolic Renew Face Serum.,IE,440.00,884.40,101.00,78.00,55.00,783.20
5c854429-a995-4a04-94f1-66a4b98c6336,Dot & Key Watermelon Superglow 10% Glycolic Renew Face Serum.,KE,440.00,862.40,96.00,73.00,50.00,761.20
5c854429-a995-4a04-94f1-66a4b98c6336,Dot & Key Watermelon Superglow 10% Glycolic Renew Face Serum.,MT,440.00,862.40,96.00,73.00,50.00,761.20
5c854429-a995-4a04-94f1-66a4b98c6336,Dot & Key Watermelon Superglow 10% Glycolic Renew Face Serum.,US,440.00,862.40,96.00,73.00,50.00,761.20
d4acb327-8a91-43a5-ad4d-fc224d1a5aa7,Dot & Key Watermelon SuperGlow Pore Tightening Toner,AL,390.00,764.40,96.00,73.00,50.00,674.70
d4acb327-8a91-43a5-ad4d-fc224d1a5aa7,Dot & Key Watermelon SuperGlow Pore Tightening Toner,CH,390.00,764.40,96.00,73.00,50.00,674.70
d4acb327-8a91-43a5-ad4d-fc224d1a5aa7,Dot & Key Watermelon SuperGlow Pore Tightening Toner,DE,390.00,764.40,96.00,73.00,50.00,674.70
d4acb327-8a91-43a5-ad4d-fc224d1a5aa7,Dot & Key Watermelon SuperGlow Pore Tightening Toner,FR,390.00,764.40,96.00,73.00,50.00,674.70
d4acb327-8a91-43a5-ad4d-fc224d1a5aa7,Dot & Key Watermelon SuperGlow Pore Tightening Toner,GB,390.00,764.40,96.00,73.00,50.00,674.70
d4acb327-8a91-43a5-ad4d-fc224d1a5aa7,Dot & Key Watermelon SuperGlow Pore Tightening Toner,IE,390.00,783.90,101.00,78.00,55.00,694.20
d4acb327-8a91-43a5-ad4d-fc224d1a5aa7,Dot & Key Watermelon SuperGlow Pore Tightening Toner,KE,390.00,764.40,96.00,73.00,50.00,674.70
d4acb327-8a91-43a5-ad4d-fc224d1a5aa7,Dot & Key Watermelon SuperGlow Pore Tightening Toner,MT,390.00,764.40,96.00,73.00,50.00,674.70
d4acb327-8a91-43a5-ad4d-fc224d1a5aa7,Dot & Key Watermelon SuperGlow Pore Tightening Toner,US,390.00,764.40,96.00,73.00,50.00,674.70
6c6c2916-d847-45c0-aef9-98789359eb94,Dove Beauty Moisture Facial Cleansing Foam (50 g),AL,190.00,372.40,96.00,73.00,50.00,328.70
6c6c2916-d847-45c0-aef9-98789359eb94,Dove Beauty Moisture Facial Cleansing Foam (50 g),CH,190.00,372.40,96.00,73.00,50.00,328.70
6c6c2916-d847-45c0-aef9-98789359eb94,Dove Beauty Moisture Facial Cleansing Foam (50 g),DE,190.00,372.40,96.00,73.00,50.00,328.70
6c6c2916-d847-45c0-aef9-98789359eb94,Dove Beauty Moisture Facial Cleansing Foam (50 g),FR,190.00,372.40,96.00,73.00,50.00,328.70
6c6c2916-d847-45c0-aef9-98789359eb94,Dove Beauty Moisture Facial Cleansing Foam (50 g),GB,190.00,372.40,96.00,73.00,50.00,328.70
6c6c2916-d847-45c0-aef9-98789359eb94,Dove Beauty Moisture Facial Cleansing Foam (50 g),IE,190.00,381.90,101.00,78.00,55.00,338.20
6c6c2916-d847-45c0-aef9-98789359eb94,Dove Beauty Moisture Facial Cleansing Foam (50 g),KE,190.00,372.40,96.00,73.00,50.00,328.70
6c6c2916-d847-45c0-aef9-98789359eb94,Dove Beauty Moisture Facial Cleansing Foam (50 g),MT,190.00,372.40,96.00,73.00,50.00,328.70
6c6c2916-d847-45c0-aef9-98789359eb94,Dove Beauty Moisture Facial Cleansing Foam (50 g),US,190.00,372.40,96.00,73.00,50.00,328.70
db27ee87-ea24-4fad-aec5-f31eb2514d1f,DOVE BODY LOVE BEAUTY CREAM,AL,250.00,490.00,96.00,73.00,50.00,432.50
db27ee87-ea24-4fad-aec5-f31eb2514d1f,DOVE BODY LOVE BEAUTY CREAM,CH,250.00,490.00,96.00,73.00,50.00,432.50
db27ee87-ea24-4fad-aec5-f31eb2514d1f,DOVE BODY LOVE BEAUTY CREAM,DE,250.00,490.00,96.00,73.00,50.00,432.50
db27ee87-ea24-4fad-aec5-f31eb2514d1f,DOVE BODY LOVE BEAUTY CREAM,FR,250.00,490.00,96.00,73.00,50.00,432.50
db27ee87-ea24-4fad-aec5-f31eb2514d1f,DOVE BODY LOVE BEAUTY CREAM,GB,250.00,490.00,96.00,73.00,50.00,432.50
db27ee87-ea24-4fad-aec5-f31eb2514d1f,DOVE BODY LOVE BEAUTY CREAM,IE,250.00,502.50,101.00,78.00,55.00,445.00
db27ee87-ea24-4fad-aec5-f31eb2514d1f,DOVE BODY LOVE BEAUTY CREAM,KE,250.00,490.00,96.00,73.00,50.00,432.50
db27ee87-ea24-4fad-aec5-f31eb2514d1f,DOVE BODY LOVE BEAUTY CREAM,MT,250.00,490.00,96.00,73.00,50.00,432.50
db27ee87-ea24-4fad-aec5-f31eb2514d1f,DOVE BODY LOVE BEAUTY CREAM,US,250.00,490.00,96.00,73.00,50.00,432.50
3ec90bac-a8f7-4006-8bb5-05eb2780bc33,Dove Daily Shine 1 minute Conditioner,AL,120.00,235.20,96.00,73.00,50.00,207.60
3ec90bac-a8f7-4006-8bb5-05eb2780bc33,Dove Daily Shine 1 minute Conditioner,CH,120.00,235.20,96.00,73.00,50.00,207.60
3ec90bac-a8f7-4006-8bb5-05eb2780bc33,Dove Daily Shine 1 minute Conditioner,DE,120.00,235.20,96.00,73.00,50.00,207.60
3ec90bac-a8f7-4006-8bb5-05eb2780bc33,Dove Daily Shine 1 minute Conditioner,FR,120.00,235.20,96.00,73.00,50.00,207.60
3ec90bac-a8f7-4006-8bb5-05eb2780bc33,Dove Daily Shine 1 minute Conditioner,GB,120.00,235.20,96.00,73.00,50.00,207.60
3ec90bac-a8f7-4006-8bb5-05eb2780bc33,Dove Daily Shine 1 minute Conditioner,IE,120.00,241.20,101.00,78.00,55.00,213.60
3ec90bac-a8f7-4006-8bb5-05eb2780bc33,Dove Daily Shine 1 minute Conditioner,KE,120.00,235.20,96.00,73.00,50.00,207.60
3ec90bac-a8f7-4006-8bb5-05eb2780bc33,Dove Daily Shine 1 minute Conditioner,MT,120.00,235.20,96.00,73.00,50.00,207.60
3ec90bac-a8f7-4006-8bb5-05eb2780bc33,Dove Daily Shine 1 minute Conditioner,US,120.00,235.20,96.00,73.00,50.00,207.60
bb4cdbbf-8097-4bd8-94d1-6f24f74fee8c,Dove daily shine conditioner,AL,120.00,235.20,96.00,73.00,50.00,207.60
bb4cdbbf-8097-4bd8-94d1-6f24f74fee8c,Dove daily shine conditioner,CH,120.00,235.20,96.00,73.00,50.00,207.60
bb4cdbbf-8097-4bd8-94d1-6f24f74fee8c,Dove daily shine conditioner,DE,120.00,235.20,96.00,73.00,50.00,207.60
bb4cdbbf-8097-4bd8-94d1-6f24f74fee8c,Dove daily shine conditioner,FR,120.00,235.20,96.00,73.00,50.00,207.60
bb4cdbbf-8097-4bd8-94d1-6f24f74fee8c,Dove daily shine conditioner,GB,120.00,235.20,96.00,73.00,50.00,207.60
bb4cdbbf-8097-4bd8-94d1-6f24f74fee8c,Dove daily shine conditioner,IE,120.00,241.20,101.00,78.00,55.00,213.60
bb4cdbbf-8097-4bd8-94d1-6f24f74fee8c,Dove daily shine conditioner,KE,120.00,235.20,96.00,73.00,50.00,207.60
bb4cdbbf-8097-4bd8-94d1-6f24f74fee8c,Dove daily shine conditioner,MT,120.00,235.20,96.00,73.00,50.00,207.60
bb4cdbbf-8097-4bd8-94d1-6f24f74fee8c,Dove daily shine conditioner,US,120.00,235.20,96.00,73.00,50.00,207.60
8181c0c3-eec4-4a99-8bbd-cb786569b23b,Dove Daily Shine Nourishing Shampoo 180ml,AL,246.00,482.16,96.00,73.00,50.00,425.58
8181c0c3-eec4-4a99-8bbd-cb786569b23b,Dove Daily Shine Nourishing Shampoo 180ml,CH,246.00,482.16,96.00,73.00,50.00,425.58
8181c0c3-eec4-4a99-8bbd-cb786569b23b,Dove Daily Shine Nourishing Shampoo 180ml,DE,246.00,482.16,96.00,73.00,50.00,425.58
8181c0c3-eec4-4a99-8bbd-cb786569b23b,Dove Daily Shine Nourishing Shampoo 180ml,FR,246.00,482.16,96.00,73.00,50.00,425.58
8181c0c3-eec4-4a99-8bbd-cb786569b23b,Dove Daily Shine Nourishing Shampoo 180ml,GB,246.00,482.16,96.00,73.00,50.00,425.58
8181c0c3-eec4-4a99-8bbd-cb786569b23b,Dove Daily Shine Nourishing Shampoo 180ml,IE,246.00,494.46,101.00,78.00,55.00,437.88
8181c0c3-eec4-4a99-8bbd-cb786569b23b,Dove Daily Shine Nourishing Shampoo 180ml,KE,246.00,482.16,96.00,73.00,50.00,425.58
8181c0c3-eec4-4a99-8bbd-cb786569b23b,Dove Daily Shine Nourishing Shampoo 180ml,MT,246.00,482.16,96.00,73.00,50.00,425.58
8181c0c3-eec4-4a99-8bbd-cb786569b23b,Dove Daily Shine Nourishing Shampoo 180ml,US,246.00,482.16,96.00,73.00,50.00,425.58
e90e316d-5435-44ee-9393-502247101a26,Dove daily shine Shampoo 75ml,AL,60.00,117.60,96.00,73.00,50.00,103.80
e90e316d-5435-44ee-9393-502247101a26,Dove daily shine Shampoo 75ml,CH,60.00,117.60,96.00,73.00,50.00,103.80
e90e316d-5435-44ee-9393-502247101a26,Dove daily shine Shampoo 75ml,DE,60.00,117.60,96.00,73.00,50.00,103.80
e90e316d-5435-44ee-9393-502247101a26,Dove daily shine Shampoo 75ml,FR,60.00,117.60,96.00,73.00,50.00,103.80
e90e316d-5435-44ee-9393-502247101a26,Dove daily shine Shampoo 75ml,GB,60.00,117.60,96.00,73.00,50.00,103.80
e90e316d-5435-44ee-9393-502247101a26,Dove daily shine Shampoo 75ml,IE,60.00,120.60,101.00,78.00,55.00,106.80
e90e316d-5435-44ee-9393-502247101a26,Dove daily shine Shampoo 75ml,KE,60.00,117.60,96.00,73.00,50.00,103.80
e90e316d-5435-44ee-9393-502247101a26,Dove daily shine Shampoo 75ml,MT,60.00,117.60,96.00,73.00,50.00,103.80
e90e316d-5435-44ee-9393-502247101a26,Dove daily shine Shampoo 75ml,US,60.00,117.60,96.00,73.00,50.00,103.80
a6b67e2b-f840-44dc-9004-4f72bd5419a1,Dove Dryness Care 1 minute conditioner 75ml,AL,120.00,235.20,96.00,73.00,50.00,207.60
a6b67e2b-f840-44dc-9004-4f72bd5419a1,Dove Dryness Care 1 minute conditioner 75ml,CH,120.00,235.20,96.00,73.00,50.00,207.60
a6b67e2b-f840-44dc-9004-4f72bd5419a1,Dove Dryness Care 1 minute conditioner 75ml,DE,120.00,235.20,96.00,73.00,50.00,207.60
a6b67e2b-f840-44dc-9004-4f72bd5419a1,Dove Dryness Care 1 minute conditioner 75ml,FR,120.00,235.20,96.00,73.00,50.00,207.60
a6b67e2b-f840-44dc-9004-4f72bd5419a1,Dove Dryness Care 1 minute conditioner 75ml,GB,120.00,235.20,96.00,73.00,50.00,207.60
a6b67e2b-f840-44dc-9004-4f72bd5419a1,Dove Dryness Care 1 minute conditioner 75ml,IE,120.00,241.20,101.00,78.00,55.00,213.60
a6b67e2b-f840-44dc-9004-4f72bd5419a1,Dove Dryness Care 1 minute conditioner 75ml,KE,120.00,235.20,96.00,73.00,50.00,207.60
a6b67e2b-f840-44dc-9004-4f72bd5419a1,Dove Dryness Care 1 minute conditioner 75ml,MT,120.00,235.20,96.00,73.00,50.00,207.60
a6b67e2b-f840-44dc-9004-4f72bd5419a1,Dove Dryness Care 1 minute conditioner 75ml,US,120.00,235.20,96.00,73.00,50.00,207.60
dba58913-a5bc-429d-b185-d10225f311c2,Dove dryness care 1minute conditioner 75ml,AL,120.00,235.20,96.00,73.00,50.00,207.60
dba58913-a5bc-429d-b185-d10225f311c2,Dove dryness care 1minute conditioner 75ml,CH,120.00,235.20,96.00,73.00,50.00,207.60
dba58913-a5bc-429d-b185-d10225f311c2,Dove dryness care 1minute conditioner 75ml,DE,120.00,235.20,96.00,73.00,50.00,207.60
dba58913-a5bc-429d-b185-d10225f311c2,Dove dryness care 1minute conditioner 75ml,FR,120.00,235.20,96.00,73.00,50.00,207.60
dba58913-a5bc-429d-b185-d10225f311c2,Dove dryness care 1minute conditioner 75ml,GB,120.00,235.20,96.00,73.00,50.00,207.60
dba58913-a5bc-429d-b185-d10225f311c2,Dove dryness care 1minute conditioner 75ml,IE,120.00,241.20,101.00,78.00,55.00,213.60
dba58913-a5bc-429d-b185-d10225f311c2,Dove dryness care 1minute conditioner 75ml,KE,120.00,235.20,96.00,73.00,50.00,207.60
dba58913-a5bc-429d-b185-d10225f311c2,Dove dryness care 1minute conditioner 75ml,MT,120.00,235.20,96.00,73.00,50.00,207.60
dba58913-a5bc-429d-b185-d10225f311c2,Dove dryness care 1minute conditioner 75ml,US,120.00,235.20,96.00,73.00,50.00,207.60
604fb889-a5e2-4f26-bbdc-215d610ffa2d,Dove Dryness Care Shampoo 180ml,AL,172.00,337.12,96.00,73.00,50.00,297.56
604fb889-a5e2-4f26-bbdc-215d610ffa2d,Dove Dryness Care Shampoo 180ml,CH,172.00,337.12,96.00,73.00,50.00,297.56
604fb889-a5e2-4f26-bbdc-215d610ffa2d,Dove Dryness Care Shampoo 180ml,DE,172.00,337.12,96.00,73.00,50.00,297.56
604fb889-a5e2-4f26-bbdc-215d610ffa2d,Dove Dryness Care Shampoo 180ml,FR,172.00,337.12,96.00,73.00,50.00,297.56
604fb889-a5e2-4f26-bbdc-215d610ffa2d,Dove Dryness Care Shampoo 180ml,GB,172.00,337.12,96.00,73.00,50.00,297.56
604fb889-a5e2-4f26-bbdc-215d610ffa2d,Dove Dryness Care Shampoo 180ml,IE,172.00,345.72,101.00,78.00,55.00,306.16
604fb889-a5e2-4f26-bbdc-215d610ffa2d,Dove Dryness Care Shampoo 180ml,KE,172.00,337.12,96.00,73.00,50.00,297.56
604fb889-a5e2-4f26-bbdc-215d610ffa2d,Dove Dryness Care Shampoo 180ml,MT,172.00,337.12,96.00,73.00,50.00,297.56
604fb889-a5e2-4f26-bbdc-215d610ffa2d,Dove Dryness Care Shampoo 180ml,US,172.00,337.12,96.00,73.00,50.00,297.56
e3df10de-a439-420f-a749-cd91412a1028,Dove Hair fall rescue 1 minute conditioner 75ml,AL,120.00,235.20,96.00,73.00,50.00,207.60
e3df10de-a439-420f-a749-cd91412a1028,Dove Hair fall rescue 1 minute conditioner 75ml,CH,120.00,235.20,96.00,73.00,50.00,207.60
e3df10de-a439-420f-a749-cd91412a1028,Dove Hair fall rescue 1 minute conditioner 75ml,DE,120.00,235.20,96.00,73.00,50.00,207.60
e3df10de-a439-420f-a749-cd91412a1028,Dove Hair fall rescue 1 minute conditioner 75ml,FR,120.00,235.20,96.00,73.00,50.00,207.60
e3df10de-a439-420f-a749-cd91412a1028,Dove Hair fall rescue 1 minute conditioner 75ml,GB,120.00,235.20,96.00,73.00,50.00,207.60
e3df10de-a439-420f-a749-cd91412a1028,Dove Hair fall rescue 1 minute conditioner 75ml,IE,120.00,241.20,101.00,78.00,55.00,213.60
e3df10de-a439-420f-a749-cd91412a1028,Dove Hair fall rescue 1 minute conditioner 75ml,KE,120.00,235.20,96.00,73.00,50.00,207.60
e3df10de-a439-420f-a749-cd91412a1028,Dove Hair fall rescue 1 minute conditioner 75ml,MT,120.00,235.20,96.00,73.00,50.00,207.60
e3df10de-a439-420f-a749-cd91412a1028,Dove Hair fall rescue 1 minute conditioner 75ml,US,120.00,235.20,96.00,73.00,50.00,207.60
a075ac61-d86f-4e7e-89ad-82166139a836,Dove Hair Fall Rescue 1 minute conditioner 75ml,AL,120.00,235.20,96.00,73.00,50.00,207.60
a075ac61-d86f-4e7e-89ad-82166139a836,Dove Hair Fall Rescue 1 minute conditioner 75ml,CH,120.00,235.20,96.00,73.00,50.00,207.60
a075ac61-d86f-4e7e-89ad-82166139a836,Dove Hair Fall Rescue 1 minute conditioner 75ml,DE,120.00,235.20,96.00,73.00,50.00,207.60
a075ac61-d86f-4e7e-89ad-82166139a836,Dove Hair Fall Rescue 1 minute conditioner 75ml,FR,120.00,235.20,96.00,73.00,50.00,207.60
a075ac61-d86f-4e7e-89ad-82166139a836,Dove Hair Fall Rescue 1 minute conditioner 75ml,GB,120.00,235.20,96.00,73.00,50.00,207.60
a075ac61-d86f-4e7e-89ad-82166139a836,Dove Hair Fall Rescue 1 minute conditioner 75ml,IE,120.00,241.20,101.00,78.00,55.00,213.60
a075ac61-d86f-4e7e-89ad-82166139a836,Dove Hair Fall Rescue 1 minute conditioner 75ml,KE,120.00,235.20,96.00,73.00,50.00,207.60
a075ac61-d86f-4e7e-89ad-82166139a836,Dove Hair Fall Rescue 1 minute conditioner 75ml,MT,120.00,235.20,96.00,73.00,50.00,207.60
a075ac61-d86f-4e7e-89ad-82166139a836,Dove Hair Fall Rescue 1 minute conditioner 75ml,US,120.00,235.20,96.00,73.00,50.00,207.60
b4ce339b-37c2-475a-97ca-b0633b1b2219,Dove Hair fall Rescue Shampoo 180ml,AL,172.00,337.12,96.00,73.00,50.00,297.56
b4ce339b-37c2-475a-97ca-b0633b1b2219,Dove Hair fall Rescue Shampoo 180ml,CH,172.00,337.12,96.00,73.00,50.00,297.56
b4ce339b-37c2-475a-97ca-b0633b1b2219,Dove Hair fall Rescue Shampoo 180ml,DE,172.00,337.12,96.00,73.00,50.00,297.56
b4ce339b-37c2-475a-97ca-b0633b1b2219,Dove Hair fall Rescue Shampoo 180ml,FR,172.00,337.12,96.00,73.00,50.00,297.56
b4ce339b-37c2-475a-97ca-b0633b1b2219,Dove Hair fall Rescue Shampoo 180ml,GB,172.00,337.12,96.00,73.00,50.00,297.56
b4ce339b-37c2-475a-97ca-b0633b1b2219,Dove Hair fall Rescue Shampoo 180ml,IE,172.00,345.72,101.00,78.00,55.00,306.16
b4ce339b-37c2-475a-97ca-b0633b1b2219,Dove Hair fall Rescue Shampoo 180ml,KE,172.00,337.12,96.00,73.00,50.00,297.56
b4ce339b-37c2-475a-97ca-b0633b1b2219,Dove Hair fall Rescue Shampoo 180ml,MT,172.00,337.12,96.00,73.00,50.00,297.56
b4ce339b-37c2-475a-97ca-b0633b1b2219,Dove Hair fall Rescue Shampoo 180ml,US,172.00,337.12,96.00,73.00,50.00,297.56
cd81d707-335b-4846-bcd5-65a86bb80c0e,Dove Hair fall Rescue Shampoo 75ml,AL,60.00,117.60,96.00,73.00,50.00,103.80
cd81d707-335b-4846-bcd5-65a86bb80c0e,Dove Hair fall Rescue Shampoo 75ml,CH,60.00,117.60,96.00,73.00,50.00,103.80
cd81d707-335b-4846-bcd5-65a86bb80c0e,Dove Hair fall Rescue Shampoo 75ml,DE,60.00,117.60,96.00,73.00,50.00,103.80
cd81d707-335b-4846-bcd5-65a86bb80c0e,Dove Hair fall Rescue Shampoo 75ml,FR,60.00,117.60,96.00,73.00,50.00,103.80
cd81d707-335b-4846-bcd5-65a86bb80c0e,Dove Hair fall Rescue Shampoo 75ml,GB,60.00,117.60,96.00,73.00,50.00,103.80
cd81d707-335b-4846-bcd5-65a86bb80c0e,Dove Hair fall Rescue Shampoo 75ml,IE,60.00,120.60,101.00,78.00,55.00,106.80
cd81d707-335b-4846-bcd5-65a86bb80c0e,Dove Hair fall Rescue Shampoo 75ml,KE,60.00,117.60,96.00,73.00,50.00,103.80
cd81d707-335b-4846-bcd5-65a86bb80c0e,Dove Hair fall Rescue Shampoo 75ml,MT,60.00,117.60,96.00,73.00,50.00,103.80
cd81d707-335b-4846-bcd5-65a86bb80c0e,Dove Hair fall Rescue Shampoo 75ml,US,60.00,117.60,96.00,73.00,50.00,103.80
5d13df09-95c1-4a8f-852d-5549b589af8a,Dove Intense Repair 1 minute Conditioner 175ml,AL,285.00,558.60,96.00,73.00,50.00,493.05
5d13df09-95c1-4a8f-852d-5549b589af8a,Dove Intense Repair 1 minute Conditioner 175ml,CH,285.00,558.60,96.00,73.00,50.00,493.05
5d13df09-95c1-4a8f-852d-5549b589af8a,Dove Intense Repair 1 minute Conditioner 175ml,DE,285.00,558.60,96.00,73.00,50.00,493.05
5d13df09-95c1-4a8f-852d-5549b589af8a,Dove Intense Repair 1 minute Conditioner 175ml,FR,285.00,558.60,96.00,73.00,50.00,493.05
5d13df09-95c1-4a8f-852d-5549b589af8a,Dove Intense Repair 1 minute Conditioner 175ml,GB,285.00,558.60,96.00,73.00,50.00,493.05
5d13df09-95c1-4a8f-852d-5549b589af8a,Dove Intense Repair 1 minute Conditioner 175ml,IE,285.00,572.85,101.00,78.00,55.00,507.30
5d13df09-95c1-4a8f-852d-5549b589af8a,Dove Intense Repair 1 minute Conditioner 175ml,KE,285.00,558.60,96.00,73.00,50.00,493.05
5d13df09-95c1-4a8f-852d-5549b589af8a,Dove Intense Repair 1 minute Conditioner 175ml,MT,285.00,558.60,96.00,73.00,50.00,493.05
5d13df09-95c1-4a8f-852d-5549b589af8a,Dove Intense Repair 1 minute Conditioner 175ml,US,285.00,558.60,96.00,73.00,50.00,493.05
2d1e4e27-2aa3-4a23-b858-84f37d27e831,Dove Intense Repair 1 minute Conditioner 75ml,AL,120.00,235.20,96.00,73.00,50.00,207.60
2d1e4e27-2aa3-4a23-b858-84f37d27e831,Dove Intense Repair 1 minute Conditioner 75ml,CH,120.00,235.20,96.00,73.00,50.00,207.60
2d1e4e27-2aa3-4a23-b858-84f37d27e831,Dove Intense Repair 1 minute Conditioner 75ml,DE,120.00,235.20,96.00,73.00,50.00,207.60
2d1e4e27-2aa3-4a23-b858-84f37d27e831,Dove Intense Repair 1 minute Conditioner 75ml,FR,120.00,235.20,96.00,73.00,50.00,207.60
2d1e4e27-2aa3-4a23-b858-84f37d27e831,Dove Intense Repair 1 minute Conditioner 75ml,GB,120.00,235.20,96.00,73.00,50.00,207.60
2d1e4e27-2aa3-4a23-b858-84f37d27e831,Dove Intense Repair 1 minute Conditioner 75ml,IE,120.00,241.20,101.00,78.00,55.00,213.60
2d1e4e27-2aa3-4a23-b858-84f37d27e831,Dove Intense Repair 1 minute Conditioner 75ml,KE,120.00,235.20,96.00,73.00,50.00,207.60
2d1e4e27-2aa3-4a23-b858-84f37d27e831,Dove Intense Repair 1 minute Conditioner 75ml,MT,120.00,235.20,96.00,73.00,50.00,207.60
2d1e4e27-2aa3-4a23-b858-84f37d27e831,Dove Intense Repair 1 minute Conditioner 75ml,US,120.00,235.20,96.00,73.00,50.00,207.60
9e8609f2-6e8a-4a37-8c5a-008ee69ecae3,Dove Intense Repair Shampoo 180ml,AL,172.00,337.12,96.00,73.00,50.00,297.56
9e8609f2-6e8a-4a37-8c5a-008ee69ecae3,Dove Intense Repair Shampoo 180ml,CH,172.00,337.12,96.00,73.00,50.00,297.56
9e8609f2-6e8a-4a37-8c5a-008ee69ecae3,Dove Intense Repair Shampoo 180ml,DE,172.00,337.12,96.00,73.00,50.00,297.56
9e8609f2-6e8a-4a37-8c5a-008ee69ecae3,Dove Intense Repair Shampoo 180ml,FR,172.00,337.12,96.00,73.00,50.00,297.56
9e8609f2-6e8a-4a37-8c5a-008ee69ecae3,Dove Intense Repair Shampoo 180ml,GB,172.00,337.12,96.00,73.00,50.00,297.56
9e8609f2-6e8a-4a37-8c5a-008ee69ecae3,Dove Intense Repair Shampoo 180ml,IE,172.00,345.72,101.00,78.00,55.00,306.16
9e8609f2-6e8a-4a37-8c5a-008ee69ecae3,Dove Intense Repair Shampoo 180ml,KE,172.00,337.12,96.00,73.00,50.00,297.56
9e8609f2-6e8a-4a37-8c5a-008ee69ecae3,Dove Intense Repair Shampoo 180ml,MT,172.00,337.12,96.00,73.00,50.00,297.56
9e8609f2-6e8a-4a37-8c5a-008ee69ecae3,Dove Intense Repair Shampoo 180ml,US,172.00,337.12,96.00,73.00,50.00,297.56
beffdca4-fc02-4de0-9fad-b7e3d9c450a2,DOVE Serum bar Deep nourish,AL,40.00,78.40,96.00,73.00,50.00,69.20
beffdca4-fc02-4de0-9fad-b7e3d9c450a2,DOVE Serum bar Deep nourish,CH,40.00,78.40,96.00,73.00,50.00,69.20
beffdca4-fc02-4de0-9fad-b7e3d9c450a2,DOVE Serum bar Deep nourish,DE,40.00,78.40,96.00,73.00,50.00,69.20
beffdca4-fc02-4de0-9fad-b7e3d9c450a2,DOVE Serum bar Deep nourish,FR,40.00,78.40,96.00,73.00,50.00,69.20
beffdca4-fc02-4de0-9fad-b7e3d9c450a2,DOVE Serum bar Deep nourish,GB,40.00,78.40,96.00,73.00,50.00,69.20
beffdca4-fc02-4de0-9fad-b7e3d9c450a2,DOVE Serum bar Deep nourish,IE,40.00,80.40,101.00,78.00,55.00,71.20
beffdca4-fc02-4de0-9fad-b7e3d9c450a2,DOVE Serum bar Deep nourish,KE,40.00,78.40,96.00,73.00,50.00,69.20
beffdca4-fc02-4de0-9fad-b7e3d9c450a2,DOVE Serum bar Deep nourish,MT,40.00,78.40,96.00,73.00,50.00,69.20
beffdca4-fc02-4de0-9fad-b7e3d9c450a2,DOVE Serum bar Deep nourish,US,40.00,78.40,96.00,73.00,50.00,69.20
d7a198f5-d8ba-4553-86f7-a796bb436466,DOVE Serum bar pink radiance,AL,68.00,133.28,96.00,73.00,50.00,117.64
d7a198f5-d8ba-4553-86f7-a796bb436466,DOVE Serum bar pink radiance,CH,68.00,133.28,96.00,73.00,50.00,117.64
d7a198f5-d8ba-4553-86f7-a796bb436466,DOVE Serum bar pink radiance,DE,68.00,133.28,96.00,73.00,50.00,117.64
d7a198f5-d8ba-4553-86f7-a796bb436466,DOVE Serum bar pink radiance,FR,68.00,133.28,96.00,73.00,50.00,117.64
d7a198f5-d8ba-4553-86f7-a796bb436466,DOVE Serum bar pink radiance,GB,68.00,133.28,96.00,73.00,50.00,117.64
d7a198f5-d8ba-4553-86f7-a796bb436466,DOVE Serum bar pink radiance,IE,68.00,136.68,101.00,78.00,55.00,121.04
d7a198f5-d8ba-4553-86f7-a796bb436466,DOVE Serum bar pink radiance,KE,68.00,133.28,96.00,73.00,50.00,117.64
d7a198f5-d8ba-4553-86f7-a796bb436466,DOVE Serum bar pink radiance,MT,68.00,133.28,96.00,73.00,50.00,117.64
d7a198f5-d8ba-4553-86f7-a796bb436466,DOVE Serum bar pink radiance,US,68.00,133.28,96.00,73.00,50.00,117.64
222d4f13-5459-4963-9504-084c319ea15c,"Dr. Sasaki Lemon Refreshing & Soothing Skin Care Wipes – 25 Count – Dermatologically Tested, Alcohol-Free & Paraben-Free Facial Wipes for All Skin Types",AL,68.00,133.28,96.00,73.00,50.00,117.64
222d4f13-5459-4963-9504-084c319ea15c,"Dr. Sasaki Lemon Refreshing & Soothing Skin Care Wipes – 25 Count – Dermatologically Tested, Alcohol-Free & Paraben-Free Facial Wipes for All Skin Types",CH,68.00,133.28,96.00,73.00,50.00,117.64
222d4f13-5459-4963-9504-084c319ea15c,"Dr. Sasaki Lemon Refreshing & Soothing Skin Care Wipes – 25 Count – Dermatologically Tested, Alcohol-Free & Paraben-Free Facial Wipes for All Skin Types",DE,68.00,133.28,96.00,73.00,50.00,117.64
222d4f13-5459-4963-9504-084c319ea15c,"Dr. Sasaki Lemon Refreshing & Soothing Skin Care Wipes – 25 Count – Dermatologically Tested, Alcohol-Free & Paraben-Free Facial Wipes for All Skin Types",FR,68.00,133.28,96.00,73.00,50.00,117.64
222d4f13-5459-4963-9504-084c319ea15c,"Dr. Sasaki Lemon Refreshing & Soothing Skin Care Wipes – 25 Count – Dermatologically Tested, Alcohol-Free & Paraben-Free Facial Wipes for All Skin Types",GB,68.00,133.28,96.00,73.00,50.00,117.64
222d4f13-5459-4963-9504-084c319ea15c,"Dr. Sasaki Lemon Refreshing & Soothing Skin Care Wipes – 25 Count – Dermatologically Tested, Alcohol-Free & Paraben-Free Facial Wipes for All Skin Types",IE,68.00,136.68,101.00,78.00,55.00,121.04
222d4f13-5459-4963-9504-084c319ea15c,"Dr. Sasaki Lemon Refreshing & Soothing Skin Care Wipes – 25 Count – Dermatologically Tested, Alcohol-Free & Paraben-Free Facial Wipes for All Skin Types",KE,68.00,133.28,96.00,73.00,50.00,117.64
222d4f13-5459-4963-9504-084c319ea15c,"Dr. Sasaki Lemon Refreshing & Soothing Skin Care Wipes – 25 Count – Dermatologically Tested, Alcohol-Free & Paraben-Free Facial Wipes for All Skin Types",MT,68.00,133.28,96.00,73.00,50.00,117.64
222d4f13-5459-4963-9504-084c319ea15c,"Dr. Sasaki Lemon Refreshing & Soothing Skin Care Wipes – 25 Count – Dermatologically Tested, Alcohol-Free & Paraben-Free Facial Wipes for All Skin Types",US,68.00,133.28,96.00,73.00,50.00,117.64
e0b4e288-155b-4004-b585-7cd72f1bfefa,Dr. Sasaki Refreshing & Soothing Lavender Skin Care Wipes – 25 Count – Deep Cleansing & Calming Facial Wipes for Sensitive Skin – Travel Friendly & Alcohol-Free,AL,68.00,133.28,96.00,73.00,50.00,117.64
e0b4e288-155b-4004-b585-7cd72f1bfefa,Dr. Sasaki Refreshing & Soothing Lavender Skin Care Wipes – 25 Count – Deep Cleansing & Calming Facial Wipes for Sensitive Skin – Travel Friendly & Alcohol-Free,CH,68.00,133.28,96.00,73.00,50.00,117.64
e0b4e288-155b-4004-b585-7cd72f1bfefa,Dr. Sasaki Refreshing & Soothing Lavender Skin Care Wipes – 25 Count – Deep Cleansing & Calming Facial Wipes for Sensitive Skin – Travel Friendly & Alcohol-Free,DE,68.00,133.28,96.00,73.00,50.00,117.64
e0b4e288-155b-4004-b585-7cd72f1bfefa,Dr. Sasaki Refreshing & Soothing Lavender Skin Care Wipes – 25 Count – Deep Cleansing & Calming Facial Wipes for Sensitive Skin – Travel Friendly & Alcohol-Free,FR,68.00,133.28,96.00,73.00,50.00,117.64
e0b4e288-155b-4004-b585-7cd72f1bfefa,Dr. Sasaki Refreshing & Soothing Lavender Skin Care Wipes – 25 Count – Deep Cleansing & Calming Facial Wipes for Sensitive Skin – Travel Friendly & Alcohol-Free,GB,68.00,133.28,96.00,73.00,50.00,117.64
e0b4e288-155b-4004-b585-7cd72f1bfefa,Dr. Sasaki Refreshing & Soothing Lavender Skin Care Wipes – 25 Count – Deep Cleansing & Calming Facial Wipes for Sensitive Skin – Travel Friendly & Alcohol-Free,IE,68.00,136.68,101.00,78.00,55.00,121.04
e0b4e288-155b-4004-b585-7cd72f1bfefa,Dr. Sasaki Refreshing & Soothing Lavender Skin Care Wipes – 25 Count – Deep Cleansing & Calming Facial Wipes for Sensitive Skin – Travel Friendly & Alcohol-Free,KE,68.00,133.28,96.00,73.00,50.00,117.64
e0b4e288-155b-4004-b585-7cd72f1bfefa,Dr. Sasaki Refreshing & Soothing Lavender Skin Care Wipes – 25 Count – Deep Cleansing & Calming Facial Wipes for Sensitive Skin – Travel Friendly & Alcohol-Free,MT,68.00,133.28,96.00,73.00,50.00,117.64
e0b4e288-155b-4004-b585-7cd72f1bfefa,Dr. Sasaki Refreshing & Soothing Lavender Skin Care Wipes – 25 Count – Deep Cleansing & Calming Facial Wipes for Sensitive Skin – Travel Friendly & Alcohol-Free,US,68.00,133.28,96.00,73.00,50.00,117.64
31d797e8-2345-417b-9682-7dfa0bc67235,"Dr. Sasaki Strawberry Refreshing & Soothing Skin Care Wipes – 25 Count – Dermatologically Tested, Alcohol-Free & Paraben-Free – Sweet Berry Fragrance for All Skin Types",AL,68.00,133.28,96.00,73.00,50.00,117.64
31d797e8-2345-417b-9682-7dfa0bc67235,"Dr. Sasaki Strawberry Refreshing & Soothing Skin Care Wipes – 25 Count – Dermatologically Tested, Alcohol-Free & Paraben-Free – Sweet Berry Fragrance for All Skin Types",CH,68.00,133.28,96.00,73.00,50.00,117.64
31d797e8-2345-417b-9682-7dfa0bc67235,"Dr. Sasaki Strawberry Refreshing & Soothing Skin Care Wipes – 25 Count – Dermatologically Tested, Alcohol-Free & Paraben-Free – Sweet Berry Fragrance for All Skin Types",DE,68.00,133.28,96.00,73.00,50.00,117.64
31d797e8-2345-417b-9682-7dfa0bc67235,"Dr. Sasaki Strawberry Refreshing & Soothing Skin Care Wipes – 25 Count – Dermatologically Tested, Alcohol-Free & Paraben-Free – Sweet Berry Fragrance for All Skin Types",FR,68.00,133.28,96.00,73.00,50.00,117.64
31d797e8-2345-417b-9682-7dfa0bc67235,"Dr. Sasaki Strawberry Refreshing & Soothing Skin Care Wipes – 25 Count – Dermatologically Tested, Alcohol-Free & Paraben-Free – Sweet Berry Fragrance for All Skin Types",GB,68.00,133.28,96.00,73.00,50.00,117.64
31d797e8-2345-417b-9682-7dfa0bc67235,"Dr. Sasaki Strawberry Refreshing & Soothing Skin Care Wipes – 25 Count – Dermatologically Tested, Alcohol-Free & Paraben-Free – Sweet Berry Fragrance for All Skin Types",IE,68.00,136.68,101.00,78.00,55.00,121.04
31d797e8-2345-417b-9682-7dfa0bc67235,"Dr. Sasaki Strawberry Refreshing & Soothing Skin Care Wipes – 25 Count – Dermatologically Tested, Alcohol-Free & Paraben-Free – Sweet Berry Fragrance for All Skin Types",KE,68.00,133.28,96.00,73.00,50.00,117.64
31d797e8-2345-417b-9682-7dfa0bc67235,"Dr. Sasaki Strawberry Refreshing & Soothing Skin Care Wipes – 25 Count – Dermatologically Tested, Alcohol-Free & Paraben-Free – Sweet Berry Fragrance for All Skin Types",MT,68.00,133.28,96.00,73.00,50.00,117.64
31d797e8-2345-417b-9682-7dfa0bc67235,"Dr. Sasaki Strawberry Refreshing & Soothing Skin Care Wipes – 25 Count – Dermatologically Tested, Alcohol-Free & Paraben-Free – Sweet Berry Fragrance for All Skin Types",US,68.00,133.28,96.00,73.00,50.00,117.64
e49eedfd-a334-412d-999b-653c138adf28,"Dr. Sasaki Vitamin C Refreshing & Soothing Skin Care Wipes – 25 Count – Brightening & Cleansing Facial Wipes – Dermatologically Tested, Alcohol-Free & Paraben-Free for All Skin Type",AL,68.00,133.28,96.00,73.00,50.00,117.64
e49eedfd-a334-412d-999b-653c138adf28,"Dr. Sasaki Vitamin C Refreshing & Soothing Skin Care Wipes – 25 Count – Brightening & Cleansing Facial Wipes – Dermatologically Tested, Alcohol-Free & Paraben-Free for All Skin Type",CH,68.00,133.28,96.00,73.00,50.00,117.64
e49eedfd-a334-412d-999b-653c138adf28,"Dr. Sasaki Vitamin C Refreshing & Soothing Skin Care Wipes – 25 Count – Brightening & Cleansing Facial Wipes – Dermatologically Tested, Alcohol-Free & Paraben-Free for All Skin Type",DE,68.00,133.28,96.00,73.00,50.00,117.64
e49eedfd-a334-412d-999b-653c138adf28,"Dr. Sasaki Vitamin C Refreshing & Soothing Skin Care Wipes – 25 Count – Brightening & Cleansing Facial Wipes – Dermatologically Tested, Alcohol-Free & Paraben-Free for All Skin Type",FR,68.00,133.28,96.00,73.00,50.00,117.64
e49eedfd-a334-412d-999b-653c138adf28,"Dr. Sasaki Vitamin C Refreshing & Soothing Skin Care Wipes – 25 Count – Brightening & Cleansing Facial Wipes – Dermatologically Tested, Alcohol-Free & Paraben-Free for All Skin Type",GB,68.00,133.28,96.00,73.00,50.00,117.64
e49eedfd-a334-412d-999b-653c138adf28,"Dr. Sasaki Vitamin C Refreshing & Soothing Skin Care Wipes – 25 Count – Brightening & Cleansing Facial Wipes – Dermatologically Tested, Alcohol-Free & Paraben-Free for All Skin Type",IE,68.00,136.68,101.00,78.00,55.00,121.04
e49eedfd-a334-412d-999b-653c138adf28,"Dr. Sasaki Vitamin C Refreshing & Soothing Skin Care Wipes – 25 Count – Brightening & Cleansing Facial Wipes – Dermatologically Tested, Alcohol-Free & Paraben-Free for All Skin Type",KE,68.00,133.28,96.00,73.00,50.00,117.64
e49eedfd-a334-412d-999b-653c138adf28,"Dr. Sasaki Vitamin C Refreshing & Soothing Skin Care Wipes – 25 Count – Brightening & Cleansing Facial Wipes – Dermatologically Tested, Alcohol-Free & Paraben-Free for All Skin Type",MT,68.00,133.28,96.00,73.00,50.00,117.64
e49eedfd-a334-412d-999b-653c138adf28,"Dr. Sasaki Vitamin C Refreshing & Soothing Skin Care Wipes – 25 Count – Brightening & Cleansing Facial Wipes – Dermatologically Tested, Alcohol-Free & Paraben-Free for All Skin Type",US,68.00,133.28,96.00,73.00,50.00,117.64
c956dbda-d9ad-4388-937a-4fd73e6d99c3,Dr. Sheth’s Ceramide & Vitamin C Oil-Free Moisturizer,AL,340.00,666.40,96.00,73.00,50.00,588.20
c956dbda-d9ad-4388-937a-4fd73e6d99c3,Dr. Sheth’s Ceramide & Vitamin C Oil-Free Moisturizer,CH,340.00,666.40,96.00,73.00,50.00,588.20
c956dbda-d9ad-4388-937a-4fd73e6d99c3,Dr. Sheth’s Ceramide & Vitamin C Oil-Free Moisturizer,DE,340.00,666.40,96.00,73.00,50.00,588.20
c956dbda-d9ad-4388-937a-4fd73e6d99c3,Dr. Sheth’s Ceramide & Vitamin C Oil-Free Moisturizer,FR,340.00,666.40,96.00,73.00,50.00,588.20
c956dbda-d9ad-4388-937a-4fd73e6d99c3,Dr. Sheth’s Ceramide & Vitamin C Oil-Free Moisturizer,GB,340.00,666.40,96.00,73.00,50.00,588.20
c956dbda-d9ad-4388-937a-4fd73e6d99c3,Dr. Sheth’s Ceramide & Vitamin C Oil-Free Moisturizer,IE,340.00,683.40,101.00,78.00,55.00,605.20
c956dbda-d9ad-4388-937a-4fd73e6d99c3,Dr. Sheth’s Ceramide & Vitamin C Oil-Free Moisturizer,KE,340.00,666.40,96.00,73.00,50.00,588.20
c956dbda-d9ad-4388-937a-4fd73e6d99c3,Dr. Sheth’s Ceramide & Vitamin C Oil-Free Moisturizer,MT,340.00,666.40,96.00,73.00,50.00,588.20
c956dbda-d9ad-4388-937a-4fd73e6d99c3,Dr. Sheth’s Ceramide & Vitamin C Oil-Free Moisturizer,US,340.00,666.40,96.00,73.00,50.00,588.20
aa7b3761-d91e-4013-a000-7ea5f2da2034,Dr. Sheth's Haldi & Hyaluronic Acid Oil-Free Moisturizer,AL,340.00,666.40,96.00,73.00,50.00,588.20
aa7b3761-d91e-4013-a000-7ea5f2da2034,Dr. Sheth's Haldi & Hyaluronic Acid Oil-Free Moisturizer,CH,340.00,666.40,96.00,73.00,50.00,588.20
aa7b3761-d91e-4013-a000-7ea5f2da2034,Dr. Sheth's Haldi & Hyaluronic Acid Oil-Free Moisturizer,DE,340.00,666.40,96.00,73.00,50.00,588.20
aa7b3761-d91e-4013-a000-7ea5f2da2034,Dr. Sheth's Haldi & Hyaluronic Acid Oil-Free Moisturizer,FR,340.00,666.40,96.00,73.00,50.00,588.20
aa7b3761-d91e-4013-a000-7ea5f2da2034,Dr. Sheth's Haldi & Hyaluronic Acid Oil-Free Moisturizer,GB,340.00,666.40,96.00,73.00,50.00,588.20
aa7b3761-d91e-4013-a000-7ea5f2da2034,Dr. Sheth's Haldi & Hyaluronic Acid Oil-Free Moisturizer,IE,340.00,683.40,101.00,78.00,55.00,605.20
aa7b3761-d91e-4013-a000-7ea5f2da2034,Dr. Sheth's Haldi & Hyaluronic Acid Oil-Free Moisturizer,KE,340.00,666.40,96.00,73.00,50.00,588.20
aa7b3761-d91e-4013-a000-7ea5f2da2034,Dr. Sheth's Haldi & Hyaluronic Acid Oil-Free Moisturizer,MT,340.00,666.40,96.00,73.00,50.00,588.20
aa7b3761-d91e-4013-a000-7ea5f2da2034,Dr. Sheth's Haldi & Hyaluronic Acid Oil-Free Moisturizer,US,340.00,666.40,96.00,73.00,50.00,588.20
929f7f1c-7b6f-4a23-b758-6b56f4149002,Dr. Sheth's Kesar & Kojic Acid Oil-Free Moisturizer,AL,340.00,666.40,96.00,73.00,50.00,588.20
929f7f1c-7b6f-4a23-b758-6b56f4149002,Dr. Sheth's Kesar & Kojic Acid Oil-Free Moisturizer,CH,340.00,666.40,96.00,73.00,50.00,588.20
929f7f1c-7b6f-4a23-b758-6b56f4149002,Dr. Sheth's Kesar & Kojic Acid Oil-Free Moisturizer,DE,340.00,666.40,96.00,73.00,50.00,588.20
929f7f1c-7b6f-4a23-b758-6b56f4149002,Dr. Sheth's Kesar & Kojic Acid Oil-Free Moisturizer,FR,340.00,666.40,96.00,73.00,50.00,588.20
929f7f1c-7b6f-4a23-b758-6b56f4149002,Dr. Sheth's Kesar & Kojic Acid Oil-Free Moisturizer,GB,340.00,666.40,96.00,73.00,50.00,588.20
929f7f1c-7b6f-4a23-b758-6b56f4149002,Dr. Sheth's Kesar & Kojic Acid Oil-Free Moisturizer,IE,340.00,683.40,101.00,78.00,55.00,605.20
929f7f1c-7b6f-4a23-b758-6b56f4149002,Dr. Sheth's Kesar & Kojic Acid Oil-Free Moisturizer,KE,340.00,666.40,96.00,73.00,50.00,588.20
929f7f1c-7b6f-4a23-b758-6b56f4149002,Dr. Sheth's Kesar & Kojic Acid Oil-Free Moisturizer,MT,340.00,666.40,96.00,73.00,50.00,588.20
929f7f1c-7b6f-4a23-b758-6b56f4149002,Dr. Sheth's Kesar & Kojic Acid Oil-Free Moisturizer,US,340.00,666.40,96.00,73.00,50.00,588.20
1c284ed1-e082-42af-8138-29b29f13431c,DR.RASHEL Charcoal Face Scrub 45 ml,AL,45.00,88.20,96.00,73.00,50.00,77.85
1c284ed1-e082-42af-8138-29b29f13431c,DR.RASHEL Charcoal Face Scrub 45 ml,CH,45.00,88.20,96.00,73.00,50.00,77.85
1c284ed1-e082-42af-8138-29b29f13431c,DR.RASHEL Charcoal Face Scrub 45 ml,DE,45.00,88.20,96.00,73.00,50.00,77.85
1c284ed1-e082-42af-8138-29b29f13431c,DR.RASHEL Charcoal Face Scrub 45 ml,FR,45.00,88.20,96.00,73.00,50.00,77.85
1c284ed1-e082-42af-8138-29b29f13431c,DR.RASHEL Charcoal Face Scrub 45 ml,GB,45.00,88.20,96.00,73.00,50.00,77.85
1c284ed1-e082-42af-8138-29b29f13431c,DR.RASHEL Charcoal Face Scrub 45 ml,IE,45.00,90.45,101.00,78.00,55.00,80.10
1c284ed1-e082-42af-8138-29b29f13431c,DR.RASHEL Charcoal Face Scrub 45 ml,KE,45.00,88.20,96.00,73.00,50.00,77.85
1c284ed1-e082-42af-8138-29b29f13431c,DR.RASHEL Charcoal Face Scrub 45 ml,MT,45.00,88.20,96.00,73.00,50.00,77.85
1c284ed1-e082-42af-8138-29b29f13431c,DR.RASHEL Charcoal Face Scrub 45 ml,US,45.00,88.20,96.00,73.00,50.00,77.85
3dc943dc-e2f9-421a-9fa5-c4b3cf5a988d,Elegant Crystal Hoop Drop Earrings for Women | Sparkling Double Circle Dangle Earrings,AL,283.00,554.68,96.00,73.00,50.00,489.59
3dc943dc-e2f9-421a-9fa5-c4b3cf5a988d,Elegant Crystal Hoop Drop Earrings for Women | Sparkling Double Circle Dangle Earrings,CH,283.00,554.68,96.00,73.00,50.00,489.59
3dc943dc-e2f9-421a-9fa5-c4b3cf5a988d,Elegant Crystal Hoop Drop Earrings for Women | Sparkling Double Circle Dangle Earrings,DE,283.00,554.68,96.00,73.00,50.00,489.59
3dc943dc-e2f9-421a-9fa5-c4b3cf5a988d,Elegant Crystal Hoop Drop Earrings for Women | Sparkling Double Circle Dangle Earrings,FR,283.00,554.68,96.00,73.00,50.00,489.59
3dc943dc-e2f9-421a-9fa5-c4b3cf5a988d,Elegant Crystal Hoop Drop Earrings for Women | Sparkling Double Circle Dangle Earrings,GB,283.00,554.68,96.00,73.00,50.00,489.59
3dc943dc-e2f9-421a-9fa5-c4b3cf5a988d,Elegant Crystal Hoop Drop Earrings for Women | Sparkling Double Circle Dangle Earrings,IE,283.00,568.83,101.00,78.00,55.00,503.74
3dc943dc-e2f9-421a-9fa5-c4b3cf5a988d,Elegant Crystal Hoop Drop Earrings for Women | Sparkling Double Circle Dangle Earrings,KE,283.00,554.68,96.00,73.00,50.00,489.59
3dc943dc-e2f9-421a-9fa5-c4b3cf5a988d,Elegant Crystal Hoop Drop Earrings for Women | Sparkling Double Circle Dangle Earrings,MT,283.00,554.68,96.00,73.00,50.00,489.59
3dc943dc-e2f9-421a-9fa5-c4b3cf5a988d,Elegant Crystal Hoop Drop Earrings for Women | Sparkling Double Circle Dangle Earrings,US,283.00,554.68,96.00,73.00,50.00,489.59
00d81d3e-abc3-477b-9f6e-88c66470248d,Elegant Geometric Drop Earrings for Women | Crystal Studded Circular Dangle Earrings,AL,278.00,544.88,96.00,73.00,50.00,480.94
00d81d3e-abc3-477b-9f6e-88c66470248d,Elegant Geometric Drop Earrings for Women | Crystal Studded Circular Dangle Earrings,CH,278.00,544.88,96.00,73.00,50.00,480.94
00d81d3e-abc3-477b-9f6e-88c66470248d,Elegant Geometric Drop Earrings for Women | Crystal Studded Circular Dangle Earrings,DE,278.00,544.88,96.00,73.00,50.00,480.94
00d81d3e-abc3-477b-9f6e-88c66470248d,Elegant Geometric Drop Earrings for Women | Crystal Studded Circular Dangle Earrings,FR,278.00,544.88,96.00,73.00,50.00,480.94
00d81d3e-abc3-477b-9f6e-88c66470248d,Elegant Geometric Drop Earrings for Women | Crystal Studded Circular Dangle Earrings,GB,278.00,544.88,96.00,73.00,50.00,480.94
00d81d3e-abc3-477b-9f6e-88c66470248d,Elegant Geometric Drop Earrings for Women | Crystal Studded Circular Dangle Earrings,IE,278.00,558.78,101.00,78.00,55.00,494.84
00d81d3e-abc3-477b-9f6e-88c66470248d,Elegant Geometric Drop Earrings for Women | Crystal Studded Circular Dangle Earrings,KE,278.00,544.88,96.00,73.00,50.00,480.94
00d81d3e-abc3-477b-9f6e-88c66470248d,Elegant Geometric Drop Earrings for Women | Crystal Studded Circular Dangle Earrings,MT,278.00,544.88,96.00,73.00,50.00,480.94
00d81d3e-abc3-477b-9f6e-88c66470248d,Elegant Geometric Drop Earrings for Women | Crystal Studded Circular Dangle Earrings,US,278.00,544.88,96.00,73.00,50.00,480.94
3fc083af-d99e-4e7d-8def-49e42a9f1429,Elegant Gold-Plated Green Floral Necklace – Minimal Crystal Design for Daily & Party Wear Women,AL,499.00,978.04,96.00,73.00,50.00,863.27
3fc083af-d99e-4e7d-8def-49e42a9f1429,Elegant Gold-Plated Green Floral Necklace – Minimal Crystal Design for Daily & Party Wear Women,CH,499.00,978.04,96.00,73.00,50.00,863.27
3fc083af-d99e-4e7d-8def-49e42a9f1429,Elegant Gold-Plated Green Floral Necklace – Minimal Crystal Design for Daily & Party Wear Women,DE,499.00,978.04,96.00,73.00,50.00,863.27
3fc083af-d99e-4e7d-8def-49e42a9f1429,Elegant Gold-Plated Green Floral Necklace – Minimal Crystal Design for Daily & Party Wear Women,FR,499.00,978.04,96.00,73.00,50.00,863.27
3fc083af-d99e-4e7d-8def-49e42a9f1429,Elegant Gold-Plated Green Floral Necklace – Minimal Crystal Design for Daily & Party Wear Women,GB,499.00,978.04,96.00,73.00,50.00,863.27
3fc083af-d99e-4e7d-8def-49e42a9f1429,Elegant Gold-Plated Green Floral Necklace – Minimal Crystal Design for Daily & Party Wear Women,IE,499.00,1002.99,101.00,78.00,55.00,888.22
3fc083af-d99e-4e7d-8def-49e42a9f1429,Elegant Gold-Plated Green Floral Necklace – Minimal Crystal Design for Daily & Party Wear Women,KE,499.00,978.04,96.00,73.00,50.00,863.27
3fc083af-d99e-4e7d-8def-49e42a9f1429,Elegant Gold-Plated Green Floral Necklace – Minimal Crystal Design for Daily & Party Wear Women,MT,499.00,978.04,96.00,73.00,50.00,863.27
3fc083af-d99e-4e7d-8def-49e42a9f1429,Elegant Gold-Plated Green Floral Necklace – Minimal Crystal Design for Daily & Party Wear Women,US,499.00,978.04,96.00,73.00,50.00,863.27
454bf494-fc26-4047-aee3-efadb44c1659,Elegant Gold-Plated Red Crystal Stud Earrings with Floral Design – Party & Occasion Wear Jewelry for Women,AL,314.00,615.44,96.00,73.00,50.00,543.22
454bf494-fc26-4047-aee3-efadb44c1659,Elegant Gold-Plated Red Crystal Stud Earrings with Floral Design – Party & Occasion Wear Jewelry for Women,CH,314.00,615.44,96.00,73.00,50.00,543.22
454bf494-fc26-4047-aee3-efadb44c1659,Elegant Gold-Plated Red Crystal Stud Earrings with Floral Design – Party & Occasion Wear Jewelry for Women,DE,314.00,615.44,96.00,73.00,50.00,543.22
454bf494-fc26-4047-aee3-efadb44c1659,Elegant Gold-Plated Red Crystal Stud Earrings with Floral Design – Party & Occasion Wear Jewelry for Women,FR,314.00,615.44,96.00,73.00,50.00,543.22
454bf494-fc26-4047-aee3-efadb44c1659,Elegant Gold-Plated Red Crystal Stud Earrings with Floral Design – Party & Occasion Wear Jewelry for Women,GB,314.00,615.44,96.00,73.00,50.00,543.22
454bf494-fc26-4047-aee3-efadb44c1659,Elegant Gold-Plated Red Crystal Stud Earrings with Floral Design – Party & Occasion Wear Jewelry for Women,IE,314.00,631.14,101.00,78.00,55.00,558.92
454bf494-fc26-4047-aee3-efadb44c1659,Elegant Gold-Plated Red Crystal Stud Earrings with Floral Design – Party & Occasion Wear Jewelry for Women,KE,314.00,615.44,96.00,73.00,50.00,543.22
454bf494-fc26-4047-aee3-efadb44c1659,Elegant Gold-Plated Red Crystal Stud Earrings with Floral Design – Party & Occasion Wear Jewelry for Women,MT,314.00,615.44,96.00,73.00,50.00,543.22
454bf494-fc26-4047-aee3-efadb44c1659,Elegant Gold-Plated Red Crystal Stud Earrings with Floral Design – Party & Occasion Wear Jewelry for Women,US,314.00,615.44,96.00,73.00,50.00,543.22
f7d00cf8-9e4d-43a8-9f71-65fac77305b5,Elegant Red Crystal Drop Earrings for Women,AL,328.00,642.88,96.00,73.00,50.00,567.44
f7d00cf8-9e4d-43a8-9f71-65fac77305b5,Elegant Red Crystal Drop Earrings for Women,CH,328.00,642.88,96.00,73.00,50.00,567.44
f7d00cf8-9e4d-43a8-9f71-65fac77305b5,Elegant Red Crystal Drop Earrings for Women,DE,328.00,642.88,96.00,73.00,50.00,567.44
f7d00cf8-9e4d-43a8-9f71-65fac77305b5,Elegant Red Crystal Drop Earrings for Women,FR,328.00,642.88,96.00,73.00,50.00,567.44
f7d00cf8-9e4d-43a8-9f71-65fac77305b5,Elegant Red Crystal Drop Earrings for Women,GB,328.00,642.88,96.00,73.00,50.00,567.44
f7d00cf8-9e4d-43a8-9f71-65fac77305b5,Elegant Red Crystal Drop Earrings for Women,IE,328.00,659.28,101.00,78.00,55.00,583.84
f7d00cf8-9e4d-43a8-9f71-65fac77305b5,Elegant Red Crystal Drop Earrings for Women,KE,328.00,642.88,96.00,73.00,50.00,567.44
f7d00cf8-9e4d-43a8-9f71-65fac77305b5,Elegant Red Crystal Drop Earrings for Women,MT,328.00,642.88,96.00,73.00,50.00,567.44
f7d00cf8-9e4d-43a8-9f71-65fac77305b5,Elegant Red Crystal Drop Earrings for Women,US,328.00,642.88,96.00,73.00,50.00,567.44
f541271d-b1e8-4a95-89d9-71331287cb0e,Elegant Silver Heart Shaped Drop Earrings for Women| Crystal Studded Dangle Earrings,AL,243.00,476.28,96.00,73.00,50.00,420.39
f541271d-b1e8-4a95-89d9-71331287cb0e,Elegant Silver Heart Shaped Drop Earrings for Women| Crystal Studded Dangle Earrings,CH,243.00,476.28,96.00,73.00,50.00,420.39
f541271d-b1e8-4a95-89d9-71331287cb0e,Elegant Silver Heart Shaped Drop Earrings for Women| Crystal Studded Dangle Earrings,DE,243.00,476.28,96.00,73.00,50.00,420.39
f541271d-b1e8-4a95-89d9-71331287cb0e,Elegant Silver Heart Shaped Drop Earrings for Women| Crystal Studded Dangle Earrings,FR,243.00,476.28,96.00,73.00,50.00,420.39
f541271d-b1e8-4a95-89d9-71331287cb0e,Elegant Silver Heart Shaped Drop Earrings for Women| Crystal Studded Dangle Earrings,GB,243.00,476.28,96.00,73.00,50.00,420.39
f541271d-b1e8-4a95-89d9-71331287cb0e,Elegant Silver Heart Shaped Drop Earrings for Women| Crystal Studded Dangle Earrings,IE,243.00,488.43,101.00,78.00,55.00,432.54
f541271d-b1e8-4a95-89d9-71331287cb0e,Elegant Silver Heart Shaped Drop Earrings for Women| Crystal Studded Dangle Earrings,KE,243.00,476.28,96.00,73.00,50.00,420.39
f541271d-b1e8-4a95-89d9-71331287cb0e,Elegant Silver Heart Shaped Drop Earrings for Women| Crystal Studded Dangle Earrings,MT,243.00,476.28,96.00,73.00,50.00,420.39
f541271d-b1e8-4a95-89d9-71331287cb0e,Elegant Silver Heart Shaped Drop Earrings for Women| Crystal Studded Dangle Earrings,US,243.00,476.28,96.00,73.00,50.00,420.39
93f7b9f0-050a-4490-b14e-d095514420cf,Emami Smart and Handsome Brightening Cream for Men,AL,89.00,174.44,96.00,73.00,50.00,153.97
93f7b9f0-050a-4490-b14e-d095514420cf,Emami Smart and Handsome Brightening Cream for Men,CH,89.00,174.44,96.00,73.00,50.00,153.97
93f7b9f0-050a-4490-b14e-d095514420cf,Emami Smart and Handsome Brightening Cream for Men,DE,89.00,174.44,96.00,73.00,50.00,153.97
93f7b9f0-050a-4490-b14e-d095514420cf,Emami Smart and Handsome Brightening Cream for Men,FR,89.00,174.44,96.00,73.00,50.00,153.97
93f7b9f0-050a-4490-b14e-d095514420cf,Emami Smart and Handsome Brightening Cream for Men,GB,89.00,174.44,96.00,73.00,50.00,153.97
93f7b9f0-050a-4490-b14e-d095514420cf,Emami Smart and Handsome Brightening Cream for Men,IE,89.00,178.89,101.00,78.00,55.00,158.42
93f7b9f0-050a-4490-b14e-d095514420cf,Emami Smart and Handsome Brightening Cream for Men,KE,89.00,174.44,96.00,73.00,50.00,153.97
93f7b9f0-050a-4490-b14e-d095514420cf,Emami Smart and Handsome Brightening Cream for Men,MT,89.00,174.44,96.00,73.00,50.00,153.97
93f7b9f0-050a-4490-b14e-d095514420cf,Emami Smart and Handsome Brightening Cream for Men,US,89.00,174.44,96.00,73.00,50.00,153.97
13afff85-2f2c-432e-b142-0568b6c9cdd2,"Enchanteur Charming Satin Smooth Perfumed Body Lotion 250ml | With Vitamin A, C, E & Niacinamide | Soft Glowing Skin | Long Lasting Fragrance | Non-Sticky Moisturizer",AL,339.00,664.44,96.00,73.00,50.00,586.47
13afff85-2f2c-432e-b142-0568b6c9cdd2,"Enchanteur Charming Satin Smooth Perfumed Body Lotion 250ml | With Vitamin A, C, E & Niacinamide | Soft Glowing Skin | Long Lasting Fragrance | Non-Sticky Moisturizer",CH,339.00,664.44,96.00,73.00,50.00,586.47
13afff85-2f2c-432e-b142-0568b6c9cdd2,"Enchanteur Charming Satin Smooth Perfumed Body Lotion 250ml | With Vitamin A, C, E & Niacinamide | Soft Glowing Skin | Long Lasting Fragrance | Non-Sticky Moisturizer",DE,339.00,664.44,96.00,73.00,50.00,586.47
13afff85-2f2c-432e-b142-0568b6c9cdd2,"Enchanteur Charming Satin Smooth Perfumed Body Lotion 250ml | With Vitamin A, C, E & Niacinamide | Soft Glowing Skin | Long Lasting Fragrance | Non-Sticky Moisturizer",FR,339.00,664.44,96.00,73.00,50.00,586.47
13afff85-2f2c-432e-b142-0568b6c9cdd2,"Enchanteur Charming Satin Smooth Perfumed Body Lotion 250ml | With Vitamin A, C, E & Niacinamide | Soft Glowing Skin | Long Lasting Fragrance | Non-Sticky Moisturizer",GB,339.00,664.44,96.00,73.00,50.00,586.47
13afff85-2f2c-432e-b142-0568b6c9cdd2,"Enchanteur Charming Satin Smooth Perfumed Body Lotion 250ml | With Vitamin A, C, E & Niacinamide | Soft Glowing Skin | Long Lasting Fragrance | Non-Sticky Moisturizer",IE,339.00,681.39,101.00,78.00,55.00,603.42
13afff85-2f2c-432e-b142-0568b6c9cdd2,"Enchanteur Charming Satin Smooth Perfumed Body Lotion 250ml | With Vitamin A, C, E & Niacinamide | Soft Glowing Skin | Long Lasting Fragrance | Non-Sticky Moisturizer",KE,339.00,664.44,96.00,73.00,50.00,586.47
13afff85-2f2c-432e-b142-0568b6c9cdd2,"Enchanteur Charming Satin Smooth Perfumed Body Lotion 250ml | With Vitamin A, C, E & Niacinamide | Soft Glowing Skin | Long Lasting Fragrance | Non-Sticky Moisturizer",MT,339.00,664.44,96.00,73.00,50.00,586.47
13afff85-2f2c-432e-b142-0568b6c9cdd2,"Enchanteur Charming Satin Smooth Perfumed Body Lotion 250ml | With Vitamin A, C, E & Niacinamide | Soft Glowing Skin | Long Lasting Fragrance | Non-Sticky Moisturizer",US,339.00,664.44,96.00,73.00,50.00,586.47
c8ccd869-74b6-4f15-a1be-1c13b9044d25,"Everyuth Naturals Natural Glow Orange Peel-Off Mask | Removes Tan, Blackheads & Impurities | Brightening Facial Peel | For All Skin Types",AL,94.00,184.24,96.00,73.00,50.00,162.62
c8ccd869-74b6-4f15-a1be-1c13b9044d25,"Everyuth Naturals Natural Glow Orange Peel-Off Mask | Removes Tan, Blackheads & Impurities | Brightening Facial Peel | For All Skin Types",CH,94.00,184.24,96.00,73.00,50.00,162.62
c8ccd869-74b6-4f15-a1be-1c13b9044d25,"Everyuth Naturals Natural Glow Orange Peel-Off Mask | Removes Tan, Blackheads & Impurities | Brightening Facial Peel | For All Skin Types",DE,94.00,184.24,96.00,73.00,50.00,162.62
c8ccd869-74b6-4f15-a1be-1c13b9044d25,"Everyuth Naturals Natural Glow Orange Peel-Off Mask | Removes Tan, Blackheads & Impurities | Brightening Facial Peel | For All Skin Types",FR,94.00,184.24,96.00,73.00,50.00,162.62
c8ccd869-74b6-4f15-a1be-1c13b9044d25,"Everyuth Naturals Natural Glow Orange Peel-Off Mask | Removes Tan, Blackheads & Impurities | Brightening Facial Peel | For All Skin Types",GB,94.00,184.24,96.00,73.00,50.00,162.62
c8ccd869-74b6-4f15-a1be-1c13b9044d25,"Everyuth Naturals Natural Glow Orange Peel-Off Mask | Removes Tan, Blackheads & Impurities | Brightening Facial Peel | For All Skin Types",IE,94.00,188.94,101.00,78.00,55.00,167.32
c8ccd869-74b6-4f15-a1be-1c13b9044d25,"Everyuth Naturals Natural Glow Orange Peel-Off Mask | Removes Tan, Blackheads & Impurities | Brightening Facial Peel | For All Skin Types",KE,94.00,184.24,96.00,73.00,50.00,162.62
c8ccd869-74b6-4f15-a1be-1c13b9044d25,"Everyuth Naturals Natural Glow Orange Peel-Off Mask | Removes Tan, Blackheads & Impurities | Brightening Facial Peel | For All Skin Types",MT,94.00,184.24,96.00,73.00,50.00,162.62
c8ccd869-74b6-4f15-a1be-1c13b9044d25,"Everyuth Naturals Natural Glow Orange Peel-Off Mask | Removes Tan, Blackheads & Impurities | Brightening Facial Peel | For All Skin Types",US,94.00,184.24,96.00,73.00,50.00,162.62
3af804bc-d961-4a65-ad85-21f40751ef4d,Expert EyebrowPencil,AL,100.00,196.00,96.00,73.00,50.00,173.00
3af804bc-d961-4a65-ad85-21f40751ef4d,Expert EyebrowPencil,CH,100.00,196.00,96.00,73.00,50.00,173.00
3af804bc-d961-4a65-ad85-21f40751ef4d,Expert EyebrowPencil,DE,100.00,196.00,96.00,73.00,50.00,173.00
3af804bc-d961-4a65-ad85-21f40751ef4d,Expert EyebrowPencil,FR,100.00,196.00,96.00,73.00,50.00,173.00
3af804bc-d961-4a65-ad85-21f40751ef4d,Expert EyebrowPencil,GB,100.00,196.00,96.00,73.00,50.00,173.00
3af804bc-d961-4a65-ad85-21f40751ef4d,Expert EyebrowPencil,IE,100.00,201.00,101.00,78.00,55.00,178.00
3af804bc-d961-4a65-ad85-21f40751ef4d,Expert EyebrowPencil,KE,100.00,196.00,96.00,73.00,50.00,173.00
3af804bc-d961-4a65-ad85-21f40751ef4d,Expert EyebrowPencil,MT,100.00,196.00,96.00,73.00,50.00,173.00
3af804bc-d961-4a65-ad85-21f40751ef4d,Expert EyebrowPencil,US,100.00,196.00,96.00,73.00,50.00,173.00
403c0c61-9b35-431a-8326-3726be882b18,Eye Drama Eyeliner,AL,100.00,196.00,96.00,73.00,50.00,173.00
403c0c61-9b35-431a-8326-3726be882b18,Eye Drama Eyeliner,CH,100.00,196.00,96.00,73.00,50.00,173.00
403c0c61-9b35-431a-8326-3726be882b18,Eye Drama Eyeliner,DE,100.00,196.00,96.00,73.00,50.00,173.00
403c0c61-9b35-431a-8326-3726be882b18,Eye Drama Eyeliner,FR,100.00,196.00,96.00,73.00,50.00,173.00
403c0c61-9b35-431a-8326-3726be882b18,Eye Drama Eyeliner,GB,100.00,196.00,96.00,73.00,50.00,173.00
403c0c61-9b35-431a-8326-3726be882b18,Eye Drama Eyeliner,IE,100.00,201.00,101.00,78.00,55.00,178.00
403c0c61-9b35-431a-8326-3726be882b18,Eye Drama Eyeliner,KE,100.00,196.00,96.00,73.00,50.00,173.00
403c0c61-9b35-431a-8326-3726be882b18,Eye Drama Eyeliner,MT,100.00,196.00,96.00,73.00,50.00,173.00
403c0c61-9b35-431a-8326-3726be882b18,Eye Drama Eyeliner,US,100.00,196.00,96.00,73.00,50.00,173.00
2af2f3cb-73dc-4caa-94a1-9df148b968fb,"Faber-Castell Stamp Pad | Premium Velvet Ink Pad for Clear, Consistent Impressions | Purple Colour | Long-Lasting Office & Craft Stamp Pad | 8.8cm x 5.4cm",AL,35.00,68.60,96.00,73.00,50.00,60.55
2af2f3cb-73dc-4caa-94a1-9df148b968fb,"Faber-Castell Stamp Pad | Premium Velvet Ink Pad for Clear, Consistent Impressions | Purple Colour | Long-Lasting Office & Craft Stamp Pad | 8.8cm x 5.4cm",CH,35.00,68.60,96.00,73.00,50.00,60.55
2af2f3cb-73dc-4caa-94a1-9df148b968fb,"Faber-Castell Stamp Pad | Premium Velvet Ink Pad for Clear, Consistent Impressions | Purple Colour | Long-Lasting Office & Craft Stamp Pad | 8.8cm x 5.4cm",DE,35.00,68.60,96.00,73.00,50.00,60.55
2af2f3cb-73dc-4caa-94a1-9df148b968fb,"Faber-Castell Stamp Pad | Premium Velvet Ink Pad for Clear, Consistent Impressions | Purple Colour | Long-Lasting Office & Craft Stamp Pad | 8.8cm x 5.4cm",FR,35.00,68.60,96.00,73.00,50.00,60.55
2af2f3cb-73dc-4caa-94a1-9df148b968fb,"Faber-Castell Stamp Pad | Premium Velvet Ink Pad for Clear, Consistent Impressions | Purple Colour | Long-Lasting Office & Craft Stamp Pad | 8.8cm x 5.4cm",GB,35.00,68.60,96.00,73.00,50.00,60.55
2af2f3cb-73dc-4caa-94a1-9df148b968fb,"Faber-Castell Stamp Pad | Premium Velvet Ink Pad for Clear, Consistent Impressions | Purple Colour | Long-Lasting Office & Craft Stamp Pad | 8.8cm x 5.4cm",IE,35.00,70.35,101.00,78.00,55.00,62.30
2af2f3cb-73dc-4caa-94a1-9df148b968fb,"Faber-Castell Stamp Pad | Premium Velvet Ink Pad for Clear, Consistent Impressions | Purple Colour | Long-Lasting Office & Craft Stamp Pad | 8.8cm x 5.4cm",KE,35.00,68.60,96.00,73.00,50.00,60.55
2af2f3cb-73dc-4caa-94a1-9df148b968fb,"Faber-Castell Stamp Pad | Premium Velvet Ink Pad for Clear, Consistent Impressions | Purple Colour | Long-Lasting Office & Craft Stamp Pad | 8.8cm x 5.4cm",MT,35.00,68.60,96.00,73.00,50.00,60.55
2af2f3cb-73dc-4caa-94a1-9df148b968fb,"Faber-Castell Stamp Pad | Premium Velvet Ink Pad for Clear, Consistent Impressions | Purple Colour | Long-Lasting Office & Craft Stamp Pad | 8.8cm x 5.4cm",US,35.00,68.60,96.00,73.00,50.00,60.55
335d695e-e39c-402a-9480-ea73ff788047,"Faber-Castell Stamp Pad Ink Violet 60ml, Quick-Drying Refill Ink for Stamp Pads, Office & School Use, Smooth Flow Ink for Clear Impressions",AL,30.00,58.80,96.00,73.00,50.00,51.90
335d695e-e39c-402a-9480-ea73ff788047,"Faber-Castell Stamp Pad Ink Violet 60ml, Quick-Drying Refill Ink for Stamp Pads, Office & School Use, Smooth Flow Ink for Clear Impressions",CH,30.00,58.80,96.00,73.00,50.00,51.90
335d695e-e39c-402a-9480-ea73ff788047,"Faber-Castell Stamp Pad Ink Violet 60ml, Quick-Drying Refill Ink for Stamp Pads, Office & School Use, Smooth Flow Ink for Clear Impressions",DE,30.00,58.80,96.00,73.00,50.00,51.90
335d695e-e39c-402a-9480-ea73ff788047,"Faber-Castell Stamp Pad Ink Violet 60ml, Quick-Drying Refill Ink for Stamp Pads, Office & School Use, Smooth Flow Ink for Clear Impressions",FR,30.00,58.80,96.00,73.00,50.00,51.90
335d695e-e39c-402a-9480-ea73ff788047,"Faber-Castell Stamp Pad Ink Violet 60ml, Quick-Drying Refill Ink for Stamp Pads, Office & School Use, Smooth Flow Ink for Clear Impressions",GB,30.00,58.80,96.00,73.00,50.00,51.90
335d695e-e39c-402a-9480-ea73ff788047,"Faber-Castell Stamp Pad Ink Violet 60ml, Quick-Drying Refill Ink for Stamp Pads, Office & School Use, Smooth Flow Ink for Clear Impressions",IE,30.00,60.30,101.00,78.00,55.00,53.40
335d695e-e39c-402a-9480-ea73ff788047,"Faber-Castell Stamp Pad Ink Violet 60ml, Quick-Drying Refill Ink for Stamp Pads, Office & School Use, Smooth Flow Ink for Clear Impressions",KE,30.00,58.80,96.00,73.00,50.00,51.90
335d695e-e39c-402a-9480-ea73ff788047,"Faber-Castell Stamp Pad Ink Violet 60ml, Quick-Drying Refill Ink for Stamp Pads, Office & School Use, Smooth Flow Ink for Clear Impressions",MT,30.00,58.80,96.00,73.00,50.00,51.90
335d695e-e39c-402a-9480-ea73ff788047,"Faber-Castell Stamp Pad Ink Violet 60ml, Quick-Drying Refill Ink for Stamp Pads, Office & School Use, Smooth Flow Ink for Clear Impressions",US,30.00,58.80,96.00,73.00,50.00,51.90
2b437323-2d85-43f5-a9f4-4762e4670ef5,"Faces Canada Strobe Cream Silver – Illuminating Highlighter Cream with Shea Butter & Hyaluronic Acid – Hydrating Glow Cream for Radiant, Dewy Skin – 18 ml",AL,299.00,586.04,96.00,73.00,50.00,517.27
2b437323-2d85-43f5-a9f4-4762e4670ef5,"Faces Canada Strobe Cream Silver – Illuminating Highlighter Cream with Shea Butter & Hyaluronic Acid – Hydrating Glow Cream for Radiant, Dewy Skin – 18 ml",CH,299.00,586.04,96.00,73.00,50.00,517.27
2b437323-2d85-43f5-a9f4-4762e4670ef5,"Faces Canada Strobe Cream Silver – Illuminating Highlighter Cream with Shea Butter & Hyaluronic Acid – Hydrating Glow Cream for Radiant, Dewy Skin – 18 ml",DE,299.00,586.04,96.00,73.00,50.00,517.27
2b437323-2d85-43f5-a9f4-4762e4670ef5,"Faces Canada Strobe Cream Silver – Illuminating Highlighter Cream with Shea Butter & Hyaluronic Acid – Hydrating Glow Cream for Radiant, Dewy Skin – 18 ml",FR,299.00,586.04,96.00,73.00,50.00,517.27
2b437323-2d85-43f5-a9f4-4762e4670ef5,"Faces Canada Strobe Cream Silver – Illuminating Highlighter Cream with Shea Butter & Hyaluronic Acid – Hydrating Glow Cream for Radiant, Dewy Skin – 18 ml",GB,299.00,586.04,96.00,73.00,50.00,517.27
2b437323-2d85-43f5-a9f4-4762e4670ef5,"Faces Canada Strobe Cream Silver – Illuminating Highlighter Cream with Shea Butter & Hyaluronic Acid – Hydrating Glow Cream for Radiant, Dewy Skin – 18 ml",IE,299.00,600.99,101.00,78.00,55.00,532.22
2b437323-2d85-43f5-a9f4-4762e4670ef5,"Faces Canada Strobe Cream Silver – Illuminating Highlighter Cream with Shea Butter & Hyaluronic Acid – Hydrating Glow Cream for Radiant, Dewy Skin – 18 ml",KE,299.00,586.04,96.00,73.00,50.00,517.27
2b437323-2d85-43f5-a9f4-4762e4670ef5,"Faces Canada Strobe Cream Silver – Illuminating Highlighter Cream with Shea Butter & Hyaluronic Acid – Hydrating Glow Cream for Radiant, Dewy Skin – 18 ml",MT,299.00,586.04,96.00,73.00,50.00,517.27
2b437323-2d85-43f5-a9f4-4762e4670ef5,"Faces Canada Strobe Cream Silver – Illuminating Highlighter Cream with Shea Butter & Hyaluronic Acid – Hydrating Glow Cream for Radiant, Dewy Skin – 18 ml",US,299.00,586.04,96.00,73.00,50.00,517.27
5f9063b2-8956-4175-b9ce-c82f31a216d9,FEATHER SOFT TOUCH,AL,50.00,98.00,96.00,73.00,50.00,86.50
5f9063b2-8956-4175-b9ce-c82f31a216d9,FEATHER SOFT TOUCH,CH,50.00,98.00,96.00,73.00,50.00,86.50
5f9063b2-8956-4175-b9ce-c82f31a216d9,FEATHER SOFT TOUCH,DE,50.00,98.00,96.00,73.00,50.00,86.50
5f9063b2-8956-4175-b9ce-c82f31a216d9,FEATHER SOFT TOUCH,FR,50.00,98.00,96.00,73.00,50.00,86.50
5f9063b2-8956-4175-b9ce-c82f31a216d9,FEATHER SOFT TOUCH,GB,50.00,98.00,96.00,73.00,50.00,86.50
5f9063b2-8956-4175-b9ce-c82f31a216d9,FEATHER SOFT TOUCH,IE,50.00,100.50,101.00,78.00,55.00,89.00
5f9063b2-8956-4175-b9ce-c82f31a216d9,FEATHER SOFT TOUCH,KE,50.00,98.00,96.00,73.00,50.00,86.50
5f9063b2-8956-4175-b9ce-c82f31a216d9,FEATHER SOFT TOUCH,MT,50.00,98.00,96.00,73.00,50.00,86.50
5f9063b2-8956-4175-b9ce-c82f31a216d9,FEATHER SOFT TOUCH,US,50.00,98.00,96.00,73.00,50.00,86.50
2312578b-fb92-43bc-9e19-cb0e6fdbf16b,"Fevicol MR Liquid Adhesive Glue Bottle with Precision Nozzle – Strong Multipurpose Craft Glue for Paper, Cardboard & School Projects – Easy Apply, Non-Toxic",AL,60.00,117.60,96.00,73.00,50.00,103.80
2312578b-fb92-43bc-9e19-cb0e6fdbf16b,"Fevicol MR Liquid Adhesive Glue Bottle with Precision Nozzle – Strong Multipurpose Craft Glue for Paper, Cardboard & School Projects – Easy Apply, Non-Toxic",CH,60.00,117.60,96.00,73.00,50.00,103.80
2312578b-fb92-43bc-9e19-cb0e6fdbf16b,"Fevicol MR Liquid Adhesive Glue Bottle with Precision Nozzle – Strong Multipurpose Craft Glue for Paper, Cardboard & School Projects – Easy Apply, Non-Toxic",DE,60.00,117.60,96.00,73.00,50.00,103.80
2312578b-fb92-43bc-9e19-cb0e6fdbf16b,"Fevicol MR Liquid Adhesive Glue Bottle with Precision Nozzle – Strong Multipurpose Craft Glue for Paper, Cardboard & School Projects – Easy Apply, Non-Toxic",FR,60.00,117.60,96.00,73.00,50.00,103.80
2312578b-fb92-43bc-9e19-cb0e6fdbf16b,"Fevicol MR Liquid Adhesive Glue Bottle with Precision Nozzle – Strong Multipurpose Craft Glue for Paper, Cardboard & School Projects – Easy Apply, Non-Toxic",GB,60.00,117.60,96.00,73.00,50.00,103.80
2312578b-fb92-43bc-9e19-cb0e6fdbf16b,"Fevicol MR Liquid Adhesive Glue Bottle with Precision Nozzle – Strong Multipurpose Craft Glue for Paper, Cardboard & School Projects – Easy Apply, Non-Toxic",IE,60.00,120.60,101.00,78.00,55.00,106.80
2312578b-fb92-43bc-9e19-cb0e6fdbf16b,"Fevicol MR Liquid Adhesive Glue Bottle with Precision Nozzle – Strong Multipurpose Craft Glue for Paper, Cardboard & School Projects – Easy Apply, Non-Toxic",KE,60.00,117.60,96.00,73.00,50.00,103.80
2312578b-fb92-43bc-9e19-cb0e6fdbf16b,"Fevicol MR Liquid Adhesive Glue Bottle with Precision Nozzle – Strong Multipurpose Craft Glue for Paper, Cardboard & School Projects – Easy Apply, Non-Toxic",MT,60.00,117.60,96.00,73.00,50.00,103.80
2312578b-fb92-43bc-9e19-cb0e6fdbf16b,"Fevicol MR Liquid Adhesive Glue Bottle with Precision Nozzle – Strong Multipurpose Craft Glue for Paper, Cardboard & School Projects – Easy Apply, Non-Toxic",US,60.00,117.60,96.00,73.00,50.00,103.80
1b90d73c-632a-4657-b6d0-3dc3c107dcb1,"Fevicryl Acrylic Colours Kit, 12 Shade Set, Multi-Surface Paint with Storage Box for Canvas, Craft, DIY Art & School Projects",AL,250.00,490.00,96.00,73.00,50.00,432.50
1b90d73c-632a-4657-b6d0-3dc3c107dcb1,"Fevicryl Acrylic Colours Kit, 12 Shade Set, Multi-Surface Paint with Storage Box for Canvas, Craft, DIY Art & School Projects",CH,250.00,490.00,96.00,73.00,50.00,432.50
1b90d73c-632a-4657-b6d0-3dc3c107dcb1,"Fevicryl Acrylic Colours Kit, 12 Shade Set, Multi-Surface Paint with Storage Box for Canvas, Craft, DIY Art & School Projects",DE,250.00,490.00,96.00,73.00,50.00,432.50
1b90d73c-632a-4657-b6d0-3dc3c107dcb1,"Fevicryl Acrylic Colours Kit, 12 Shade Set, Multi-Surface Paint with Storage Box for Canvas, Craft, DIY Art & School Projects",FR,250.00,490.00,96.00,73.00,50.00,432.50
1b90d73c-632a-4657-b6d0-3dc3c107dcb1,"Fevicryl Acrylic Colours Kit, 12 Shade Set, Multi-Surface Paint with Storage Box for Canvas, Craft, DIY Art & School Projects",GB,250.00,490.00,96.00,73.00,50.00,432.50
1b90d73c-632a-4657-b6d0-3dc3c107dcb1,"Fevicryl Acrylic Colours Kit, 12 Shade Set, Multi-Surface Paint with Storage Box for Canvas, Craft, DIY Art & School Projects",IE,250.00,502.50,101.00,78.00,55.00,445.00
1b90d73c-632a-4657-b6d0-3dc3c107dcb1,"Fevicryl Acrylic Colours Kit, 12 Shade Set, Multi-Surface Paint with Storage Box for Canvas, Craft, DIY Art & School Projects",KE,250.00,490.00,96.00,73.00,50.00,432.50
1b90d73c-632a-4657-b6d0-3dc3c107dcb1,"Fevicryl Acrylic Colours Kit, 12 Shade Set, Multi-Surface Paint with Storage Box for Canvas, Craft, DIY Art & School Projects",MT,250.00,490.00,96.00,73.00,50.00,432.50
1b90d73c-632a-4657-b6d0-3dc3c107dcb1,"Fevicryl Acrylic Colours Kit, 12 Shade Set, Multi-Surface Paint with Storage Box for Canvas, Craft, DIY Art & School Projects",US,250.00,490.00,96.00,73.00,50.00,432.50
f6e55ec7-68a5-4062-a911-c5067767114a,FEVICRYL PASTEL ACRYLIC COLOURS,AL,150.00,294.00,96.00,73.00,50.00,259.50
f6e55ec7-68a5-4062-a911-c5067767114a,FEVICRYL PASTEL ACRYLIC COLOURS,CH,150.00,294.00,96.00,73.00,50.00,259.50
f6e55ec7-68a5-4062-a911-c5067767114a,FEVICRYL PASTEL ACRYLIC COLOURS,DE,150.00,294.00,96.00,73.00,50.00,259.50
f6e55ec7-68a5-4062-a911-c5067767114a,FEVICRYL PASTEL ACRYLIC COLOURS,FR,150.00,294.00,96.00,73.00,50.00,259.50
f6e55ec7-68a5-4062-a911-c5067767114a,FEVICRYL PASTEL ACRYLIC COLOURS,GB,150.00,294.00,96.00,73.00,50.00,259.50
f6e55ec7-68a5-4062-a911-c5067767114a,FEVICRYL PASTEL ACRYLIC COLOURS,IE,150.00,301.50,101.00,78.00,55.00,267.00
f6e55ec7-68a5-4062-a911-c5067767114a,FEVICRYL PASTEL ACRYLIC COLOURS,KE,150.00,294.00,96.00,73.00,50.00,259.50
f6e55ec7-68a5-4062-a911-c5067767114a,FEVICRYL PASTEL ACRYLIC COLOURS,MT,150.00,294.00,96.00,73.00,50.00,259.50
f6e55ec7-68a5-4062-a911-c5067767114a,FEVICRYL PASTEL ACRYLIC COLOURS,US,150.00,294.00,96.00,73.00,50.00,259.50
017ddaff-3b6d-4934-9614-19b11076679d,"Fire Engine Toy with Light, Sound & Spray Function",IE,323.00,746.13,131.00,108.00,85.00,671.84
bb63c1eb-2698-4118-82b0-96d959d58488,Fit Me Matte Poreless Primer -100ml,AL,59.00,115.64,96.00,73.00,50.00,102.07
bb63c1eb-2698-4118-82b0-96d959d58488,Fit Me Matte Poreless Primer -100ml,CH,59.00,115.64,96.00,73.00,50.00,102.07
bb63c1eb-2698-4118-82b0-96d959d58488,Fit Me Matte Poreless Primer -100ml,DE,59.00,115.64,96.00,73.00,50.00,102.07
bb63c1eb-2698-4118-82b0-96d959d58488,Fit Me Matte Poreless Primer -100ml,FR,59.00,115.64,96.00,73.00,50.00,102.07
bb63c1eb-2698-4118-82b0-96d959d58488,Fit Me Matte Poreless Primer -100ml,GB,59.00,115.64,96.00,73.00,50.00,102.07
bb63c1eb-2698-4118-82b0-96d959d58488,Fit Me Matte Poreless Primer -100ml,IE,59.00,118.59,101.00,78.00,55.00,105.02
bb63c1eb-2698-4118-82b0-96d959d58488,Fit Me Matte Poreless Primer -100ml,KE,59.00,115.64,96.00,73.00,50.00,102.07
bb63c1eb-2698-4118-82b0-96d959d58488,Fit Me Matte Poreless Primer -100ml,MT,59.00,115.64,96.00,73.00,50.00,102.07
bb63c1eb-2698-4118-82b0-96d959d58488,Fit Me Matte Poreless Primer -100ml,US,59.00,115.64,96.00,73.00,50.00,102.07
d852d51e-b9b7-489a-8229-525ea1101eb6,Floral Crystal Necklace with Blue Stones | Elegant Minimal Jewelry for Women,AL,449.00,880.04,96.00,73.00,50.00,776.77
d852d51e-b9b7-489a-8229-525ea1101eb6,Floral Crystal Necklace with Blue Stones | Elegant Minimal Jewelry for Women,CH,449.00,880.04,96.00,73.00,50.00,776.77
d852d51e-b9b7-489a-8229-525ea1101eb6,Floral Crystal Necklace with Blue Stones | Elegant Minimal Jewelry for Women,DE,449.00,880.04,96.00,73.00,50.00,776.77
d852d51e-b9b7-489a-8229-525ea1101eb6,Floral Crystal Necklace with Blue Stones | Elegant Minimal Jewelry for Women,FR,449.00,880.04,96.00,73.00,50.00,776.77
d852d51e-b9b7-489a-8229-525ea1101eb6,Floral Crystal Necklace with Blue Stones | Elegant Minimal Jewelry for Women,GB,449.00,880.04,96.00,73.00,50.00,776.77
d852d51e-b9b7-489a-8229-525ea1101eb6,Floral Crystal Necklace with Blue Stones | Elegant Minimal Jewelry for Women,IE,449.00,902.49,101.00,78.00,55.00,799.22
d852d51e-b9b7-489a-8229-525ea1101eb6,Floral Crystal Necklace with Blue Stones | Elegant Minimal Jewelry for Women,KE,449.00,880.04,96.00,73.00,50.00,776.77
d852d51e-b9b7-489a-8229-525ea1101eb6,Floral Crystal Necklace with Blue Stones | Elegant Minimal Jewelry for Women,MT,449.00,880.04,96.00,73.00,50.00,776.77
d852d51e-b9b7-489a-8229-525ea1101eb6,Floral Crystal Necklace with Blue Stones | Elegant Minimal Jewelry for Women,US,449.00,880.04,96.00,73.00,50.00,776.77
303b36df-6e62-481d-81f3-8437ab9fecf2,Floral Necklace with Green Crystal Stones | Elegant Minimal Jewelry for Women,AL,449.00,880.04,96.00,73.00,50.00,776.77
303b36df-6e62-481d-81f3-8437ab9fecf2,Floral Necklace with Green Crystal Stones | Elegant Minimal Jewelry for Women,CH,449.00,880.04,96.00,73.00,50.00,776.77
303b36df-6e62-481d-81f3-8437ab9fecf2,Floral Necklace with Green Crystal Stones | Elegant Minimal Jewelry for Women,DE,449.00,880.04,96.00,73.00,50.00,776.77
303b36df-6e62-481d-81f3-8437ab9fecf2,Floral Necklace with Green Crystal Stones | Elegant Minimal Jewelry for Women,FR,449.00,880.04,96.00,73.00,50.00,776.77
303b36df-6e62-481d-81f3-8437ab9fecf2,Floral Necklace with Green Crystal Stones | Elegant Minimal Jewelry for Women,GB,449.00,880.04,96.00,73.00,50.00,776.77
303b36df-6e62-481d-81f3-8437ab9fecf2,Floral Necklace with Green Crystal Stones | Elegant Minimal Jewelry for Women,IE,449.00,902.49,101.00,78.00,55.00,799.22
303b36df-6e62-481d-81f3-8437ab9fecf2,Floral Necklace with Green Crystal Stones | Elegant Minimal Jewelry for Women,KE,449.00,880.04,96.00,73.00,50.00,776.77
303b36df-6e62-481d-81f3-8437ab9fecf2,Floral Necklace with Green Crystal Stones | Elegant Minimal Jewelry for Women,MT,449.00,880.04,96.00,73.00,50.00,776.77
303b36df-6e62-481d-81f3-8437ab9fecf2,Floral Necklace with Green Crystal Stones | Elegant Minimal Jewelry for Women,US,449.00,880.04,96.00,73.00,50.00,776.77
9c4ae754-300c-459e-b4c1-7e3b21aa4f70,Floral V-Neck Top for Women,AL,560.00,1081.54,93.13,70.13,47.13,952.74
9c4ae754-300c-459e-b4c1-7e3b21aa4f70,Floral V-Neck Top for Women,CH,560.00,1081.54,93.13,70.13,47.13,952.74
9c4ae754-300c-459e-b4c1-7e3b21aa4f70,Floral V-Neck Top for Women,IE,560.00,1069.60,91.00,68.00,45.00,940.80
9c4ae754-300c-459e-b4c1-7e3b21aa4f70,Floral V-Neck Top for Women,KE,560.00,1081.54,93.13,70.13,47.13,952.74
9c4ae754-300c-459e-b4c1-7e3b21aa4f70,Floral V-Neck Top for Women,MT,560.00,1103.20,97.00,74.00,51.00,974.40
9c4ae754-300c-459e-b4c1-7e3b21aa4f70,Floral V-Neck Top for Women,US,560.00,1097.60,96.00,73.00,50.00,968.80
1df551a9-bb30-429c-9362-3b7575f97e4a,FOGG Fragrance Body Spray for Men & Women | Long Lasting Perfume Spray | 0% Gas Deodorant | Premium Daily Use Body Spray | 120 ml (Multiple Variants),AL,223.00,437.08,96.00,73.00,50.00,385.79
1df551a9-bb30-429c-9362-3b7575f97e4a,FOGG Fragrance Body Spray for Men & Women | Long Lasting Perfume Spray | 0% Gas Deodorant | Premium Daily Use Body Spray | 120 ml (Multiple Variants),CH,223.00,437.08,96.00,73.00,50.00,385.79
1df551a9-bb30-429c-9362-3b7575f97e4a,FOGG Fragrance Body Spray for Men & Women | Long Lasting Perfume Spray | 0% Gas Deodorant | Premium Daily Use Body Spray | 120 ml (Multiple Variants),DE,223.00,437.08,96.00,73.00,50.00,385.79
1df551a9-bb30-429c-9362-3b7575f97e4a,FOGG Fragrance Body Spray for Men & Women | Long Lasting Perfume Spray | 0% Gas Deodorant | Premium Daily Use Body Spray | 120 ml (Multiple Variants),FR,223.00,437.08,96.00,73.00,50.00,385.79
1df551a9-bb30-429c-9362-3b7575f97e4a,FOGG Fragrance Body Spray for Men & Women | Long Lasting Perfume Spray | 0% Gas Deodorant | Premium Daily Use Body Spray | 120 ml (Multiple Variants),GB,223.00,437.08,96.00,73.00,50.00,385.79
1df551a9-bb30-429c-9362-3b7575f97e4a,FOGG Fragrance Body Spray for Men & Women | Long Lasting Perfume Spray | 0% Gas Deodorant | Premium Daily Use Body Spray | 120 ml (Multiple Variants),IE,223.00,448.23,101.00,78.00,55.00,396.94
1df551a9-bb30-429c-9362-3b7575f97e4a,FOGG Fragrance Body Spray for Men & Women | Long Lasting Perfume Spray | 0% Gas Deodorant | Premium Daily Use Body Spray | 120 ml (Multiple Variants),KE,223.00,437.08,96.00,73.00,50.00,385.79
1df551a9-bb30-429c-9362-3b7575f97e4a,FOGG Fragrance Body Spray for Men & Women | Long Lasting Perfume Spray | 0% Gas Deodorant | Premium Daily Use Body Spray | 120 ml (Multiple Variants),MT,223.00,437.08,96.00,73.00,50.00,385.79
1df551a9-bb30-429c-9362-3b7575f97e4a,FOGG Fragrance Body Spray for Men & Women | Long Lasting Perfume Spray | 0% Gas Deodorant | Premium Daily Use Body Spray | 120 ml (Multiple Variants),US,223.00,437.08,96.00,73.00,50.00,385.79
5a5b1fa1-e83e-41cb-960c-5d31b657e8ac,Foxtale Ceramide Supercream Hydrating Moisturizer – 24-Hour Hydration with Plant-Based Ceramides & Hyaluronic Complex – Evens Skin Texture for All Skin Types – 50ml,AL,445.00,872.20,96.00,73.00,50.00,769.85
5a5b1fa1-e83e-41cb-960c-5d31b657e8ac,Foxtale Ceramide Supercream Hydrating Moisturizer – 24-Hour Hydration with Plant-Based Ceramides & Hyaluronic Complex – Evens Skin Texture for All Skin Types – 50ml,CH,445.00,872.20,96.00,73.00,50.00,769.85
5a5b1fa1-e83e-41cb-960c-5d31b657e8ac,Foxtale Ceramide Supercream Hydrating Moisturizer – 24-Hour Hydration with Plant-Based Ceramides & Hyaluronic Complex – Evens Skin Texture for All Skin Types – 50ml,DE,445.00,872.20,96.00,73.00,50.00,769.85
5a5b1fa1-e83e-41cb-960c-5d31b657e8ac,Foxtale Ceramide Supercream Hydrating Moisturizer – 24-Hour Hydration with Plant-Based Ceramides & Hyaluronic Complex – Evens Skin Texture for All Skin Types – 50ml,FR,445.00,872.20,96.00,73.00,50.00,769.85
5a5b1fa1-e83e-41cb-960c-5d31b657e8ac,Foxtale Ceramide Supercream Hydrating Moisturizer – 24-Hour Hydration with Plant-Based Ceramides & Hyaluronic Complex – Evens Skin Texture for All Skin Types – 50ml,GB,445.00,872.20,96.00,73.00,50.00,769.85
5a5b1fa1-e83e-41cb-960c-5d31b657e8ac,Foxtale Ceramide Supercream Hydrating Moisturizer – 24-Hour Hydration with Plant-Based Ceramides & Hyaluronic Complex – Evens Skin Texture for All Skin Types – 50ml,IE,445.00,894.45,101.00,78.00,55.00,792.10
5a5b1fa1-e83e-41cb-960c-5d31b657e8ac,Foxtale Ceramide Supercream Hydrating Moisturizer – 24-Hour Hydration with Plant-Based Ceramides & Hyaluronic Complex – Evens Skin Texture for All Skin Types – 50ml,KE,445.00,872.20,96.00,73.00,50.00,769.85
5a5b1fa1-e83e-41cb-960c-5d31b657e8ac,Foxtale Ceramide Supercream Hydrating Moisturizer – 24-Hour Hydration with Plant-Based Ceramides & Hyaluronic Complex – Evens Skin Texture for All Skin Types – 50ml,MT,445.00,872.20,96.00,73.00,50.00,769.85
5a5b1fa1-e83e-41cb-960c-5d31b657e8ac,Foxtale Ceramide Supercream Hydrating Moisturizer – 24-Hour Hydration with Plant-Based Ceramides & Hyaluronic Complex – Evens Skin Texture for All Skin Types – 50ml,US,445.00,872.20,96.00,73.00,50.00,769.85
ac4f2804-babe-4e6f-9fa2-d04430bd6ba1,"Foxtale De-Tan Skin Radiance Mask, With Lactic Acid, Brazilian Purple Clay & Kaolin Clay 12 gm",AL,169.00,331.24,96.00,73.00,50.00,292.37
ac4f2804-babe-4e6f-9fa2-d04430bd6ba1,"Foxtale De-Tan Skin Radiance Mask, With Lactic Acid, Brazilian Purple Clay & Kaolin Clay 12 gm",CH,169.00,331.24,96.00,73.00,50.00,292.37
ac4f2804-babe-4e6f-9fa2-d04430bd6ba1,"Foxtale De-Tan Skin Radiance Mask, With Lactic Acid, Brazilian Purple Clay & Kaolin Clay 12 gm",DE,169.00,331.24,96.00,73.00,50.00,292.37
ac4f2804-babe-4e6f-9fa2-d04430bd6ba1,"Foxtale De-Tan Skin Radiance Mask, With Lactic Acid, Brazilian Purple Clay & Kaolin Clay 12 gm",FR,169.00,331.24,96.00,73.00,50.00,292.37
ac4f2804-babe-4e6f-9fa2-d04430bd6ba1,"Foxtale De-Tan Skin Radiance Mask, With Lactic Acid, Brazilian Purple Clay & Kaolin Clay 12 gm",GB,169.00,331.24,96.00,73.00,50.00,292.37
ac4f2804-babe-4e6f-9fa2-d04430bd6ba1,"Foxtale De-Tan Skin Radiance Mask, With Lactic Acid, Brazilian Purple Clay & Kaolin Clay 12 gm",IE,169.00,342.82,102.85,79.85,56.85,303.95
ac4f2804-babe-4e6f-9fa2-d04430bd6ba1,"Foxtale De-Tan Skin Radiance Mask, With Lactic Acid, Brazilian Purple Clay & Kaolin Clay 12 gm",KE,169.00,331.24,96.00,73.00,50.00,292.37
ac4f2804-babe-4e6f-9fa2-d04430bd6ba1,"Foxtale De-Tan Skin Radiance Mask, With Lactic Acid, Brazilian Purple Clay & Kaolin Clay 12 gm",MT,169.00,331.24,96.00,73.00,50.00,292.37
ac4f2804-babe-4e6f-9fa2-d04430bd6ba1,"Foxtale De-Tan Skin Radiance Mask, With Lactic Acid, Brazilian Purple Clay & Kaolin Clay 12 gm",US,169.00,331.24,96.00,73.00,50.00,292.37
eac40e41-16d1-412d-8b22-90418d945a44,"Foxtale Hula Hoop 2% Salicylic Acid Body Acne Wash| Reduces body acne, strawberry skin & controls oil | 250 ml",AL,359.00,738.24,105.64,82.64,59.64,655.67
eac40e41-16d1-412d-8b22-90418d945a44,"Foxtale Hula Hoop 2% Salicylic Acid Body Acne Wash| Reduces body acne, strawberry skin & controls oil | 250 ml",CH,359.00,738.24,105.64,82.64,59.64,655.67
eac40e41-16d1-412d-8b22-90418d945a44,"Foxtale Hula Hoop 2% Salicylic Acid Body Acne Wash| Reduces body acne, strawberry skin & controls oil | 250 ml",DE,359.00,738.24,105.64,82.64,59.64,655.67
eac40e41-16d1-412d-8b22-90418d945a44,"Foxtale Hula Hoop 2% Salicylic Acid Body Acne Wash| Reduces body acne, strawberry skin & controls oil | 250 ml",FR,359.00,738.24,105.64,82.64,59.64,655.67
eac40e41-16d1-412d-8b22-90418d945a44,"Foxtale Hula Hoop 2% Salicylic Acid Body Acne Wash| Reduces body acne, strawberry skin & controls oil | 250 ml",GB,359.00,738.24,105.64,82.64,59.64,655.67
eac40e41-16d1-412d-8b22-90418d945a44,"Foxtale Hula Hoop 2% Salicylic Acid Body Acne Wash| Reduces body acne, strawberry skin & controls oil | 250 ml",IE,359.00,764.21,112.87,89.87,66.87,681.64
eac40e41-16d1-412d-8b22-90418d945a44,"Foxtale Hula Hoop 2% Salicylic Acid Body Acne Wash| Reduces body acne, strawberry skin & controls oil | 250 ml",KE,359.00,738.24,105.64,82.64,59.64,655.67
eac40e41-16d1-412d-8b22-90418d945a44,"Foxtale Hula Hoop 2% Salicylic Acid Body Acne Wash| Reduces body acne, strawberry skin & controls oil | 250 ml",MT,359.00,738.24,105.64,82.64,59.64,655.67
eac40e41-16d1-412d-8b22-90418d945a44,"Foxtale Hula Hoop 2% Salicylic Acid Body Acne Wash| Reduces body acne, strawberry skin & controls oil | 250 ml",US,359.00,738.24,105.64,82.64,59.64,655.67
c950d709-96a4-451c-82bb-8d7814656a6a,"Foxtale Retinol Night Serum 0.15% Encapsulated Retinol with Hyaluronic Acid & Betaine – Anti-Aging Serum for Fine Lines, Wrinkles & Firm Skin – 30ml for All Skin Types",IE,599.00,1144.09,91.00,68.00,45.00,1006.32
d848bd1d-8cb0-4df7-b352-2c56da772c1b,Foxtale The Diva Overnight Glow Mask 10 ml,IE,283.99,570.82,101.00,78.00,55.00,505.50
c50b7899-7e90-40ee-9ee6-af4746bb6c75,Foxtale Vitamin C Brightening Serum 15% L-Ascorbic Acid + 1% Vitamin E – Fades Dark Spots & Evens Skin Tone – Antioxidant Face Serum for All Skin Types – 30ml,IE,595.00,1136.45,91.00,68.00,45.00,999.60
1731ea5b-8c26-40d6-8959-cd45e1739c8f,Full sleeve Premium Round neck T-shirts,IE,850.00,1623.50,91.00,68.00,45.00,1428.00
17921140-4e88-4c61-a310-572819900939,G.O.A.T. Man Eau De Parfum 100ml – Long Lasting Luxury Fragrance for Men,IE,596.00,1138.36,91.00,68.00,45.00,1001.28
09639a97-abb1-499e-a459-85b1e218ac5e,Gallant II Twin Blade Shaving Cartridges (Pack of 5) – Dual Blade Refills for Smooth & Comfortable Men’s Shaving,AL,45.00,88.20,96.00,73.00,50.00,77.85
09639a97-abb1-499e-a459-85b1e218ac5e,Gallant II Twin Blade Shaving Cartridges (Pack of 5) – Dual Blade Refills for Smooth & Comfortable Men’s Shaving,CH,45.00,88.20,96.00,73.00,50.00,77.85
09639a97-abb1-499e-a459-85b1e218ac5e,Gallant II Twin Blade Shaving Cartridges (Pack of 5) – Dual Blade Refills for Smooth & Comfortable Men’s Shaving,DE,45.00,88.20,96.00,73.00,50.00,77.85
09639a97-abb1-499e-a459-85b1e218ac5e,Gallant II Twin Blade Shaving Cartridges (Pack of 5) – Dual Blade Refills for Smooth & Comfortable Men’s Shaving,FR,45.00,88.20,96.00,73.00,50.00,77.85
09639a97-abb1-499e-a459-85b1e218ac5e,Gallant II Twin Blade Shaving Cartridges (Pack of 5) – Dual Blade Refills for Smooth & Comfortable Men’s Shaving,GB,45.00,88.20,96.00,73.00,50.00,77.85
09639a97-abb1-499e-a459-85b1e218ac5e,Gallant II Twin Blade Shaving Cartridges (Pack of 5) – Dual Blade Refills for Smooth & Comfortable Men’s Shaving,IE,45.00,90.45,101.00,78.00,55.00,80.10
09639a97-abb1-499e-a459-85b1e218ac5e,Gallant II Twin Blade Shaving Cartridges (Pack of 5) – Dual Blade Refills for Smooth & Comfortable Men’s Shaving,KE,45.00,88.20,96.00,73.00,50.00,77.85
09639a97-abb1-499e-a459-85b1e218ac5e,Gallant II Twin Blade Shaving Cartridges (Pack of 5) – Dual Blade Refills for Smooth & Comfortable Men’s Shaving,MT,45.00,88.20,96.00,73.00,50.00,77.85
09639a97-abb1-499e-a459-85b1e218ac5e,Gallant II Twin Blade Shaving Cartridges (Pack of 5) – Dual Blade Refills for Smooth & Comfortable Men’s Shaving,US,45.00,88.20,96.00,73.00,50.00,77.85
88dead09-83cc-4e39-af98-e989e1ee5e56,Gallant II Twin Blade Shaving Razor Kit for Men – Reusable Razor Handle with 5 Replacement Cartridges – Smooth & Close Shave for Daily Grooming,AL,55.00,107.80,96.00,73.00,50.00,95.15
88dead09-83cc-4e39-af98-e989e1ee5e56,Gallant II Twin Blade Shaving Razor Kit for Men – Reusable Razor Handle with 5 Replacement Cartridges – Smooth & Close Shave for Daily Grooming,CH,55.00,107.80,96.00,73.00,50.00,95.15
88dead09-83cc-4e39-af98-e989e1ee5e56,Gallant II Twin Blade Shaving Razor Kit for Men – Reusable Razor Handle with 5 Replacement Cartridges – Smooth & Close Shave for Daily Grooming,DE,55.00,107.80,96.00,73.00,50.00,95.15
88dead09-83cc-4e39-af98-e989e1ee5e56,Gallant II Twin Blade Shaving Razor Kit for Men – Reusable Razor Handle with 5 Replacement Cartridges – Smooth & Close Shave for Daily Grooming,FR,55.00,107.80,96.00,73.00,50.00,95.15
88dead09-83cc-4e39-af98-e989e1ee5e56,Gallant II Twin Blade Shaving Razor Kit for Men – Reusable Razor Handle with 5 Replacement Cartridges – Smooth & Close Shave for Daily Grooming,GB,55.00,107.80,96.00,73.00,50.00,95.15
88dead09-83cc-4e39-af98-e989e1ee5e56,Gallant II Twin Blade Shaving Razor Kit for Men – Reusable Razor Handle with 5 Replacement Cartridges – Smooth & Close Shave for Daily Grooming,IE,55.00,110.55,101.00,78.00,55.00,97.90
88dead09-83cc-4e39-af98-e989e1ee5e56,Gallant II Twin Blade Shaving Razor Kit for Men – Reusable Razor Handle with 5 Replacement Cartridges – Smooth & Close Shave for Daily Grooming,KE,55.00,107.80,96.00,73.00,50.00,95.15
88dead09-83cc-4e39-af98-e989e1ee5e56,Gallant II Twin Blade Shaving Razor Kit for Men – Reusable Razor Handle with 5 Replacement Cartridges – Smooth & Close Shave for Daily Grooming,MT,55.00,107.80,96.00,73.00,50.00,95.15
88dead09-83cc-4e39-af98-e989e1ee5e56,Gallant II Twin Blade Shaving Razor Kit for Men – Reusable Razor Handle with 5 Replacement Cartridges – Smooth & Close Shave for Daily Grooming,US,55.00,107.80,96.00,73.00,50.00,95.15
f6f9306d-ec01-48d5-b797-d0dc5f9bda5d,Garlic Pickle (വെളുത്തുള്ളി അച്ചാർ),AL,650.00,1306.50,101.00,78.00,55.00,1157.00
f6f9306d-ec01-48d5-b797-d0dc5f9bda5d,Garlic Pickle (വെളുത്തുള്ളി അച്ചാർ),CH,650.00,1306.50,101.00,78.00,55.00,1157.00
f6f9306d-ec01-48d5-b797-d0dc5f9bda5d,Garlic Pickle (വെളുത്തുള്ളി അച്ചാർ),DE,650.00,2054.00,216.00,193.00,170.00,1904.50
f6f9306d-ec01-48d5-b797-d0dc5f9bda5d,Garlic Pickle (വെളുത്തുള്ളി അച്ചാർ),FR,650.00,2151.50,231.00,208.00,185.00,2002.00
f6f9306d-ec01-48d5-b797-d0dc5f9bda5d,Garlic Pickle (വെളുത്തുള്ളി അച്ചാർ),GB,650.00,1891.50,191.00,168.00,145.00,1742.00
f6f9306d-ec01-48d5-b797-d0dc5f9bda5d,Garlic Pickle (വെളുത്തുള്ളി അച്ചാർ),IE,650.00,1891.50,191.00,168.00,145.00,1742.00
f6f9306d-ec01-48d5-b797-d0dc5f9bda5d,Garlic Pickle (വെളുത്തുള്ളി അച്ചാർ),KE,650.00,1306.50,101.00,78.00,55.00,1157.00
f6f9306d-ec01-48d5-b797-d0dc5f9bda5d,Garlic Pickle (വെളുത്തുള്ളി അച്ചാർ),MT,650.00,2379.00,266.00,243.00,220.00,2229.50
f6f9306d-ec01-48d5-b797-d0dc5f9bda5d,Garlic Pickle (വെളുത്തുള്ളി അച്ചാർ),US,650.00,2249.00,246.00,223.00,200.00,2099.50
6ac5d774-65e3-4235-864d-6fdabbe82456,Garnier Bright Complete Overnight Booster Serum | 10% Pure Vitamin C | Brightening & Spot Reduction Serum | For Glowing Skin,AL,326.00,638.96,96.00,73.00,50.00,563.98
6ac5d774-65e3-4235-864d-6fdabbe82456,Garnier Bright Complete Overnight Booster Serum | 10% Pure Vitamin C | Brightening & Spot Reduction Serum | For Glowing Skin,CH,326.00,638.96,96.00,73.00,50.00,563.98
6ac5d774-65e3-4235-864d-6fdabbe82456,Garnier Bright Complete Overnight Booster Serum | 10% Pure Vitamin C | Brightening & Spot Reduction Serum | For Glowing Skin,DE,326.00,638.96,96.00,73.00,50.00,563.98
6ac5d774-65e3-4235-864d-6fdabbe82456,Garnier Bright Complete Overnight Booster Serum | 10% Pure Vitamin C | Brightening & Spot Reduction Serum | For Glowing Skin,FR,326.00,638.96,96.00,73.00,50.00,563.98
6ac5d774-65e3-4235-864d-6fdabbe82456,Garnier Bright Complete Overnight Booster Serum | 10% Pure Vitamin C | Brightening & Spot Reduction Serum | For Glowing Skin,GB,326.00,638.96,96.00,73.00,50.00,563.98
6ac5d774-65e3-4235-864d-6fdabbe82456,Garnier Bright Complete Overnight Booster Serum | 10% Pure Vitamin C | Brightening & Spot Reduction Serum | For Glowing Skin,IE,326.00,655.26,101.00,78.00,55.00,580.28
6ac5d774-65e3-4235-864d-6fdabbe82456,Garnier Bright Complete Overnight Booster Serum | 10% Pure Vitamin C | Brightening & Spot Reduction Serum | For Glowing Skin,KE,326.00,638.96,96.00,73.00,50.00,563.98
6ac5d774-65e3-4235-864d-6fdabbe82456,Garnier Bright Complete Overnight Booster Serum | 10% Pure Vitamin C | Brightening & Spot Reduction Serum | For Glowing Skin,MT,326.00,638.96,96.00,73.00,50.00,563.98
6ac5d774-65e3-4235-864d-6fdabbe82456,Garnier Bright Complete Overnight Booster Serum | 10% Pure Vitamin C | Brightening & Spot Reduction Serum | For Glowing Skin,US,326.00,638.96,96.00,73.00,50.00,563.98
314b6d61-44bb-40e0-b94f-ac6a492a6d6b,Garnier Bright Complete Vitamin C Serum Cream (45g),AL,246.00,482.16,96.00,73.00,50.00,425.58
314b6d61-44bb-40e0-b94f-ac6a492a6d6b,Garnier Bright Complete Vitamin C Serum Cream (45g),CH,246.00,482.16,96.00,73.00,50.00,425.58
314b6d61-44bb-40e0-b94f-ac6a492a6d6b,Garnier Bright Complete Vitamin C Serum Cream (45g),DE,246.00,482.16,96.00,73.00,50.00,425.58
314b6d61-44bb-40e0-b94f-ac6a492a6d6b,Garnier Bright Complete Vitamin C Serum Cream (45g),FR,246.00,482.16,96.00,73.00,50.00,425.58
314b6d61-44bb-40e0-b94f-ac6a492a6d6b,Garnier Bright Complete Vitamin C Serum Cream (45g),GB,246.00,482.16,96.00,73.00,50.00,425.58
314b6d61-44bb-40e0-b94f-ac6a492a6d6b,Garnier Bright Complete Vitamin C Serum Cream (45g),IE,246.00,494.46,101.00,78.00,55.00,437.88
314b6d61-44bb-40e0-b94f-ac6a492a6d6b,Garnier Bright Complete Vitamin C Serum Cream (45g),KE,246.00,482.16,96.00,73.00,50.00,425.58
314b6d61-44bb-40e0-b94f-ac6a492a6d6b,Garnier Bright Complete Vitamin C Serum Cream (45g),MT,246.00,482.16,96.00,73.00,50.00,425.58
314b6d61-44bb-40e0-b94f-ac6a492a6d6b,Garnier Bright Complete Vitamin C Serum Cream (45g),US,246.00,482.16,96.00,73.00,50.00,425.58
f843404f-0436-4ac1-89da-503a89244afb,Garnier Bright Complete Vitamin C Yoghurt Sleeping Mask (18g),AL,137.00,268.52,96.00,73.00,50.00,237.01
f843404f-0436-4ac1-89da-503a89244afb,Garnier Bright Complete Vitamin C Yoghurt Sleeping Mask (18g),CH,137.00,268.52,96.00,73.00,50.00,237.01
f843404f-0436-4ac1-89da-503a89244afb,Garnier Bright Complete Vitamin C Yoghurt Sleeping Mask (18g),DE,137.00,268.52,96.00,73.00,50.00,237.01
f843404f-0436-4ac1-89da-503a89244afb,Garnier Bright Complete Vitamin C Yoghurt Sleeping Mask (18g),FR,137.00,268.52,96.00,73.00,50.00,237.01
f843404f-0436-4ac1-89da-503a89244afb,Garnier Bright Complete Vitamin C Yoghurt Sleeping Mask (18g),GB,137.00,268.52,96.00,73.00,50.00,237.01
f843404f-0436-4ac1-89da-503a89244afb,Garnier Bright Complete Vitamin C Yoghurt Sleeping Mask (18g),IE,137.00,275.37,101.00,78.00,55.00,243.86
f843404f-0436-4ac1-89da-503a89244afb,Garnier Bright Complete Vitamin C Yoghurt Sleeping Mask (18g),KE,137.00,268.52,96.00,73.00,50.00,237.01
f843404f-0436-4ac1-89da-503a89244afb,Garnier Bright Complete Vitamin C Yoghurt Sleeping Mask (18g),MT,137.00,268.52,96.00,73.00,50.00,237.01
f843404f-0436-4ac1-89da-503a89244afb,Garnier Bright Complete Vitamin C Yoghurt Sleeping Mask (18g),US,137.00,268.52,96.00,73.00,50.00,237.01
2c788fe7-6fdf-4917-9bb3-9da63b1eb885,Garnier Skin Naturals Super UV Invisible Serum Sunscreen SPF 50+ PA++++ with Vitamin C | Lightweight & Non-Greasy | 30ml,AL,347.00,680.12,96.00,73.00,50.00,600.31
2c788fe7-6fdf-4917-9bb3-9da63b1eb885,Garnier Skin Naturals Super UV Invisible Serum Sunscreen SPF 50+ PA++++ with Vitamin C | Lightweight & Non-Greasy | 30ml,CH,347.00,680.12,96.00,73.00,50.00,600.31
2c788fe7-6fdf-4917-9bb3-9da63b1eb885,Garnier Skin Naturals Super UV Invisible Serum Sunscreen SPF 50+ PA++++ with Vitamin C | Lightweight & Non-Greasy | 30ml,DE,347.00,680.12,96.00,73.00,50.00,600.31
2c788fe7-6fdf-4917-9bb3-9da63b1eb885,Garnier Skin Naturals Super UV Invisible Serum Sunscreen SPF 50+ PA++++ with Vitamin C | Lightweight & Non-Greasy | 30ml,FR,347.00,680.12,96.00,73.00,50.00,600.31
2c788fe7-6fdf-4917-9bb3-9da63b1eb885,Garnier Skin Naturals Super UV Invisible Serum Sunscreen SPF 50+ PA++++ with Vitamin C | Lightweight & Non-Greasy | 30ml,GB,347.00,680.12,96.00,73.00,50.00,600.31
2c788fe7-6fdf-4917-9bb3-9da63b1eb885,Garnier Skin Naturals Super UV Invisible Serum Sunscreen SPF 50+ PA++++ with Vitamin C | Lightweight & Non-Greasy | 30ml,IE,347.00,697.47,101.00,78.00,55.00,617.66
2c788fe7-6fdf-4917-9bb3-9da63b1eb885,Garnier Skin Naturals Super UV Invisible Serum Sunscreen SPF 50+ PA++++ with Vitamin C | Lightweight & Non-Greasy | 30ml,KE,347.00,680.12,96.00,73.00,50.00,600.31
2c788fe7-6fdf-4917-9bb3-9da63b1eb885,Garnier Skin Naturals Super UV Invisible Serum Sunscreen SPF 50+ PA++++ with Vitamin C | Lightweight & Non-Greasy | 30ml,MT,347.00,680.12,96.00,73.00,50.00,600.31
2c788fe7-6fdf-4917-9bb3-9da63b1eb885,Garnier Skin Naturals Super UV Invisible Serum Sunscreen SPF 50+ PA++++ with Vitamin C | Lightweight & Non-Greasy | 30ml,US,347.00,680.12,96.00,73.00,50.00,600.31
32ce08ea-cdcb-4e73-bf97-fc093764c21f,Garnier Super UV Cooling Watergel Sunscreen SPF 50+ PA++++ | Vitamin C | Lightweight Gel | No White Cast | 30ml,AL,227.00,444.92,96.00,73.00,50.00,392.71
32ce08ea-cdcb-4e73-bf97-fc093764c21f,Garnier Super UV Cooling Watergel Sunscreen SPF 50+ PA++++ | Vitamin C | Lightweight Gel | No White Cast | 30ml,CH,227.00,444.92,96.00,73.00,50.00,392.71
32ce08ea-cdcb-4e73-bf97-fc093764c21f,Garnier Super UV Cooling Watergel Sunscreen SPF 50+ PA++++ | Vitamin C | Lightweight Gel | No White Cast | 30ml,DE,227.00,444.92,96.00,73.00,50.00,392.71
32ce08ea-cdcb-4e73-bf97-fc093764c21f,Garnier Super UV Cooling Watergel Sunscreen SPF 50+ PA++++ | Vitamin C | Lightweight Gel | No White Cast | 30ml,FR,227.00,444.92,96.00,73.00,50.00,392.71
32ce08ea-cdcb-4e73-bf97-fc093764c21f,Garnier Super UV Cooling Watergel Sunscreen SPF 50+ PA++++ | Vitamin C | Lightweight Gel | No White Cast | 30ml,GB,227.00,444.92,96.00,73.00,50.00,392.71
32ce08ea-cdcb-4e73-bf97-fc093764c21f,Garnier Super UV Cooling Watergel Sunscreen SPF 50+ PA++++ | Vitamin C | Lightweight Gel | No White Cast | 30ml,IE,227.00,456.27,101.00,78.00,55.00,404.06
32ce08ea-cdcb-4e73-bf97-fc093764c21f,Garnier Super UV Cooling Watergel Sunscreen SPF 50+ PA++++ | Vitamin C | Lightweight Gel | No White Cast | 30ml,KE,227.00,444.92,96.00,73.00,50.00,392.71
32ce08ea-cdcb-4e73-bf97-fc093764c21f,Garnier Super UV Cooling Watergel Sunscreen SPF 50+ PA++++ | Vitamin C | Lightweight Gel | No White Cast | 30ml,MT,227.00,444.92,96.00,73.00,50.00,392.71
32ce08ea-cdcb-4e73-bf97-fc093764c21f,Garnier Super UV Cooling Watergel Sunscreen SPF 50+ PA++++ | Vitamin C | Lightweight Gel | No White Cast | 30ml,US,227.00,444.92,96.00,73.00,50.00,392.71
d4403dac-ae95-47ec-bf42-4ca471228621,"Gatsby Water Gloss Hair Gel WG Super Hard Level 5, Strong Hold Styling Gel with Wet Look Finish, Long-Lasting Non-Sticky Hair Styling Gel for Men",AL,135.00,264.60,96.00,73.00,50.00,233.55
d4403dac-ae95-47ec-bf42-4ca471228621,"Gatsby Water Gloss Hair Gel WG Super Hard Level 5, Strong Hold Styling Gel with Wet Look Finish, Long-Lasting Non-Sticky Hair Styling Gel for Men",CH,135.00,264.60,96.00,73.00,50.00,233.55
d4403dac-ae95-47ec-bf42-4ca471228621,"Gatsby Water Gloss Hair Gel WG Super Hard Level 5, Strong Hold Styling Gel with Wet Look Finish, Long-Lasting Non-Sticky Hair Styling Gel for Men",DE,135.00,264.60,96.00,73.00,50.00,233.55
d4403dac-ae95-47ec-bf42-4ca471228621,"Gatsby Water Gloss Hair Gel WG Super Hard Level 5, Strong Hold Styling Gel with Wet Look Finish, Long-Lasting Non-Sticky Hair Styling Gel for Men",FR,135.00,264.60,96.00,73.00,50.00,233.55
d4403dac-ae95-47ec-bf42-4ca471228621,"Gatsby Water Gloss Hair Gel WG Super Hard Level 5, Strong Hold Styling Gel with Wet Look Finish, Long-Lasting Non-Sticky Hair Styling Gel for Men",GB,135.00,264.60,96.00,73.00,50.00,233.55
d4403dac-ae95-47ec-bf42-4ca471228621,"Gatsby Water Gloss Hair Gel WG Super Hard Level 5, Strong Hold Styling Gel with Wet Look Finish, Long-Lasting Non-Sticky Hair Styling Gel for Men",IE,135.00,271.35,101.00,78.00,55.00,240.30
d4403dac-ae95-47ec-bf42-4ca471228621,"Gatsby Water Gloss Hair Gel WG Super Hard Level 5, Strong Hold Styling Gel with Wet Look Finish, Long-Lasting Non-Sticky Hair Styling Gel for Men",KE,135.00,264.60,96.00,73.00,50.00,233.55
d4403dac-ae95-47ec-bf42-4ca471228621,"Gatsby Water Gloss Hair Gel WG Super Hard Level 5, Strong Hold Styling Gel with Wet Look Finish, Long-Lasting Non-Sticky Hair Styling Gel for Men",MT,135.00,264.60,96.00,73.00,50.00,233.55
d4403dac-ae95-47ec-bf42-4ca471228621,"Gatsby Water Gloss Hair Gel WG Super Hard Level 5, Strong Hold Styling Gel with Wet Look Finish, Long-Lasting Non-Sticky Hair Styling Gel for Men",US,135.00,264.60,96.00,73.00,50.00,233.55
90df1acc-956f-4313-a761-e7c70f0b0647,GATSBY WG HARD 3,AL,135.00,264.60,96.00,73.00,50.00,233.55
90df1acc-956f-4313-a761-e7c70f0b0647,GATSBY WG HARD 3,CH,135.00,264.60,96.00,73.00,50.00,233.55
90df1acc-956f-4313-a761-e7c70f0b0647,GATSBY WG HARD 3,DE,135.00,264.60,96.00,73.00,50.00,233.55
90df1acc-956f-4313-a761-e7c70f0b0647,GATSBY WG HARD 3,FR,135.00,264.60,96.00,73.00,50.00,233.55
90df1acc-956f-4313-a761-e7c70f0b0647,GATSBY WG HARD 3,GB,135.00,264.60,96.00,73.00,50.00,233.55
90df1acc-956f-4313-a761-e7c70f0b0647,GATSBY WG HARD 3,IE,135.00,271.35,101.00,78.00,55.00,240.30
90df1acc-956f-4313-a761-e7c70f0b0647,GATSBY WG HARD 3,KE,135.00,264.60,96.00,73.00,50.00,233.55
90df1acc-956f-4313-a761-e7c70f0b0647,GATSBY WG HARD 3,MT,135.00,264.60,96.00,73.00,50.00,233.55
90df1acc-956f-4313-a761-e7c70f0b0647,GATSBY WG HARD 3,US,135.00,264.60,96.00,73.00,50.00,233.55
345de883-2b29-425b-a0bc-182e87408da8,GATSBY WG HYPER SOLID 7,AL,85.00,166.60,96.00,73.00,50.00,147.05
345de883-2b29-425b-a0bc-182e87408da8,GATSBY WG HYPER SOLID 7,CH,85.00,166.60,96.00,73.00,50.00,147.05
345de883-2b29-425b-a0bc-182e87408da8,GATSBY WG HYPER SOLID 7,DE,85.00,166.60,96.00,73.00,50.00,147.05
345de883-2b29-425b-a0bc-182e87408da8,GATSBY WG HYPER SOLID 7,FR,85.00,166.60,96.00,73.00,50.00,147.05
345de883-2b29-425b-a0bc-182e87408da8,GATSBY WG HYPER SOLID 7,GB,85.00,166.60,96.00,73.00,50.00,147.05
345de883-2b29-425b-a0bc-182e87408da8,GATSBY WG HYPER SOLID 7,IE,85.00,170.85,101.00,78.00,55.00,151.30
345de883-2b29-425b-a0bc-182e87408da8,GATSBY WG HYPER SOLID 7,KE,85.00,166.60,96.00,73.00,50.00,147.05
345de883-2b29-425b-a0bc-182e87408da8,GATSBY WG HYPER SOLID 7,MT,85.00,166.60,96.00,73.00,50.00,147.05
345de883-2b29-425b-a0bc-182e87408da8,GATSBY WG HYPER SOLID 7,US,85.00,166.60,96.00,73.00,50.00,147.05
750c1809-ef5c-4b0f-a410-10f1fa2141ca,GATSBY WG SOFT2,AL,135.00,264.60,96.00,73.00,50.00,233.55
750c1809-ef5c-4b0f-a410-10f1fa2141ca,GATSBY WG SOFT2,CH,135.00,264.60,96.00,73.00,50.00,233.55
750c1809-ef5c-4b0f-a410-10f1fa2141ca,GATSBY WG SOFT2,DE,135.00,264.60,96.00,73.00,50.00,233.55
750c1809-ef5c-4b0f-a410-10f1fa2141ca,GATSBY WG SOFT2,FR,135.00,264.60,96.00,73.00,50.00,233.55
750c1809-ef5c-4b0f-a410-10f1fa2141ca,GATSBY WG SOFT2,GB,135.00,264.60,96.00,73.00,50.00,233.55
750c1809-ef5c-4b0f-a410-10f1fa2141ca,GATSBY WG SOFT2,IE,135.00,271.35,101.00,78.00,55.00,240.30
750c1809-ef5c-4b0f-a410-10f1fa2141ca,GATSBY WG SOFT2,KE,135.00,264.60,96.00,73.00,50.00,233.55
750c1809-ef5c-4b0f-a410-10f1fa2141ca,GATSBY WG SOFT2,MT,135.00,264.60,96.00,73.00,50.00,233.55
750c1809-ef5c-4b0f-a410-10f1fa2141ca,GATSBY WG SOFT2,US,135.00,264.60,96.00,73.00,50.00,233.55
38938ae3-60e7-4a4e-8dcd-2ba0c382a122,Georgette Frock with frills..,AL,799.00,1605.99,101.00,78.00,55.00,1422.22
38938ae3-60e7-4a4e-8dcd-2ba0c382a122,Georgette Frock with frills..,CH,799.00,1605.99,101.00,78.00,55.00,1422.22
38938ae3-60e7-4a4e-8dcd-2ba0c382a122,Georgette Frock with frills..,DE,799.00,1605.99,101.00,78.00,55.00,1422.22
38938ae3-60e7-4a4e-8dcd-2ba0c382a122,Georgette Frock with frills..,FR,799.00,1605.99,101.00,78.00,55.00,1422.22
38938ae3-60e7-4a4e-8dcd-2ba0c382a122,Georgette Frock with frills..,GB,799.00,1605.99,101.00,78.00,55.00,1422.22
38938ae3-60e7-4a4e-8dcd-2ba0c382a122,Georgette Frock with frills..,IE,799.00,1605.99,101.00,78.00,55.00,1422.22
38938ae3-60e7-4a4e-8dcd-2ba0c382a122,Georgette Frock with frills..,KE,799.00,1605.99,101.00,78.00,55.00,1422.22
38938ae3-60e7-4a4e-8dcd-2ba0c382a122,Georgette Frock with frills..,MT,799.00,1605.99,101.00,78.00,55.00,1422.22
38938ae3-60e7-4a4e-8dcd-2ba0c382a122,Georgette Frock with frills..,US,799.00,1605.99,101.00,78.00,55.00,1422.22
e2d30bdf-00fc-4a85-a88e-2d4d660f517f,"Gillette 7 O’Clock Sterling Safety Razor with Platinum-Coated Double Edge Blades – Classic Wet Shaving Razor for Men, Smooth Precise Shave (1 Razor + Blades Pack)",AL,120.00,235.20,96.00,73.00,50.00,207.60
e2d30bdf-00fc-4a85-a88e-2d4d660f517f,"Gillette 7 O’Clock Sterling Safety Razor with Platinum-Coated Double Edge Blades – Classic Wet Shaving Razor for Men, Smooth Precise Shave (1 Razor + Blades Pack)",CH,120.00,235.20,96.00,73.00,50.00,207.60
e2d30bdf-00fc-4a85-a88e-2d4d660f517f,"Gillette 7 O’Clock Sterling Safety Razor with Platinum-Coated Double Edge Blades – Classic Wet Shaving Razor for Men, Smooth Precise Shave (1 Razor + Blades Pack)",DE,120.00,235.20,96.00,73.00,50.00,207.60
e2d30bdf-00fc-4a85-a88e-2d4d660f517f,"Gillette 7 O’Clock Sterling Safety Razor with Platinum-Coated Double Edge Blades – Classic Wet Shaving Razor for Men, Smooth Precise Shave (1 Razor + Blades Pack)",FR,120.00,235.20,96.00,73.00,50.00,207.60
e2d30bdf-00fc-4a85-a88e-2d4d660f517f,"Gillette 7 O’Clock Sterling Safety Razor with Platinum-Coated Double Edge Blades – Classic Wet Shaving Razor for Men, Smooth Precise Shave (1 Razor + Blades Pack)",GB,120.00,235.20,96.00,73.00,50.00,207.60
e2d30bdf-00fc-4a85-a88e-2d4d660f517f,"Gillette 7 O’Clock Sterling Safety Razor with Platinum-Coated Double Edge Blades – Classic Wet Shaving Razor for Men, Smooth Precise Shave (1 Razor + Blades Pack)",IE,120.00,241.20,101.00,78.00,55.00,213.60
e2d30bdf-00fc-4a85-a88e-2d4d660f517f,"Gillette 7 O’Clock Sterling Safety Razor with Platinum-Coated Double Edge Blades – Classic Wet Shaving Razor for Men, Smooth Precise Shave (1 Razor + Blades Pack)",KE,120.00,235.20,96.00,73.00,50.00,207.60
e2d30bdf-00fc-4a85-a88e-2d4d660f517f,"Gillette 7 O’Clock Sterling Safety Razor with Platinum-Coated Double Edge Blades – Classic Wet Shaving Razor for Men, Smooth Precise Shave (1 Razor + Blades Pack)",MT,120.00,235.20,96.00,73.00,50.00,207.60
e2d30bdf-00fc-4a85-a88e-2d4d660f517f,"Gillette 7 O’Clock Sterling Safety Razor with Platinum-Coated Double Edge Blades – Classic Wet Shaving Razor for Men, Smooth Precise Shave (1 Razor + Blades Pack)",US,120.00,235.20,96.00,73.00,50.00,207.60
8ca68461-dcb9-4bec-b112-0aea3ea6216a,Gillette Charcoal Shaving Foam (196 g),AL,224.10,439.23,96.00,73.00,50.00,387.69
8ca68461-dcb9-4bec-b112-0aea3ea6216a,Gillette Charcoal Shaving Foam (196 g),CH,224.10,439.23,96.00,73.00,50.00,387.69
8ca68461-dcb9-4bec-b112-0aea3ea6216a,Gillette Charcoal Shaving Foam (196 g),DE,224.10,439.23,96.00,73.00,50.00,387.69
8ca68461-dcb9-4bec-b112-0aea3ea6216a,Gillette Charcoal Shaving Foam (196 g),FR,224.10,439.23,96.00,73.00,50.00,387.69
8ca68461-dcb9-4bec-b112-0aea3ea6216a,Gillette Charcoal Shaving Foam (196 g),GB,224.10,439.23,96.00,73.00,50.00,387.69
8ca68461-dcb9-4bec-b112-0aea3ea6216a,Gillette Charcoal Shaving Foam (196 g),IE,224.10,450.44,101.00,78.00,55.00,398.90
8ca68461-dcb9-4bec-b112-0aea3ea6216a,Gillette Charcoal Shaving Foam (196 g),KE,224.10,439.23,96.00,73.00,50.00,387.69
8ca68461-dcb9-4bec-b112-0aea3ea6216a,Gillette Charcoal Shaving Foam (196 g),MT,224.10,439.23,96.00,73.00,50.00,387.69
8ca68461-dcb9-4bec-b112-0aea3ea6216a,Gillette Charcoal Shaving Foam (196 g),US,224.10,439.23,96.00,73.00,50.00,387.69
23e843c8-9573-4842-8126-97736789e4ca,Gillette Fusion5 Manual Razor for Men with 5 Diamond-Like Coated Blades & Precision Trimmer – Smooth Close Shave Grooming Razor (1 Handle + Cartridge),AL,425.00,833.00,96.00,73.00,50.00,735.25
23e843c8-9573-4842-8126-97736789e4ca,Gillette Fusion5 Manual Razor for Men with 5 Diamond-Like Coated Blades & Precision Trimmer – Smooth Close Shave Grooming Razor (1 Handle + Cartridge),CH,425.00,833.00,96.00,73.00,50.00,735.25
23e843c8-9573-4842-8126-97736789e4ca,Gillette Fusion5 Manual Razor for Men with 5 Diamond-Like Coated Blades & Precision Trimmer – Smooth Close Shave Grooming Razor (1 Handle + Cartridge),DE,425.00,833.00,96.00,73.00,50.00,735.25
23e843c8-9573-4842-8126-97736789e4ca,Gillette Fusion5 Manual Razor for Men with 5 Diamond-Like Coated Blades & Precision Trimmer – Smooth Close Shave Grooming Razor (1 Handle + Cartridge),FR,425.00,833.00,96.00,73.00,50.00,735.25
23e843c8-9573-4842-8126-97736789e4ca,Gillette Fusion5 Manual Razor for Men with 5 Diamond-Like Coated Blades & Precision Trimmer – Smooth Close Shave Grooming Razor (1 Handle + Cartridge),GB,425.00,833.00,96.00,73.00,50.00,735.25
23e843c8-9573-4842-8126-97736789e4ca,Gillette Fusion5 Manual Razor for Men with 5 Diamond-Like Coated Blades & Precision Trimmer – Smooth Close Shave Grooming Razor (1 Handle + Cartridge),IE,425.00,854.25,101.00,78.00,55.00,756.50
23e843c8-9573-4842-8126-97736789e4ca,Gillette Fusion5 Manual Razor for Men with 5 Diamond-Like Coated Blades & Precision Trimmer – Smooth Close Shave Grooming Razor (1 Handle + Cartridge),KE,425.00,833.00,96.00,73.00,50.00,735.25
23e843c8-9573-4842-8126-97736789e4ca,Gillette Fusion5 Manual Razor for Men with 5 Diamond-Like Coated Blades & Precision Trimmer – Smooth Close Shave Grooming Razor (1 Handle + Cartridge),MT,425.00,833.00,96.00,73.00,50.00,735.25
23e843c8-9573-4842-8126-97736789e4ca,Gillette Fusion5 Manual Razor for Men with 5 Diamond-Like Coated Blades & Precision Trimmer – Smooth Close Shave Grooming Razor (1 Handle + Cartridge),US,425.00,833.00,96.00,73.00,50.00,735.25
e7fc718e-7cff-4200-8a81-2ec4d6308140,Gillette Fusion5 Razor Blades Cartridge Refills (Pack of 2) – 5 Anti-Friction Blades for Smooth Shave,IE,649.00,1239.59,91.00,68.00,45.00,1090.32
5b82b583-8822-4724-ab85-5764ad3352c4,Gillette Guard Shaving Cream with Neem Extracts (125 g - 33% Extra Free),AL,55.80,109.36,95.99,72.99,49.99,96.53
5b82b583-8822-4724-ab85-5764ad3352c4,Gillette Guard Shaving Cream with Neem Extracts (125 g - 33% Extra Free),CH,55.80,109.36,95.99,72.99,49.99,96.53
5b82b583-8822-4724-ab85-5764ad3352c4,Gillette Guard Shaving Cream with Neem Extracts (125 g - 33% Extra Free),DE,55.80,109.36,95.99,72.99,49.99,96.53
5b82b583-8822-4724-ab85-5764ad3352c4,Gillette Guard Shaving Cream with Neem Extracts (125 g - 33% Extra Free),FR,55.80,109.36,95.99,72.99,49.99,96.53
5b82b583-8822-4724-ab85-5764ad3352c4,Gillette Guard Shaving Cream with Neem Extracts (125 g - 33% Extra Free),GB,55.80,109.36,95.99,72.99,49.99,96.53
5b82b583-8822-4724-ab85-5764ad3352c4,Gillette Guard Shaving Cream with Neem Extracts (125 g - 33% Extra Free),IE,55.80,112.15,100.99,77.99,54.99,99.32
5b82b583-8822-4724-ab85-5764ad3352c4,Gillette Guard Shaving Cream with Neem Extracts (125 g - 33% Extra Free),KE,55.80,109.36,95.99,72.99,49.99,96.53
5b82b583-8822-4724-ab85-5764ad3352c4,Gillette Guard Shaving Cream with Neem Extracts (125 g - 33% Extra Free),MT,55.80,109.36,95.99,72.99,49.99,96.53
5b82b583-8822-4724-ab85-5764ad3352c4,Gillette Guard Shaving Cream with Neem Extracts (125 g - 33% Extra Free),US,55.80,109.36,95.99,72.99,49.99,96.53
0a4e19b5-c055-4fae-826f-c19340394073,Gillette Lemon Shaving Foam (196 g),AL,243.00,476.28,96.00,73.00,50.00,420.39
0a4e19b5-c055-4fae-826f-c19340394073,Gillette Lemon Shaving Foam (196 g),CH,243.00,476.28,96.00,73.00,50.00,420.39
0a4e19b5-c055-4fae-826f-c19340394073,Gillette Lemon Shaving Foam (196 g),DE,243.00,476.28,96.00,73.00,50.00,420.39
0a4e19b5-c055-4fae-826f-c19340394073,Gillette Lemon Shaving Foam (196 g),FR,243.00,476.28,96.00,73.00,50.00,420.39
0a4e19b5-c055-4fae-826f-c19340394073,Gillette Lemon Shaving Foam (196 g),GB,243.00,476.28,96.00,73.00,50.00,420.39
0a4e19b5-c055-4fae-826f-c19340394073,Gillette Lemon Shaving Foam (196 g),IE,243.00,488.43,101.00,78.00,55.00,432.54
0a4e19b5-c055-4fae-826f-c19340394073,Gillette Lemon Shaving Foam (196 g),KE,243.00,476.28,96.00,73.00,50.00,420.39
0a4e19b5-c055-4fae-826f-c19340394073,Gillette Lemon Shaving Foam (196 g),MT,243.00,476.28,96.00,73.00,50.00,420.39
0a4e19b5-c055-4fae-826f-c19340394073,Gillette Lemon Shaving Foam (196 g),US,243.00,476.28,96.00,73.00,50.00,420.39
118d2bb2-d289-43e3-8089-94d6d9a4ed63,Gillette Mach3 Charcoal Manual Razor for Men with 3 Anti-Friction Blades & Charcoal Lubrastrip – Smooth Comfortable Shave Grooming Razor (1 Handle + Cartridge),AL,349.00,684.04,96.00,73.00,50.00,603.77
118d2bb2-d289-43e3-8089-94d6d9a4ed63,Gillette Mach3 Charcoal Manual Razor for Men with 3 Anti-Friction Blades & Charcoal Lubrastrip – Smooth Comfortable Shave Grooming Razor (1 Handle + Cartridge),CH,349.00,684.04,96.00,73.00,50.00,603.77
118d2bb2-d289-43e3-8089-94d6d9a4ed63,Gillette Mach3 Charcoal Manual Razor for Men with 3 Anti-Friction Blades & Charcoal Lubrastrip – Smooth Comfortable Shave Grooming Razor (1 Handle + Cartridge),DE,349.00,684.04,96.00,73.00,50.00,603.77
118d2bb2-d289-43e3-8089-94d6d9a4ed63,Gillette Mach3 Charcoal Manual Razor for Men with 3 Anti-Friction Blades & Charcoal Lubrastrip – Smooth Comfortable Shave Grooming Razor (1 Handle + Cartridge),FR,349.00,684.04,96.00,73.00,50.00,603.77
118d2bb2-d289-43e3-8089-94d6d9a4ed63,Gillette Mach3 Charcoal Manual Razor for Men with 3 Anti-Friction Blades & Charcoal Lubrastrip – Smooth Comfortable Shave Grooming Razor (1 Handle + Cartridge),GB,349.00,684.04,96.00,73.00,50.00,603.77
118d2bb2-d289-43e3-8089-94d6d9a4ed63,Gillette Mach3 Charcoal Manual Razor for Men with 3 Anti-Friction Blades & Charcoal Lubrastrip – Smooth Comfortable Shave Grooming Razor (1 Handle + Cartridge),IE,349.00,701.49,101.00,78.00,55.00,621.22
118d2bb2-d289-43e3-8089-94d6d9a4ed63,Gillette Mach3 Charcoal Manual Razor for Men with 3 Anti-Friction Blades & Charcoal Lubrastrip – Smooth Comfortable Shave Grooming Razor (1 Handle + Cartridge),KE,349.00,684.04,96.00,73.00,50.00,603.77
118d2bb2-d289-43e3-8089-94d6d9a4ed63,Gillette Mach3 Charcoal Manual Razor for Men with 3 Anti-Friction Blades & Charcoal Lubrastrip – Smooth Comfortable Shave Grooming Razor (1 Handle + Cartridge),MT,349.00,684.04,96.00,73.00,50.00,603.77
118d2bb2-d289-43e3-8089-94d6d9a4ed63,Gillette Mach3 Charcoal Manual Razor for Men with 3 Anti-Friction Blades & Charcoal Lubrastrip – Smooth Comfortable Shave Grooming Razor (1 Handle + Cartridge),US,349.00,684.04,96.00,73.00,50.00,603.77
435d3e3c-f3c1-4498-92ef-2b6fde420c20,Gillette Regular Shaving Foam (418 g - 33% Extra Free Pack),AL,261.00,498.51,91.00,68.00,45.00,438.48
435d3e3c-f3c1-4498-92ef-2b6fde420c20,Gillette Regular Shaving Foam (418 g - 33% Extra Free Pack),CH,261.00,498.51,91.00,68.00,45.00,438.48
435d3e3c-f3c1-4498-92ef-2b6fde420c20,Gillette Regular Shaving Foam (418 g - 33% Extra Free Pack),DE,261.00,498.51,91.00,68.00,45.00,438.48
435d3e3c-f3c1-4498-92ef-2b6fde420c20,Gillette Regular Shaving Foam (418 g - 33% Extra Free Pack),FR,261.00,498.51,91.00,68.00,45.00,438.48
435d3e3c-f3c1-4498-92ef-2b6fde420c20,Gillette Regular Shaving Foam (418 g - 33% Extra Free Pack),GB,261.00,498.51,91.00,68.00,45.00,438.48
435d3e3c-f3c1-4498-92ef-2b6fde420c20,Gillette Regular Shaving Foam (418 g - 33% Extra Free Pack),IE,261.00,529.44,102.85,79.85,56.85,469.41
435d3e3c-f3c1-4498-92ef-2b6fde420c20,Gillette Regular Shaving Foam (418 g - 33% Extra Free Pack),KE,261.00,498.51,91.00,68.00,45.00,438.48
435d3e3c-f3c1-4498-92ef-2b6fde420c20,Gillette Regular Shaving Foam (418 g - 33% Extra Free Pack),MT,261.00,498.51,91.00,68.00,45.00,438.48
435d3e3c-f3c1-4498-92ef-2b6fde420c20,Gillette Regular Shaving Foam (418 g - 33% Extra Free Pack),US,261.00,498.51,91.00,68.00,45.00,438.48
07533273-753f-4e5b-95b3-bc25f30a9646,"Gillette Vector 3 Manual Razor with 3 Self-Adjusting Blades, Refillable Handle + 1 Cartridge, Ergonomic Grip, Fast Smooth Shave for Men",AL,175.00,343.00,96.00,73.00,50.00,302.75
07533273-753f-4e5b-95b3-bc25f30a9646,"Gillette Vector 3 Manual Razor with 3 Self-Adjusting Blades, Refillable Handle + 1 Cartridge, Ergonomic Grip, Fast Smooth Shave for Men",CH,175.00,343.00,96.00,73.00,50.00,302.75
07533273-753f-4e5b-95b3-bc25f30a9646,"Gillette Vector 3 Manual Razor with 3 Self-Adjusting Blades, Refillable Handle + 1 Cartridge, Ergonomic Grip, Fast Smooth Shave for Men",DE,175.00,343.00,96.00,73.00,50.00,302.75
07533273-753f-4e5b-95b3-bc25f30a9646,"Gillette Vector 3 Manual Razor with 3 Self-Adjusting Blades, Refillable Handle + 1 Cartridge, Ergonomic Grip, Fast Smooth Shave for Men",FR,175.00,343.00,96.00,73.00,50.00,302.75
07533273-753f-4e5b-95b3-bc25f30a9646,"Gillette Vector 3 Manual Razor with 3 Self-Adjusting Blades, Refillable Handle + 1 Cartridge, Ergonomic Grip, Fast Smooth Shave for Men",GB,175.00,343.00,96.00,73.00,50.00,302.75
07533273-753f-4e5b-95b3-bc25f30a9646,"Gillette Vector 3 Manual Razor with 3 Self-Adjusting Blades, Refillable Handle + 1 Cartridge, Ergonomic Grip, Fast Smooth Shave for Men",IE,175.00,351.75,101.00,78.00,55.00,311.50
07533273-753f-4e5b-95b3-bc25f30a9646,"Gillette Vector 3 Manual Razor with 3 Self-Adjusting Blades, Refillable Handle + 1 Cartridge, Ergonomic Grip, Fast Smooth Shave for Men",KE,175.00,343.00,96.00,73.00,50.00,302.75
07533273-753f-4e5b-95b3-bc25f30a9646,"Gillette Vector 3 Manual Razor with 3 Self-Adjusting Blades, Refillable Handle + 1 Cartridge, Ergonomic Grip, Fast Smooth Shave for Men",MT,175.00,343.00,96.00,73.00,50.00,302.75
07533273-753f-4e5b-95b3-bc25f30a9646,"Gillette Vector 3 Manual Razor with 3 Self-Adjusting Blades, Refillable Handle + 1 Cartridge, Ergonomic Grip, Fast Smooth Shave for Men",US,175.00,343.00,96.00,73.00,50.00,302.75
04682e31-55d8-41fe-b5e4-dd28d61c9851,Gillette Vector 3 Razor Blade Cartridges (Pack of 4) – Triple Blade Refills with Lubrication Strip for Fast & Smooth Shave,AL,275.00,539.00,96.00,73.00,50.00,475.75
04682e31-55d8-41fe-b5e4-dd28d61c9851,Gillette Vector 3 Razor Blade Cartridges (Pack of 4) – Triple Blade Refills with Lubrication Strip for Fast & Smooth Shave,CH,275.00,539.00,96.00,73.00,50.00,475.75
04682e31-55d8-41fe-b5e4-dd28d61c9851,Gillette Vector 3 Razor Blade Cartridges (Pack of 4) – Triple Blade Refills with Lubrication Strip for Fast & Smooth Shave,DE,275.00,539.00,96.00,73.00,50.00,475.75
04682e31-55d8-41fe-b5e4-dd28d61c9851,Gillette Vector 3 Razor Blade Cartridges (Pack of 4) – Triple Blade Refills with Lubrication Strip for Fast & Smooth Shave,FR,275.00,539.00,96.00,73.00,50.00,475.75
04682e31-55d8-41fe-b5e4-dd28d61c9851,Gillette Vector 3 Razor Blade Cartridges (Pack of 4) – Triple Blade Refills with Lubrication Strip for Fast & Smooth Shave,GB,275.00,539.00,96.00,73.00,50.00,475.75
04682e31-55d8-41fe-b5e4-dd28d61c9851,Gillette Vector 3 Razor Blade Cartridges (Pack of 4) – Triple Blade Refills with Lubrication Strip for Fast & Smooth Shave,IE,275.00,552.75,101.00,78.00,55.00,489.50
04682e31-55d8-41fe-b5e4-dd28d61c9851,Gillette Vector 3 Razor Blade Cartridges (Pack of 4) – Triple Blade Refills with Lubrication Strip for Fast & Smooth Shave,KE,275.00,539.00,96.00,73.00,50.00,475.75
04682e31-55d8-41fe-b5e4-dd28d61c9851,Gillette Vector 3 Razor Blade Cartridges (Pack of 4) – Triple Blade Refills with Lubrication Strip for Fast & Smooth Shave,MT,275.00,539.00,96.00,73.00,50.00,475.75
04682e31-55d8-41fe-b5e4-dd28d61c9851,Gillette Vector 3 Razor Blade Cartridges (Pack of 4) – Triple Blade Refills with Lubrication Strip for Fast & Smooth Shave,US,275.00,539.00,96.00,73.00,50.00,475.75
4e58f0a8-745f-4c10-ab72-52881198da48,Glow & Handsome Instant Brightness Cream for Men |  Reduces Dark Spots | With UV Filters,AL,89.00,174.44,96.00,73.00,50.00,153.97
4e58f0a8-745f-4c10-ab72-52881198da48,Glow & Handsome Instant Brightness Cream for Men |  Reduces Dark Spots | With UV Filters,CH,89.00,174.44,96.00,73.00,50.00,153.97
4e58f0a8-745f-4c10-ab72-52881198da48,Glow & Handsome Instant Brightness Cream for Men |  Reduces Dark Spots | With UV Filters,DE,89.00,174.44,96.00,73.00,50.00,153.97
4e58f0a8-745f-4c10-ab72-52881198da48,Glow & Handsome Instant Brightness Cream for Men |  Reduces Dark Spots | With UV Filters,FR,89.00,174.44,96.00,73.00,50.00,153.97
4e58f0a8-745f-4c10-ab72-52881198da48,Glow & Handsome Instant Brightness Cream for Men |  Reduces Dark Spots | With UV Filters,GB,89.00,174.44,96.00,73.00,50.00,153.97
4e58f0a8-745f-4c10-ab72-52881198da48,Glow & Handsome Instant Brightness Cream for Men |  Reduces Dark Spots | With UV Filters,IE,89.00,178.89,101.00,78.00,55.00,158.42
4e58f0a8-745f-4c10-ab72-52881198da48,Glow & Handsome Instant Brightness Cream for Men |  Reduces Dark Spots | With UV Filters,KE,89.00,174.44,96.00,73.00,50.00,153.97
4e58f0a8-745f-4c10-ab72-52881198da48,Glow & Handsome Instant Brightness Cream for Men |  Reduces Dark Spots | With UV Filters,MT,89.00,174.44,96.00,73.00,50.00,153.97
4e58f0a8-745f-4c10-ab72-52881198da48,Glow & Handsome Instant Brightness Cream for Men |  Reduces Dark Spots | With UV Filters,US,89.00,174.44,96.00,73.00,50.00,153.97
285d7c98-26bf-4fea-9918-ea3ca8a76215,Glow & Lovely Ayurvedic Care+ Face Cream Kumkumadi & Chandan – Natural Skin Clarity,AL,163.00,319.48,96.00,73.00,50.00,281.99
285d7c98-26bf-4fea-9918-ea3ca8a76215,Glow & Lovely Ayurvedic Care+ Face Cream Kumkumadi & Chandan – Natural Skin Clarity,CH,163.00,319.48,96.00,73.00,50.00,281.99
285d7c98-26bf-4fea-9918-ea3ca8a76215,Glow & Lovely Ayurvedic Care+ Face Cream Kumkumadi & Chandan – Natural Skin Clarity,DE,163.00,319.48,96.00,73.00,50.00,281.99
285d7c98-26bf-4fea-9918-ea3ca8a76215,Glow & Lovely Ayurvedic Care+ Face Cream Kumkumadi & Chandan – Natural Skin Clarity,FR,163.00,319.48,96.00,73.00,50.00,281.99
285d7c98-26bf-4fea-9918-ea3ca8a76215,Glow & Lovely Ayurvedic Care+ Face Cream Kumkumadi & Chandan – Natural Skin Clarity,GB,163.00,319.48,96.00,73.00,50.00,281.99
285d7c98-26bf-4fea-9918-ea3ca8a76215,Glow & Lovely Ayurvedic Care+ Face Cream Kumkumadi & Chandan – Natural Skin Clarity,IE,163.00,327.63,101.00,78.00,55.00,290.14
285d7c98-26bf-4fea-9918-ea3ca8a76215,Glow & Lovely Ayurvedic Care+ Face Cream Kumkumadi & Chandan – Natural Skin Clarity,KE,163.00,319.48,96.00,73.00,50.00,281.99
285d7c98-26bf-4fea-9918-ea3ca8a76215,Glow & Lovely Ayurvedic Care+ Face Cream Kumkumadi & Chandan – Natural Skin Clarity,MT,163.00,319.48,96.00,73.00,50.00,281.99
285d7c98-26bf-4fea-9918-ea3ca8a76215,Glow & Lovely Ayurvedic Care+ Face Cream Kumkumadi & Chandan – Natural Skin Clarity,US,163.00,319.48,96.00,73.00,50.00,281.99
22783f47-a01f-433b-80fe-720d628ca918,Glow & Lovely BB Cream with Foundation | Multi-Vitamin Face Cream | Instant Spot Coverage |,AL,114.00,223.44,96.00,73.00,50.00,197.22
22783f47-a01f-433b-80fe-720d628ca918,Glow & Lovely BB Cream with Foundation | Multi-Vitamin Face Cream | Instant Spot Coverage |,CH,114.00,223.44,96.00,73.00,50.00,197.22
22783f47-a01f-433b-80fe-720d628ca918,Glow & Lovely BB Cream with Foundation | Multi-Vitamin Face Cream | Instant Spot Coverage |,DE,114.00,223.44,96.00,73.00,50.00,197.22
22783f47-a01f-433b-80fe-720d628ca918,Glow & Lovely BB Cream with Foundation | Multi-Vitamin Face Cream | Instant Spot Coverage |,FR,114.00,223.44,96.00,73.00,50.00,197.22
22783f47-a01f-433b-80fe-720d628ca918,Glow & Lovely BB Cream with Foundation | Multi-Vitamin Face Cream | Instant Spot Coverage |,GB,114.00,223.44,96.00,73.00,50.00,197.22
22783f47-a01f-433b-80fe-720d628ca918,Glow & Lovely BB Cream with Foundation | Multi-Vitamin Face Cream | Instant Spot Coverage |,IE,114.00,229.14,101.00,78.00,55.00,202.92
22783f47-a01f-433b-80fe-720d628ca918,Glow & Lovely BB Cream with Foundation | Multi-Vitamin Face Cream | Instant Spot Coverage |,KE,114.00,223.44,96.00,73.00,50.00,197.22
22783f47-a01f-433b-80fe-720d628ca918,Glow & Lovely BB Cream with Foundation | Multi-Vitamin Face Cream | Instant Spot Coverage |,MT,114.00,223.44,96.00,73.00,50.00,197.22
22783f47-a01f-433b-80fe-720d628ca918,Glow & Lovely BB Cream with Foundation | Multi-Vitamin Face Cream | Instant Spot Coverage |,US,114.00,223.44,96.00,73.00,50.00,197.22
2b8f18ae-9d7a-40f7-8559-de46691af245,"Glow & Lovely Re-New Bright Multi Vitamin Serum in Cream (Vitamins B3, C & E)",AL,203.00,397.88,96.00,73.00,50.00,351.19
2b8f18ae-9d7a-40f7-8559-de46691af245,"Glow & Lovely Re-New Bright Multi Vitamin Serum in Cream (Vitamins B3, C & E)",CH,203.00,397.88,96.00,73.00,50.00,351.19
2b8f18ae-9d7a-40f7-8559-de46691af245,"Glow & Lovely Re-New Bright Multi Vitamin Serum in Cream (Vitamins B3, C & E)",DE,203.00,397.88,96.00,73.00,50.00,351.19
2b8f18ae-9d7a-40f7-8559-de46691af245,"Glow & Lovely Re-New Bright Multi Vitamin Serum in Cream (Vitamins B3, C & E)",FR,203.00,397.88,96.00,73.00,50.00,351.19
2b8f18ae-9d7a-40f7-8559-de46691af245,"Glow & Lovely Re-New Bright Multi Vitamin Serum in Cream (Vitamins B3, C & E)",GB,203.00,397.88,96.00,73.00,50.00,351.19
2b8f18ae-9d7a-40f7-8559-de46691af245,"Glow & Lovely Re-New Bright Multi Vitamin Serum in Cream (Vitamins B3, C & E)",IE,203.00,408.03,101.00,78.00,55.00,361.34
2b8f18ae-9d7a-40f7-8559-de46691af245,"Glow & Lovely Re-New Bright Multi Vitamin Serum in Cream (Vitamins B3, C & E)",KE,203.00,397.88,96.00,73.00,50.00,351.19
2b8f18ae-9d7a-40f7-8559-de46691af245,"Glow & Lovely Re-New Bright Multi Vitamin Serum in Cream (Vitamins B3, C & E)",MT,203.00,397.88,96.00,73.00,50.00,351.19
2b8f18ae-9d7a-40f7-8559-de46691af245,"Glow & Lovely Re-New Bright Multi Vitamin Serum in Cream (Vitamins B3, C & E)",US,203.00,397.88,96.00,73.00,50.00,351.19
6c80063a-ece8-4648-a494-93ea65fdb932,Gold Plated Crystal Pendant Necklace for Women – Elegant American Diamond Teardrop Necklace Set,AL,100.00,196.00,96.00,73.00,50.00,173.00
6c80063a-ece8-4648-a494-93ea65fdb932,Gold Plated Crystal Pendant Necklace for Women – Elegant American Diamond Teardrop Necklace Set,CH,100.00,196.00,96.00,73.00,50.00,173.00
6c80063a-ece8-4648-a494-93ea65fdb932,Gold Plated Crystal Pendant Necklace for Women – Elegant American Diamond Teardrop Necklace Set,DE,100.00,196.00,96.00,73.00,50.00,173.00
6c80063a-ece8-4648-a494-93ea65fdb932,Gold Plated Crystal Pendant Necklace for Women – Elegant American Diamond Teardrop Necklace Set,FR,100.00,196.00,96.00,73.00,50.00,173.00
6c80063a-ece8-4648-a494-93ea65fdb932,Gold Plated Crystal Pendant Necklace for Women – Elegant American Diamond Teardrop Necklace Set,GB,100.00,196.00,96.00,73.00,50.00,173.00
6c80063a-ece8-4648-a494-93ea65fdb932,Gold Plated Crystal Pendant Necklace for Women – Elegant American Diamond Teardrop Necklace Set,IE,100.00,201.00,101.00,78.00,55.00,178.00
6c80063a-ece8-4648-a494-93ea65fdb932,Gold Plated Crystal Pendant Necklace for Women – Elegant American Diamond Teardrop Necklace Set,KE,100.00,196.00,96.00,73.00,50.00,173.00
6c80063a-ece8-4648-a494-93ea65fdb932,Gold Plated Crystal Pendant Necklace for Women – Elegant American Diamond Teardrop Necklace Set,MT,100.00,196.00,96.00,73.00,50.00,173.00
6c80063a-ece8-4648-a494-93ea65fdb932,Gold Plated Crystal Pendant Necklace for Women – Elegant American Diamond Teardrop Necklace Set,US,100.00,196.00,96.00,73.00,50.00,173.00
06068231-baf0-4bdd-948b-0fb53663eed0,Gold Plated Designer Bangles Set for Women – Traditional Ethnic Kada Bracelet Set (4 Pieces),AL,100.00,196.00,96.00,73.00,50.00,173.00
06068231-baf0-4bdd-948b-0fb53663eed0,Gold Plated Designer Bangles Set for Women – Traditional Ethnic Kada Bracelet Set (4 Pieces),CH,100.00,196.00,96.00,73.00,50.00,173.00
06068231-baf0-4bdd-948b-0fb53663eed0,Gold Plated Designer Bangles Set for Women – Traditional Ethnic Kada Bracelet Set (4 Pieces),DE,100.00,196.00,96.00,73.00,50.00,173.00
06068231-baf0-4bdd-948b-0fb53663eed0,Gold Plated Designer Bangles Set for Women – Traditional Ethnic Kada Bracelet Set (4 Pieces),FR,100.00,196.00,96.00,73.00,50.00,173.00
06068231-baf0-4bdd-948b-0fb53663eed0,Gold Plated Designer Bangles Set for Women – Traditional Ethnic Kada Bracelet Set (4 Pieces),GB,100.00,196.00,96.00,73.00,50.00,173.00
06068231-baf0-4bdd-948b-0fb53663eed0,Gold Plated Designer Bangles Set for Women – Traditional Ethnic Kada Bracelet Set (4 Pieces),IE,100.00,201.00,101.00,78.00,55.00,178.00
06068231-baf0-4bdd-948b-0fb53663eed0,Gold Plated Designer Bangles Set for Women – Traditional Ethnic Kada Bracelet Set (4 Pieces),KE,100.00,196.00,96.00,73.00,50.00,173.00
06068231-baf0-4bdd-948b-0fb53663eed0,Gold Plated Designer Bangles Set for Women – Traditional Ethnic Kada Bracelet Set (4 Pieces),MT,100.00,196.00,96.00,73.00,50.00,173.00
06068231-baf0-4bdd-948b-0fb53663eed0,Gold Plated Designer Bangles Set for Women – Traditional Ethnic Kada Bracelet Set (4 Pieces),US,100.00,196.00,96.00,73.00,50.00,173.00
c31a9b50-bb65-4f2d-8dd7-3d227a591bd4,Good Vibes CICA Brightening Glow Sunscreen SPF 50 PA++++ | UVA/UVB Protection | No White Cast | Moisturizing | 50g,AL,227.00,444.92,96.00,73.00,50.00,392.71
c31a9b50-bb65-4f2d-8dd7-3d227a591bd4,Good Vibes CICA Brightening Glow Sunscreen SPF 50 PA++++ | UVA/UVB Protection | No White Cast | Moisturizing | 50g,CH,227.00,444.92,96.00,73.00,50.00,392.71
c31a9b50-bb65-4f2d-8dd7-3d227a591bd4,Good Vibes CICA Brightening Glow Sunscreen SPF 50 PA++++ | UVA/UVB Protection | No White Cast | Moisturizing | 50g,DE,227.00,444.92,96.00,73.00,50.00,392.71
c31a9b50-bb65-4f2d-8dd7-3d227a591bd4,Good Vibes CICA Brightening Glow Sunscreen SPF 50 PA++++ | UVA/UVB Protection | No White Cast | Moisturizing | 50g,FR,227.00,444.92,96.00,73.00,50.00,392.71
c31a9b50-bb65-4f2d-8dd7-3d227a591bd4,Good Vibes CICA Brightening Glow Sunscreen SPF 50 PA++++ | UVA/UVB Protection | No White Cast | Moisturizing | 50g,GB,227.00,444.92,96.00,73.00,50.00,392.71
c31a9b50-bb65-4f2d-8dd7-3d227a591bd4,Good Vibes CICA Brightening Glow Sunscreen SPF 50 PA++++ | UVA/UVB Protection | No White Cast | Moisturizing | 50g,IE,227.00,456.27,101.00,78.00,55.00,404.06
c31a9b50-bb65-4f2d-8dd7-3d227a591bd4,Good Vibes CICA Brightening Glow Sunscreen SPF 50 PA++++ | UVA/UVB Protection | No White Cast | Moisturizing | 50g,KE,227.00,444.92,96.00,73.00,50.00,392.71
c31a9b50-bb65-4f2d-8dd7-3d227a591bd4,Good Vibes CICA Brightening Glow Sunscreen SPF 50 PA++++ | UVA/UVB Protection | No White Cast | Moisturizing | 50g,MT,227.00,444.92,96.00,73.00,50.00,392.71
c31a9b50-bb65-4f2d-8dd7-3d227a591bd4,Good Vibes CICA Brightening Glow Sunscreen SPF 50 PA++++ | UVA/UVB Protection | No White Cast | Moisturizing | 50g,US,227.00,444.92,96.00,73.00,50.00,392.71
3d9c4ba7-e920-4aa0-9c7f-aaad457ccd07,Green Floral Crystal Necklace Set for Women,AL,348.00,682.08,96.00,73.00,50.00,602.04
3d9c4ba7-e920-4aa0-9c7f-aaad457ccd07,Green Floral Crystal Necklace Set for Women,CH,348.00,682.08,96.00,73.00,50.00,602.04
3d9c4ba7-e920-4aa0-9c7f-aaad457ccd07,Green Floral Crystal Necklace Set for Women,DE,348.00,682.08,96.00,73.00,50.00,602.04
3d9c4ba7-e920-4aa0-9c7f-aaad457ccd07,Green Floral Crystal Necklace Set for Women,FR,348.00,682.08,96.00,73.00,50.00,602.04
3d9c4ba7-e920-4aa0-9c7f-aaad457ccd07,Green Floral Crystal Necklace Set for Women,GB,348.00,682.08,96.00,73.00,50.00,602.04
3d9c4ba7-e920-4aa0-9c7f-aaad457ccd07,Green Floral Crystal Necklace Set for Women,IE,348.00,699.48,101.00,78.00,55.00,619.44
3d9c4ba7-e920-4aa0-9c7f-aaad457ccd07,Green Floral Crystal Necklace Set for Women,KE,348.00,682.08,96.00,73.00,50.00,602.04
3d9c4ba7-e920-4aa0-9c7f-aaad457ccd07,Green Floral Crystal Necklace Set for Women,MT,348.00,682.08,96.00,73.00,50.00,602.04
3d9c4ba7-e920-4aa0-9c7f-aaad457ccd07,Green Floral Crystal Necklace Set for Women,US,348.00,682.08,96.00,73.00,50.00,602.04
8af960c7-a06e-4e91-b6fb-eef4d29a8a51,"Harpic Disinfectant Bathroom Cleaner — Floral Bloom, 10X Better Cleaning | Kills Germs on Tiles, Floors, Sinks & Surfaces | 500ml",IE,63.00,127.80,102.86,79.86,56.86,113.31
6f2ef2a3-696b-4506-89a6-7c300b3ecc05,"Harpic Power Plus 10X Total Clean Toilet Cleaner — Original Fresh Fragrance, 5-Min Action, Kills 99.9% Germs | Thick Gel Formula for Bowls, Rims & Pipes | 500ml",AL,46.00,87.86,91.00,68.00,45.00,77.28
6f2ef2a3-696b-4506-89a6-7c300b3ecc05,"Harpic Power Plus 10X Total Clean Toilet Cleaner — Original Fresh Fragrance, 5-Min Action, Kills 99.9% Germs | Thick Gel Formula for Bowls, Rims & Pipes | 500ml",CH,46.00,87.86,91.00,68.00,45.00,77.28
6f2ef2a3-696b-4506-89a6-7c300b3ecc05,"Harpic Power Plus 10X Total Clean Toilet Cleaner — Original Fresh Fragrance, 5-Min Action, Kills 99.9% Germs | Thick Gel Formula for Bowls, Rims & Pipes | 500ml",DE,46.00,87.86,91.00,68.00,45.00,77.28
6f2ef2a3-696b-4506-89a6-7c300b3ecc05,"Harpic Power Plus 10X Total Clean Toilet Cleaner — Original Fresh Fragrance, 5-Min Action, Kills 99.9% Germs | Thick Gel Formula for Bowls, Rims & Pipes | 500ml",FR,46.00,87.86,91.00,68.00,45.00,77.28
6f2ef2a3-696b-4506-89a6-7c300b3ecc05,"Harpic Power Plus 10X Total Clean Toilet Cleaner — Original Fresh Fragrance, 5-Min Action, Kills 99.9% Germs | Thick Gel Formula for Bowls, Rims & Pipes | 500ml",GB,46.00,87.86,91.00,68.00,45.00,77.28
6f2ef2a3-696b-4506-89a6-7c300b3ecc05,"Harpic Power Plus 10X Total Clean Toilet Cleaner — Original Fresh Fragrance, 5-Min Action, Kills 99.9% Germs | Thick Gel Formula for Bowls, Rims & Pipes | 500ml",IE,46.00,93.31,102.85,79.85,56.85,82.73
6f2ef2a3-696b-4506-89a6-7c300b3ecc05,"Harpic Power Plus 10X Total Clean Toilet Cleaner — Original Fresh Fragrance, 5-Min Action, Kills 99.9% Germs | Thick Gel Formula for Bowls, Rims & Pipes | 500ml",KE,46.00,87.86,91.00,68.00,45.00,77.28
6f2ef2a3-696b-4506-89a6-7c300b3ecc05,"Harpic Power Plus 10X Total Clean Toilet Cleaner — Original Fresh Fragrance, 5-Min Action, Kills 99.9% Germs | Thick Gel Formula for Bowls, Rims & Pipes | 500ml",MT,46.00,87.86,91.00,68.00,45.00,77.28
6f2ef2a3-696b-4506-89a6-7c300b3ecc05,"Harpic Power Plus 10X Total Clean Toilet Cleaner — Original Fresh Fragrance, 5-Min Action, Kills 99.9% Germs | Thick Gel Formula for Bowls, Rims & Pipes | 500ml",US,46.00,87.86,91.00,68.00,45.00,77.28
c6bd1c4a-953c-412c-8397-1377f4653b36,Hercules Bear Infant Nail Clippers (1 Pc),AL,76.50,149.94,96.00,73.00,50.00,132.35
c6bd1c4a-953c-412c-8397-1377f4653b36,Hercules Bear Infant Nail Clippers (1 Pc),CH,76.50,149.94,96.00,73.00,50.00,132.35
c6bd1c4a-953c-412c-8397-1377f4653b36,Hercules Bear Infant Nail Clippers (1 Pc),DE,76.50,149.94,96.00,73.00,50.00,132.35
c6bd1c4a-953c-412c-8397-1377f4653b36,Hercules Bear Infant Nail Clippers (1 Pc),FR,76.50,149.94,96.00,73.00,50.00,132.35
c6bd1c4a-953c-412c-8397-1377f4653b36,Hercules Bear Infant Nail Clippers (1 Pc),GB,76.50,149.94,96.00,73.00,50.00,132.35
c6bd1c4a-953c-412c-8397-1377f4653b36,Hercules Bear Infant Nail Clippers (1 Pc),IE,76.50,153.78,101.02,78.02,55.02,136.18
c6bd1c4a-953c-412c-8397-1377f4653b36,Hercules Bear Infant Nail Clippers (1 Pc),KE,76.50,149.94,96.00,73.00,50.00,132.35
c6bd1c4a-953c-412c-8397-1377f4653b36,Hercules Bear Infant Nail Clippers (1 Pc),MT,76.50,149.94,96.00,73.00,50.00,132.35
c6bd1c4a-953c-412c-8397-1377f4653b36,Hercules Bear Infant Nail Clippers (1 Pc),US,76.50,149.94,96.00,73.00,50.00,132.35
a1f14d9a-4773-4526-9782-033d852c1534,"Himalaya Anti-Dandruff Hair Cream with Tea Tree Oil & Tulsi, Reduces Dandruff & Soothes Itchy Scalp, Lightweight Daily Hair Cream, 100 ml",AL,100.00,196.00,96.00,73.00,50.00,173.00
a1f14d9a-4773-4526-9782-033d852c1534,"Himalaya Anti-Dandruff Hair Cream with Tea Tree Oil & Tulsi, Reduces Dandruff & Soothes Itchy Scalp, Lightweight Daily Hair Cream, 100 ml",CH,100.00,196.00,96.00,73.00,50.00,173.00
a1f14d9a-4773-4526-9782-033d852c1534,"Himalaya Anti-Dandruff Hair Cream with Tea Tree Oil & Tulsi, Reduces Dandruff & Soothes Itchy Scalp, Lightweight Daily Hair Cream, 100 ml",DE,100.00,196.00,96.00,73.00,50.00,173.00
a1f14d9a-4773-4526-9782-033d852c1534,"Himalaya Anti-Dandruff Hair Cream with Tea Tree Oil & Tulsi, Reduces Dandruff & Soothes Itchy Scalp, Lightweight Daily Hair Cream, 100 ml",FR,100.00,196.00,96.00,73.00,50.00,173.00
a1f14d9a-4773-4526-9782-033d852c1534,"Himalaya Anti-Dandruff Hair Cream with Tea Tree Oil & Tulsi, Reduces Dandruff & Soothes Itchy Scalp, Lightweight Daily Hair Cream, 100 ml",GB,100.00,196.00,96.00,73.00,50.00,173.00
a1f14d9a-4773-4526-9782-033d852c1534,"Himalaya Anti-Dandruff Hair Cream with Tea Tree Oil & Tulsi, Reduces Dandruff & Soothes Itchy Scalp, Lightweight Daily Hair Cream, 100 ml",IE,100.00,201.00,101.00,78.00,55.00,178.00
a1f14d9a-4773-4526-9782-033d852c1534,"Himalaya Anti-Dandruff Hair Cream with Tea Tree Oil & Tulsi, Reduces Dandruff & Soothes Itchy Scalp, Lightweight Daily Hair Cream, 100 ml",KE,100.00,196.00,96.00,73.00,50.00,173.00
a1f14d9a-4773-4526-9782-033d852c1534,"Himalaya Anti-Dandruff Hair Cream with Tea Tree Oil & Tulsi, Reduces Dandruff & Soothes Itchy Scalp, Lightweight Daily Hair Cream, 100 ml",MT,100.00,196.00,96.00,73.00,50.00,173.00
a1f14d9a-4773-4526-9782-033d852c1534,"Himalaya Anti-Dandruff Hair Cream with Tea Tree Oil & Tulsi, Reduces Dandruff & Soothes Itchy Scalp, Lightweight Daily Hair Cream, 100 ml",US,100.00,196.00,96.00,73.00,50.00,173.00
96721e0f-a4f8-4ae8-b328-ebd04301d266,Himalaya Baby Hair Oil 100ml,AL,170.00,333.20,96.00,73.00,50.00,294.10
96721e0f-a4f8-4ae8-b328-ebd04301d266,Himalaya Baby Hair Oil 100ml,CH,170.00,333.20,96.00,73.00,50.00,294.10
96721e0f-a4f8-4ae8-b328-ebd04301d266,Himalaya Baby Hair Oil 100ml,DE,170.00,333.20,96.00,73.00,50.00,294.10
96721e0f-a4f8-4ae8-b328-ebd04301d266,Himalaya Baby Hair Oil 100ml,FR,170.00,333.20,96.00,73.00,50.00,294.10
96721e0f-a4f8-4ae8-b328-ebd04301d266,Himalaya Baby Hair Oil 100ml,GB,170.00,333.20,96.00,73.00,50.00,294.10
96721e0f-a4f8-4ae8-b328-ebd04301d266,Himalaya Baby Hair Oil 100ml,IE,170.00,341.70,101.00,78.00,55.00,302.60
96721e0f-a4f8-4ae8-b328-ebd04301d266,Himalaya Baby Hair Oil 100ml,KE,170.00,333.20,96.00,73.00,50.00,294.10
96721e0f-a4f8-4ae8-b328-ebd04301d266,Himalaya Baby Hair Oil 100ml,MT,170.00,333.20,96.00,73.00,50.00,294.10
96721e0f-a4f8-4ae8-b328-ebd04301d266,Himalaya Baby Hair Oil 100ml,US,170.00,333.20,96.00,73.00,50.00,294.10
d01934c7-3ffa-430c-be06-fbbf499a6ded,Himalaya baby massage oil,AL,140.00,274.40,96.00,73.00,50.00,242.20
d01934c7-3ffa-430c-be06-fbbf499a6ded,Himalaya baby massage oil,CH,140.00,274.40,96.00,73.00,50.00,242.20
d01934c7-3ffa-430c-be06-fbbf499a6ded,Himalaya baby massage oil,DE,140.00,274.40,96.00,73.00,50.00,242.20
d01934c7-3ffa-430c-be06-fbbf499a6ded,Himalaya baby massage oil,FR,140.00,274.40,96.00,73.00,50.00,242.20
d01934c7-3ffa-430c-be06-fbbf499a6ded,Himalaya baby massage oil,GB,140.00,274.40,96.00,73.00,50.00,242.20
d01934c7-3ffa-430c-be06-fbbf499a6ded,Himalaya baby massage oil,IE,140.00,281.40,101.00,78.00,55.00,249.20
d01934c7-3ffa-430c-be06-fbbf499a6ded,Himalaya baby massage oil,KE,140.00,274.40,96.00,73.00,50.00,242.20
d01934c7-3ffa-430c-be06-fbbf499a6ded,Himalaya baby massage oil,MT,140.00,274.40,96.00,73.00,50.00,242.20
d01934c7-3ffa-430c-be06-fbbf499a6ded,Himalaya baby massage oil,US,140.00,274.40,96.00,73.00,50.00,242.20
461fe8df-79e2-466c-8afc-a59a3071e6b3,Himalaya baby massage oil 200ml,AL,210.00,411.60,96.00,73.00,50.00,363.30
461fe8df-79e2-466c-8afc-a59a3071e6b3,Himalaya baby massage oil 200ml,CH,210.00,411.60,96.00,73.00,50.00,363.30
461fe8df-79e2-466c-8afc-a59a3071e6b3,Himalaya baby massage oil 200ml,DE,210.00,411.60,96.00,73.00,50.00,363.30
461fe8df-79e2-466c-8afc-a59a3071e6b3,Himalaya baby massage oil 200ml,FR,210.00,411.60,96.00,73.00,50.00,363.30
461fe8df-79e2-466c-8afc-a59a3071e6b3,Himalaya baby massage oil 200ml,GB,210.00,411.60,96.00,73.00,50.00,363.30
461fe8df-79e2-466c-8afc-a59a3071e6b3,Himalaya baby massage oil 200ml,IE,210.00,422.10,101.00,78.00,55.00,373.80
461fe8df-79e2-466c-8afc-a59a3071e6b3,Himalaya baby massage oil 200ml,KE,210.00,411.60,96.00,73.00,50.00,363.30
461fe8df-79e2-466c-8afc-a59a3071e6b3,Himalaya baby massage oil 200ml,MT,210.00,411.60,96.00,73.00,50.00,363.30
461fe8df-79e2-466c-8afc-a59a3071e6b3,Himalaya baby massage oil 200ml,US,210.00,411.60,96.00,73.00,50.00,363.30
25f747f8-b4d1-4509-a75b-8492167035eb,Himalaya Brightening Vitamin C Orange Face Serum (15 ml),AL,299.00,586.04,96.00,73.00,50.00,517.27
25f747f8-b4d1-4509-a75b-8492167035eb,Himalaya Brightening Vitamin C Orange Face Serum (15 ml),CH,299.00,586.04,96.00,73.00,50.00,517.27
25f747f8-b4d1-4509-a75b-8492167035eb,Himalaya Brightening Vitamin C Orange Face Serum (15 ml),DE,299.00,586.04,96.00,73.00,50.00,517.27
25f747f8-b4d1-4509-a75b-8492167035eb,Himalaya Brightening Vitamin C Orange Face Serum (15 ml),FR,299.00,586.04,96.00,73.00,50.00,517.27
25f747f8-b4d1-4509-a75b-8492167035eb,Himalaya Brightening Vitamin C Orange Face Serum (15 ml),GB,299.00,586.04,96.00,73.00,50.00,517.27
25f747f8-b4d1-4509-a75b-8492167035eb,Himalaya Brightening Vitamin C Orange Face Serum (15 ml),IE,299.00,600.99,101.00,78.00,55.00,532.22
25f747f8-b4d1-4509-a75b-8492167035eb,Himalaya Brightening Vitamin C Orange Face Serum (15 ml),KE,299.00,586.04,96.00,73.00,50.00,517.27
25f747f8-b4d1-4509-a75b-8492167035eb,Himalaya Brightening Vitamin C Orange Face Serum (15 ml),MT,299.00,586.04,96.00,73.00,50.00,517.27
25f747f8-b4d1-4509-a75b-8492167035eb,Himalaya Brightening Vitamin C Orange Face Serum (15 ml),US,299.00,586.04,96.00,73.00,50.00,517.27
8e9f08dc-e88f-4672-8deb-5b0db9c26a58,Himalaya Gentle Baby Wash 100ml,AL,115.00,225.40,96.00,73.00,50.00,198.95
8e9f08dc-e88f-4672-8deb-5b0db9c26a58,Himalaya Gentle Baby Wash 100ml,CH,115.00,225.40,96.00,73.00,50.00,198.95
8e9f08dc-e88f-4672-8deb-5b0db9c26a58,Himalaya Gentle Baby Wash 100ml,DE,115.00,225.40,96.00,73.00,50.00,198.95
8e9f08dc-e88f-4672-8deb-5b0db9c26a58,Himalaya Gentle Baby Wash 100ml,FR,115.00,225.40,96.00,73.00,50.00,198.95
8e9f08dc-e88f-4672-8deb-5b0db9c26a58,Himalaya Gentle Baby Wash 100ml,GB,115.00,225.40,96.00,73.00,50.00,198.95
8e9f08dc-e88f-4672-8deb-5b0db9c26a58,Himalaya Gentle Baby Wash 100ml,IE,115.00,231.15,101.00,78.00,55.00,204.70
8e9f08dc-e88f-4672-8deb-5b0db9c26a58,Himalaya Gentle Baby Wash 100ml,KE,115.00,225.40,96.00,73.00,50.00,198.95
8e9f08dc-e88f-4672-8deb-5b0db9c26a58,Himalaya Gentle Baby Wash 100ml,MT,115.00,225.40,96.00,73.00,50.00,198.95
8e9f08dc-e88f-4672-8deb-5b0db9c26a58,Himalaya Gentle Baby Wash 100ml,US,115.00,225.40,96.00,73.00,50.00,198.95
d8b54fe9-fcba-4290-b4f7-3c82270e4289,"Himalaya Happy Baby Gift Pack – Baby Cream, Baby Powder & Gentle Baby Soap Combo",AL,437.00,834.67,91.00,68.00,45.00,734.16
d8b54fe9-fcba-4290-b4f7-3c82270e4289,"Himalaya Happy Baby Gift Pack – Baby Cream, Baby Powder & Gentle Baby Soap Combo",CH,437.00,834.67,91.00,68.00,45.00,734.16
d8b54fe9-fcba-4290-b4f7-3c82270e4289,"Himalaya Happy Baby Gift Pack – Baby Cream, Baby Powder & Gentle Baby Soap Combo",DE,437.00,834.67,91.00,68.00,45.00,734.16
d8b54fe9-fcba-4290-b4f7-3c82270e4289,"Himalaya Happy Baby Gift Pack – Baby Cream, Baby Powder & Gentle Baby Soap Combo",FR,437.00,834.67,91.00,68.00,45.00,734.16
d8b54fe9-fcba-4290-b4f7-3c82270e4289,"Himalaya Happy Baby Gift Pack – Baby Cream, Baby Powder & Gentle Baby Soap Combo",GB,437.00,834.67,91.00,68.00,45.00,734.16
d8b54fe9-fcba-4290-b4f7-3c82270e4289,"Himalaya Happy Baby Gift Pack – Baby Cream, Baby Powder & Gentle Baby Soap Combo",IE,437.00,886.46,102.85,79.85,56.85,785.95
d8b54fe9-fcba-4290-b4f7-3c82270e4289,"Himalaya Happy Baby Gift Pack – Baby Cream, Baby Powder & Gentle Baby Soap Combo",KE,437.00,834.67,91.00,68.00,45.00,734.16
d8b54fe9-fcba-4290-b4f7-3c82270e4289,"Himalaya Happy Baby Gift Pack – Baby Cream, Baby Powder & Gentle Baby Soap Combo",MT,437.00,834.67,91.00,68.00,45.00,734.16
d8b54fe9-fcba-4290-b4f7-3c82270e4289,"Himalaya Happy Baby Gift Pack – Baby Cream, Baby Powder & Gentle Baby Soap Combo",US,437.00,834.67,91.00,68.00,45.00,734.16
2150ccb8-57ca-407a-a610-e676281888b6,HIMALAYA MOISTURIZING ALOVERA FACE GEL,AL,90.00,176.40,96.00,73.00,50.00,155.70
2150ccb8-57ca-407a-a610-e676281888b6,HIMALAYA MOISTURIZING ALOVERA FACE GEL,CH,90.00,176.40,96.00,73.00,50.00,155.70
2150ccb8-57ca-407a-a610-e676281888b6,HIMALAYA MOISTURIZING ALOVERA FACE GEL,DE,90.00,176.40,96.00,73.00,50.00,155.70
2150ccb8-57ca-407a-a610-e676281888b6,HIMALAYA MOISTURIZING ALOVERA FACE GEL,FR,90.00,176.40,96.00,73.00,50.00,155.70
2150ccb8-57ca-407a-a610-e676281888b6,HIMALAYA MOISTURIZING ALOVERA FACE GEL,GB,90.00,176.40,96.00,73.00,50.00,155.70
2150ccb8-57ca-407a-a610-e676281888b6,HIMALAYA MOISTURIZING ALOVERA FACE GEL,IE,90.00,180.90,101.00,78.00,55.00,160.20
2150ccb8-57ca-407a-a610-e676281888b6,HIMALAYA MOISTURIZING ALOVERA FACE GEL,KE,90.00,176.40,96.00,73.00,50.00,155.70
2150ccb8-57ca-407a-a610-e676281888b6,HIMALAYA MOISTURIZING ALOVERA FACE GEL,MT,90.00,176.40,96.00,73.00,50.00,155.70
2150ccb8-57ca-407a-a610-e676281888b6,HIMALAYA MOISTURIZING ALOVERA FACE GEL,US,90.00,176.40,96.00,73.00,50.00,155.70
5e9c6812-71a9-417e-b83f-d14f98742818,Himalaya Natural Glow Kesar Face Cream with Phyto-Vitamin Complex & UV Filters,AL,54.00,105.84,96.00,73.00,50.00,93.42
5e9c6812-71a9-417e-b83f-d14f98742818,Himalaya Natural Glow Kesar Face Cream with Phyto-Vitamin Complex & UV Filters,CH,54.00,105.84,96.00,73.00,50.00,93.42
5e9c6812-71a9-417e-b83f-d14f98742818,Himalaya Natural Glow Kesar Face Cream with Phyto-Vitamin Complex & UV Filters,DE,54.00,105.84,96.00,73.00,50.00,93.42
5e9c6812-71a9-417e-b83f-d14f98742818,Himalaya Natural Glow Kesar Face Cream with Phyto-Vitamin Complex & UV Filters,FR,54.00,105.84,96.00,73.00,50.00,93.42
5e9c6812-71a9-417e-b83f-d14f98742818,Himalaya Natural Glow Kesar Face Cream with Phyto-Vitamin Complex & UV Filters,GB,54.00,105.84,96.00,73.00,50.00,93.42
5e9c6812-71a9-417e-b83f-d14f98742818,Himalaya Natural Glow Kesar Face Cream with Phyto-Vitamin Complex & UV Filters,IE,54.00,108.54,101.00,78.00,55.00,96.12
5e9c6812-71a9-417e-b83f-d14f98742818,Himalaya Natural Glow Kesar Face Cream with Phyto-Vitamin Complex & UV Filters,KE,54.00,105.84,96.00,73.00,50.00,93.42
5e9c6812-71a9-417e-b83f-d14f98742818,Himalaya Natural Glow Kesar Face Cream with Phyto-Vitamin Complex & UV Filters,MT,54.00,105.84,96.00,73.00,50.00,93.42
5e9c6812-71a9-417e-b83f-d14f98742818,Himalaya Natural Glow Kesar Face Cream with Phyto-Vitamin Complex & UV Filters,US,54.00,105.84,96.00,73.00,50.00,93.42
ae097ff3-d751-49ac-b183-6cb164c3ec81,Himalaya Natural Glow Rose Face Cream,AL,53.00,103.88,96.00,73.00,50.00,91.69
ae097ff3-d751-49ac-b183-6cb164c3ec81,Himalaya Natural Glow Rose Face Cream,CH,53.00,103.88,96.00,73.00,50.00,91.69
ae097ff3-d751-49ac-b183-6cb164c3ec81,Himalaya Natural Glow Rose Face Cream,DE,53.00,103.88,96.00,73.00,50.00,91.69
ae097ff3-d751-49ac-b183-6cb164c3ec81,Himalaya Natural Glow Rose Face Cream,FR,53.00,103.88,96.00,73.00,50.00,91.69
ae097ff3-d751-49ac-b183-6cb164c3ec81,Himalaya Natural Glow Rose Face Cream,GB,53.00,103.88,96.00,73.00,50.00,91.69
ae097ff3-d751-49ac-b183-6cb164c3ec81,Himalaya Natural Glow Rose Face Cream,IE,53.00,106.53,101.00,78.00,55.00,94.34
ae097ff3-d751-49ac-b183-6cb164c3ec81,Himalaya Natural Glow Rose Face Cream,KE,53.00,103.88,96.00,73.00,50.00,91.69
ae097ff3-d751-49ac-b183-6cb164c3ec81,Himalaya Natural Glow Rose Face Cream,MT,53.00,103.88,96.00,73.00,50.00,91.69
ae097ff3-d751-49ac-b183-6cb164c3ec81,Himalaya Natural Glow Rose Face Cream,US,53.00,103.88,96.00,73.00,50.00,91.69
d6f6f658-48f0-4e48-ab3e-d378ab057ee5,Himalaya Protective Sunscreen Lotion SPF 15 | UVA & UVB Protection | Non-Greasy Daily Use Sunscreen | Suitable for All Skin Types,AL,218.00,427.28,96.00,73.00,50.00,377.14
d6f6f658-48f0-4e48-ab3e-d378ab057ee5,Himalaya Protective Sunscreen Lotion SPF 15 | UVA & UVB Protection | Non-Greasy Daily Use Sunscreen | Suitable for All Skin Types,CH,218.00,427.28,96.00,73.00,50.00,377.14
d6f6f658-48f0-4e48-ab3e-d378ab057ee5,Himalaya Protective Sunscreen Lotion SPF 15 | UVA & UVB Protection | Non-Greasy Daily Use Sunscreen | Suitable for All Skin Types,DE,218.00,427.28,96.00,73.00,50.00,377.14
d6f6f658-48f0-4e48-ab3e-d378ab057ee5,Himalaya Protective Sunscreen Lotion SPF 15 | UVA & UVB Protection | Non-Greasy Daily Use Sunscreen | Suitable for All Skin Types,FR,218.00,427.28,96.00,73.00,50.00,377.14
d6f6f658-48f0-4e48-ab3e-d378ab057ee5,Himalaya Protective Sunscreen Lotion SPF 15 | UVA & UVB Protection | Non-Greasy Daily Use Sunscreen | Suitable for All Skin Types,GB,218.00,427.28,96.00,73.00,50.00,377.14
d6f6f658-48f0-4e48-ab3e-d378ab057ee5,Himalaya Protective Sunscreen Lotion SPF 15 | UVA & UVB Protection | Non-Greasy Daily Use Sunscreen | Suitable for All Skin Types,IE,218.00,438.18,101.00,78.00,55.00,388.04
d6f6f658-48f0-4e48-ab3e-d378ab057ee5,Himalaya Protective Sunscreen Lotion SPF 15 | UVA & UVB Protection | Non-Greasy Daily Use Sunscreen | Suitable for All Skin Types,KE,218.00,427.28,96.00,73.00,50.00,377.14
d6f6f658-48f0-4e48-ab3e-d378ab057ee5,Himalaya Protective Sunscreen Lotion SPF 15 | UVA & UVB Protection | Non-Greasy Daily Use Sunscreen | Suitable for All Skin Types,MT,218.00,427.28,96.00,73.00,50.00,377.14
d6f6f658-48f0-4e48-ab3e-d378ab057ee5,Himalaya Protective Sunscreen Lotion SPF 15 | UVA & UVB Protection | Non-Greasy Daily Use Sunscreen | Suitable for All Skin Types,US,218.00,427.28,96.00,73.00,50.00,377.14
5175facf-2e51-42da-9303-289b9b316b3e,"Himalaya Protein Hair Cream Extra Nourishment with Chickpea & Amla, Strengthens & Conditions Hair, Non-Greasy Daily Hair Cream for Soft Smooth Hair, 100 ml",AL,100.00,196.00,96.00,73.00,50.00,173.00
5175facf-2e51-42da-9303-289b9b316b3e,"Himalaya Protein Hair Cream Extra Nourishment with Chickpea & Amla, Strengthens & Conditions Hair, Non-Greasy Daily Hair Cream for Soft Smooth Hair, 100 ml",CH,100.00,196.00,96.00,73.00,50.00,173.00
5175facf-2e51-42da-9303-289b9b316b3e,"Himalaya Protein Hair Cream Extra Nourishment with Chickpea & Amla, Strengthens & Conditions Hair, Non-Greasy Daily Hair Cream for Soft Smooth Hair, 100 ml",DE,100.00,196.00,96.00,73.00,50.00,173.00
5175facf-2e51-42da-9303-289b9b316b3e,"Himalaya Protein Hair Cream Extra Nourishment with Chickpea & Amla, Strengthens & Conditions Hair, Non-Greasy Daily Hair Cream for Soft Smooth Hair, 100 ml",FR,100.00,196.00,96.00,73.00,50.00,173.00
5175facf-2e51-42da-9303-289b9b316b3e,"Himalaya Protein Hair Cream Extra Nourishment with Chickpea & Amla, Strengthens & Conditions Hair, Non-Greasy Daily Hair Cream for Soft Smooth Hair, 100 ml",GB,100.00,196.00,96.00,73.00,50.00,173.00
5175facf-2e51-42da-9303-289b9b316b3e,"Himalaya Protein Hair Cream Extra Nourishment with Chickpea & Amla, Strengthens & Conditions Hair, Non-Greasy Daily Hair Cream for Soft Smooth Hair, 100 ml",IE,100.00,201.00,101.00,78.00,55.00,178.00
5175facf-2e51-42da-9303-289b9b316b3e,"Himalaya Protein Hair Cream Extra Nourishment with Chickpea & Amla, Strengthens & Conditions Hair, Non-Greasy Daily Hair Cream for Soft Smooth Hair, 100 ml",KE,100.00,196.00,96.00,73.00,50.00,173.00
5175facf-2e51-42da-9303-289b9b316b3e,"Himalaya Protein Hair Cream Extra Nourishment with Chickpea & Amla, Strengthens & Conditions Hair, Non-Greasy Daily Hair Cream for Soft Smooth Hair, 100 ml",MT,100.00,196.00,96.00,73.00,50.00,173.00
5175facf-2e51-42da-9303-289b9b316b3e,"Himalaya Protein Hair Cream Extra Nourishment with Chickpea & Amla, Strengthens & Conditions Hair, Non-Greasy Daily Hair Cream for Soft Smooth Hair, 100 ml",US,100.00,196.00,96.00,73.00,50.00,173.00
e10b26c4-442e-46ee-8f4a-b2a6ec2ce415,Himalaya Refreshing & Clarifying Toner 100ml | Alcohol-Free Toner for All Skin Types | Minimizes Pores & Controls Oil | Herbal Face Toner,AL,108.00,211.68,96.00,73.00,50.00,186.84
e10b26c4-442e-46ee-8f4a-b2a6ec2ce415,Himalaya Refreshing & Clarifying Toner 100ml | Alcohol-Free Toner for All Skin Types | Minimizes Pores & Controls Oil | Herbal Face Toner,CH,108.00,211.68,96.00,73.00,50.00,186.84
e10b26c4-442e-46ee-8f4a-b2a6ec2ce415,Himalaya Refreshing & Clarifying Toner 100ml | Alcohol-Free Toner for All Skin Types | Minimizes Pores & Controls Oil | Herbal Face Toner,DE,108.00,211.68,96.00,73.00,50.00,186.84
e10b26c4-442e-46ee-8f4a-b2a6ec2ce415,Himalaya Refreshing & Clarifying Toner 100ml | Alcohol-Free Toner for All Skin Types | Minimizes Pores & Controls Oil | Herbal Face Toner,FR,108.00,211.68,96.00,73.00,50.00,186.84
e10b26c4-442e-46ee-8f4a-b2a6ec2ce415,Himalaya Refreshing & Clarifying Toner 100ml | Alcohol-Free Toner for All Skin Types | Minimizes Pores & Controls Oil | Herbal Face Toner,GB,108.00,211.68,96.00,73.00,50.00,186.84
e10b26c4-442e-46ee-8f4a-b2a6ec2ce415,Himalaya Refreshing & Clarifying Toner 100ml | Alcohol-Free Toner for All Skin Types | Minimizes Pores & Controls Oil | Herbal Face Toner,IE,108.00,217.08,101.00,78.00,55.00,192.24
e10b26c4-442e-46ee-8f4a-b2a6ec2ce415,Himalaya Refreshing & Clarifying Toner 100ml | Alcohol-Free Toner for All Skin Types | Minimizes Pores & Controls Oil | Herbal Face Toner,KE,108.00,211.68,96.00,73.00,50.00,186.84
e10b26c4-442e-46ee-8f4a-b2a6ec2ce415,Himalaya Refreshing & Clarifying Toner 100ml | Alcohol-Free Toner for All Skin Types | Minimizes Pores & Controls Oil | Herbal Face Toner,MT,108.00,211.68,96.00,73.00,50.00,186.84
e10b26c4-442e-46ee-8f4a-b2a6ec2ce415,Himalaya Refreshing & Clarifying Toner 100ml | Alcohol-Free Toner for All Skin Types | Minimizes Pores & Controls Oil | Herbal Face Toner,US,108.00,211.68,96.00,73.00,50.00,186.84
223b6e17-e929-4567-b94c-c14f59cc47c1,HTC Rechargeable Hair Trimmer for Men | Cordless Beard & Hair Clipper,AL,574.00,1182.44,106.00,83.00,60.00,1050.42
223b6e17-e929-4567-b94c-c14f59cc47c1,HTC Rechargeable Hair Trimmer for Men | Cordless Beard & Hair Clipper,CH,574.00,1182.44,106.00,83.00,60.00,1050.42
223b6e17-e929-4567-b94c-c14f59cc47c1,HTC Rechargeable Hair Trimmer for Men | Cordless Beard & Hair Clipper,DE,574.00,1182.44,106.00,83.00,60.00,1050.42
223b6e17-e929-4567-b94c-c14f59cc47c1,HTC Rechargeable Hair Trimmer for Men | Cordless Beard & Hair Clipper,FR,574.00,1182.44,106.00,83.00,60.00,1050.42
223b6e17-e929-4567-b94c-c14f59cc47c1,HTC Rechargeable Hair Trimmer for Men | Cordless Beard & Hair Clipper,GB,574.00,1182.44,106.00,83.00,60.00,1050.42
223b6e17-e929-4567-b94c-c14f59cc47c1,HTC Rechargeable Hair Trimmer for Men | Cordless Beard & Hair Clipper,IE,574.00,1211.14,111.00,88.00,65.00,1079.12
223b6e17-e929-4567-b94c-c14f59cc47c1,HTC Rechargeable Hair Trimmer for Men | Cordless Beard & Hair Clipper,KE,574.00,1182.44,106.00,83.00,60.00,1050.42
223b6e17-e929-4567-b94c-c14f59cc47c1,HTC Rechargeable Hair Trimmer for Men | Cordless Beard & Hair Clipper,MT,574.00,1182.44,106.00,83.00,60.00,1050.42
223b6e17-e929-4567-b94c-c14f59cc47c1,HTC Rechargeable Hair Trimmer for Men | Cordless Beard & Hair Clipper,US,574.00,1182.44,106.00,83.00,60.00,1050.42
681fabc1-0454-454e-a115-89b036df5c31,Hula Hoop Brightening Body Lotion byÂ FoxtaleÂ | Brightens & Hydrates |Â 200 mlÂ,AL,400.00,816.87,104.22,81.22,58.22,724.87
681fabc1-0454-454e-a115-89b036df5c31,Hula Hoop Brightening Body Lotion byÂ FoxtaleÂ | Brightens & Hydrates |Â 200 mlÂ,CH,400.00,816.87,104.22,81.22,58.22,724.87
681fabc1-0454-454e-a115-89b036df5c31,Hula Hoop Brightening Body Lotion byÂ FoxtaleÂ | Brightens & Hydrates |Â 200 mlÂ,DE,400.00,816.87,104.22,81.22,58.22,724.87
681fabc1-0454-454e-a115-89b036df5c31,Hula Hoop Brightening Body Lotion byÂ FoxtaleÂ | Brightens & Hydrates |Â 200 mlÂ,FR,400.00,816.87,104.22,81.22,58.22,724.87
681fabc1-0454-454e-a115-89b036df5c31,Hula Hoop Brightening Body Lotion byÂ FoxtaleÂ | Brightens & Hydrates |Â 200 mlÂ,GB,400.00,816.87,104.22,81.22,58.22,724.87
681fabc1-0454-454e-a115-89b036df5c31,Hula Hoop Brightening Body Lotion byÂ FoxtaleÂ | Brightens & Hydrates |Â 200 mlÂ,IE,400.00,845.58,111.40,88.40,65.40,753.58
681fabc1-0454-454e-a115-89b036df5c31,Hula Hoop Brightening Body Lotion byÂ FoxtaleÂ | Brightens & Hydrates |Â 200 mlÂ,KE,400.00,816.87,104.22,81.22,58.22,724.87
681fabc1-0454-454e-a115-89b036df5c31,Hula Hoop Brightening Body Lotion byÂ FoxtaleÂ | Brightens & Hydrates |Â 200 mlÂ,MT,400.00,816.87,104.22,81.22,58.22,724.87
681fabc1-0454-454e-a115-89b036df5c31,Hula Hoop Brightening Body Lotion byÂ FoxtaleÂ | Brightens & Hydrates |Â 200 mlÂ,US,400.00,816.87,104.22,81.22,58.22,724.87
85a37b19-1c10-4246-9483-6cbcef405d50,Hula Hoop Brightening Body Wash byÂ FoxtaleÂ | Exfoliates & Reduces Tan |250 mlÂ,AL,379.00,742.84,96.00,73.00,50.00,655.67
85a37b19-1c10-4246-9483-6cbcef405d50,Hula Hoop Brightening Body Wash byÂ FoxtaleÂ | Exfoliates & Reduces Tan |250 mlÂ,CH,379.00,742.84,96.00,73.00,50.00,655.67
85a37b19-1c10-4246-9483-6cbcef405d50,Hula Hoop Brightening Body Wash byÂ FoxtaleÂ | Exfoliates & Reduces Tan |250 mlÂ,DE,379.00,742.84,96.00,73.00,50.00,655.67
85a37b19-1c10-4246-9483-6cbcef405d50,Hula Hoop Brightening Body Wash byÂ FoxtaleÂ | Exfoliates & Reduces Tan |250 mlÂ,FR,379.00,742.84,96.00,73.00,50.00,655.67
85a37b19-1c10-4246-9483-6cbcef405d50,Hula Hoop Brightening Body Wash byÂ FoxtaleÂ | Exfoliates & Reduces Tan |250 mlÂ,GB,379.00,742.84,96.00,73.00,50.00,655.67
85a37b19-1c10-4246-9483-6cbcef405d50,Hula Hoop Brightening Body Wash byÂ FoxtaleÂ | Exfoliates & Reduces Tan |250 mlÂ,IE,379.00,768.81,102.85,79.85,56.85,681.64
85a37b19-1c10-4246-9483-6cbcef405d50,Hula Hoop Brightening Body Wash byÂ FoxtaleÂ | Exfoliates & Reduces Tan |250 mlÂ,KE,379.00,742.84,96.00,73.00,50.00,655.67
85a37b19-1c10-4246-9483-6cbcef405d50,Hula Hoop Brightening Body Wash byÂ FoxtaleÂ | Exfoliates & Reduces Tan |250 mlÂ,MT,379.00,742.84,96.00,73.00,50.00,655.67
85a37b19-1c10-4246-9483-6cbcef405d50,Hula Hoop Brightening Body Wash byÂ FoxtaleÂ | Exfoliates & Reduces Tan |250 mlÂ,US,379.00,742.84,96.00,73.00,50.00,655.67
5c9f1848-244d-4b89-90e4-bbb479b26d65,HYPHE TINTED LIP BALM BRIGHTENS DARK LIPS & PIGMENTATION,AL,379.00,742.84,96.00,73.00,50.00,655.67
5c9f1848-244d-4b89-90e4-bbb479b26d65,HYPHE TINTED LIP BALM BRIGHTENS DARK LIPS & PIGMENTATION,CH,379.00,742.84,96.00,73.00,50.00,655.67
5c9f1848-244d-4b89-90e4-bbb479b26d65,HYPHE TINTED LIP BALM BRIGHTENS DARK LIPS & PIGMENTATION,DE,379.00,742.84,96.00,73.00,50.00,655.67
5c9f1848-244d-4b89-90e4-bbb479b26d65,HYPHE TINTED LIP BALM BRIGHTENS DARK LIPS & PIGMENTATION,FR,379.00,742.84,96.00,73.00,50.00,655.67
5c9f1848-244d-4b89-90e4-bbb479b26d65,HYPHE TINTED LIP BALM BRIGHTENS DARK LIPS & PIGMENTATION,GB,379.00,742.84,96.00,73.00,50.00,655.67
5c9f1848-244d-4b89-90e4-bbb479b26d65,HYPHE TINTED LIP BALM BRIGHTENS DARK LIPS & PIGMENTATION,IE,379.00,761.79,101.00,78.00,55.00,674.62
5c9f1848-244d-4b89-90e4-bbb479b26d65,HYPHE TINTED LIP BALM BRIGHTENS DARK LIPS & PIGMENTATION,KE,379.00,742.84,96.00,73.00,50.00,655.67
5c9f1848-244d-4b89-90e4-bbb479b26d65,HYPHE TINTED LIP BALM BRIGHTENS DARK LIPS & PIGMENTATION,MT,379.00,742.84,96.00,73.00,50.00,655.67
5c9f1848-244d-4b89-90e4-bbb479b26d65,HYPHE TINTED LIP BALM BRIGHTENS DARK LIPS & PIGMENTATION,US,379.00,742.84,96.00,73.00,50.00,655.67
2d1ff803-6227-4d4d-bcb0-8f0238da9c2e,Hyphen 10% Peptide with 2% Copper Peptide Face Serum,IE,640.00,1222.40,91.00,68.00,45.00,1075.20
b2010e9a-1609-4096-818e-6eba71d0c258,HYPHEN 2% CERAMIDE- PEOTIDE COMPLEX BARRIER REPAIR FACE MOISTURIZER,AL,404.00,791.84,96.00,73.00,50.00,698.92
b2010e9a-1609-4096-818e-6eba71d0c258,HYPHEN 2% CERAMIDE- PEOTIDE COMPLEX BARRIER REPAIR FACE MOISTURIZER,CH,404.00,791.84,96.00,73.00,50.00,698.92
b2010e9a-1609-4096-818e-6eba71d0c258,HYPHEN 2% CERAMIDE- PEOTIDE COMPLEX BARRIER REPAIR FACE MOISTURIZER,DE,404.00,791.84,96.00,73.00,50.00,698.92
b2010e9a-1609-4096-818e-6eba71d0c258,HYPHEN 2% CERAMIDE- PEOTIDE COMPLEX BARRIER REPAIR FACE MOISTURIZER,FR,404.00,791.84,96.00,73.00,50.00,698.92
b2010e9a-1609-4096-818e-6eba71d0c258,HYPHEN 2% CERAMIDE- PEOTIDE COMPLEX BARRIER REPAIR FACE MOISTURIZER,GB,404.00,791.84,96.00,73.00,50.00,698.92
b2010e9a-1609-4096-818e-6eba71d0c258,HYPHEN 2% CERAMIDE- PEOTIDE COMPLEX BARRIER REPAIR FACE MOISTURIZER,IE,404.00,812.04,101.00,78.00,55.00,719.12
b2010e9a-1609-4096-818e-6eba71d0c258,HYPHEN 2% CERAMIDE- PEOTIDE COMPLEX BARRIER REPAIR FACE MOISTURIZER,KE,404.00,791.84,96.00,73.00,50.00,698.92
b2010e9a-1609-4096-818e-6eba71d0c258,HYPHEN 2% CERAMIDE- PEOTIDE COMPLEX BARRIER REPAIR FACE MOISTURIZER,MT,404.00,791.84,96.00,73.00,50.00,698.92
b2010e9a-1609-4096-818e-6eba71d0c258,HYPHEN 2% CERAMIDE- PEOTIDE COMPLEX BARRIER REPAIR FACE MOISTURIZER,US,404.00,791.84,96.00,73.00,50.00,698.92
e5bff510-8064-4b5c-86bb-8bce4f95da81,Hyphen 2% Cica Exosomes Oil-Free Moisturizer,AL,420.00,823.20,96.00,73.00,50.00,726.60
e5bff510-8064-4b5c-86bb-8bce4f95da81,Hyphen 2% Cica Exosomes Oil-Free Moisturizer,CH,420.00,823.20,96.00,73.00,50.00,726.60
e5bff510-8064-4b5c-86bb-8bce4f95da81,Hyphen 2% Cica Exosomes Oil-Free Moisturizer,DE,420.00,823.20,96.00,73.00,50.00,726.60
e5bff510-8064-4b5c-86bb-8bce4f95da81,Hyphen 2% Cica Exosomes Oil-Free Moisturizer,FR,420.00,823.20,96.00,73.00,50.00,726.60
e5bff510-8064-4b5c-86bb-8bce4f95da81,Hyphen 2% Cica Exosomes Oil-Free Moisturizer,GB,420.00,823.20,96.00,73.00,50.00,726.60
e5bff510-8064-4b5c-86bb-8bce4f95da81,Hyphen 2% Cica Exosomes Oil-Free Moisturizer,IE,420.00,844.20,101.00,78.00,55.00,747.60
e5bff510-8064-4b5c-86bb-8bce4f95da81,Hyphen 2% Cica Exosomes Oil-Free Moisturizer,KE,420.00,823.20,96.00,73.00,50.00,726.60
e5bff510-8064-4b5c-86bb-8bce4f95da81,Hyphen 2% Cica Exosomes Oil-Free Moisturizer,MT,420.00,823.20,96.00,73.00,50.00,726.60
e5bff510-8064-4b5c-86bb-8bce4f95da81,Hyphen 2% Cica Exosomes Oil-Free Moisturizer,US,420.00,823.20,96.00,73.00,50.00,726.60
3b6e0f95-fbdf-42cb-af5e-aac02267dcd5,Hyphen 5% Niacinamide 1% Alpha Arbutin Brightening Face Serum,AL,380.00,744.80,96.00,73.00,50.00,657.40
3b6e0f95-fbdf-42cb-af5e-aac02267dcd5,Hyphen 5% Niacinamide 1% Alpha Arbutin Brightening Face Serum,CH,380.00,744.80,96.00,73.00,50.00,657.40
3b6e0f95-fbdf-42cb-af5e-aac02267dcd5,Hyphen 5% Niacinamide 1% Alpha Arbutin Brightening Face Serum,DE,380.00,744.80,96.00,73.00,50.00,657.40
3b6e0f95-fbdf-42cb-af5e-aac02267dcd5,Hyphen 5% Niacinamide 1% Alpha Arbutin Brightening Face Serum,FR,380.00,744.80,96.00,73.00,50.00,657.40
3b6e0f95-fbdf-42cb-af5e-aac02267dcd5,Hyphen 5% Niacinamide 1% Alpha Arbutin Brightening Face Serum,GB,380.00,744.80,96.00,73.00,50.00,657.40
3b6e0f95-fbdf-42cb-af5e-aac02267dcd5,Hyphen 5% Niacinamide 1% Alpha Arbutin Brightening Face Serum,IE,380.00,763.80,101.00,78.00,55.00,676.40
3b6e0f95-fbdf-42cb-af5e-aac02267dcd5,Hyphen 5% Niacinamide 1% Alpha Arbutin Brightening Face Serum,KE,380.00,744.80,96.00,73.00,50.00,657.40
3b6e0f95-fbdf-42cb-af5e-aac02267dcd5,Hyphen 5% Niacinamide 1% Alpha Arbutin Brightening Face Serum,MT,380.00,744.80,96.00,73.00,50.00,657.40
3b6e0f95-fbdf-42cb-af5e-aac02267dcd5,Hyphen 5% Niacinamide 1% Alpha Arbutin Brightening Face Serum,US,380.00,744.80,96.00,73.00,50.00,657.40
94ebac1f-618e-4274-8b4a-86b68599176d,Hyphen Acne Defence Daily Serum,IE,620.00,1184.20,91.00,68.00,45.00,1041.60
e71f0bee-354d-47de-bf67-21648db6b20f,Hyphen Advanced De-Pigmentation Serum,IE,640.00,1222.40,91.00,68.00,45.00,1075.20
010a9a07-0d7d-4297-9b38-8725a76b3ba4,HYPHEN ADVANCED ESSENTIAL KIT DOUBLE SHOT RADIANCE SERUM + HAZEL LIP BALM COMBO OF 2,AL,157.00,307.72,96.00,73.00,50.00,271.61
010a9a07-0d7d-4297-9b38-8725a76b3ba4,HYPHEN ADVANCED ESSENTIAL KIT DOUBLE SHOT RADIANCE SERUM + HAZEL LIP BALM COMBO OF 2,CH,157.00,307.72,96.00,73.00,50.00,271.61
010a9a07-0d7d-4297-9b38-8725a76b3ba4,HYPHEN ADVANCED ESSENTIAL KIT DOUBLE SHOT RADIANCE SERUM + HAZEL LIP BALM COMBO OF 2,DE,157.00,307.72,96.00,73.00,50.00,271.61
010a9a07-0d7d-4297-9b38-8725a76b3ba4,HYPHEN ADVANCED ESSENTIAL KIT DOUBLE SHOT RADIANCE SERUM + HAZEL LIP BALM COMBO OF 2,FR,157.00,307.72,96.00,73.00,50.00,271.61
010a9a07-0d7d-4297-9b38-8725a76b3ba4,HYPHEN ADVANCED ESSENTIAL KIT DOUBLE SHOT RADIANCE SERUM + HAZEL LIP BALM COMBO OF 2,GB,157.00,307.72,96.00,73.00,50.00,271.61
010a9a07-0d7d-4297-9b38-8725a76b3ba4,HYPHEN ADVANCED ESSENTIAL KIT DOUBLE SHOT RADIANCE SERUM + HAZEL LIP BALM COMBO OF 2,IE,157.00,315.57,101.00,78.00,55.00,279.46
010a9a07-0d7d-4297-9b38-8725a76b3ba4,HYPHEN ADVANCED ESSENTIAL KIT DOUBLE SHOT RADIANCE SERUM + HAZEL LIP BALM COMBO OF 2,KE,157.00,307.72,96.00,73.00,50.00,271.61
010a9a07-0d7d-4297-9b38-8725a76b3ba4,HYPHEN ADVANCED ESSENTIAL KIT DOUBLE SHOT RADIANCE SERUM + HAZEL LIP BALM COMBO OF 2,MT,157.00,307.72,96.00,73.00,50.00,271.61
010a9a07-0d7d-4297-9b38-8725a76b3ba4,HYPHEN ADVANCED ESSENTIAL KIT DOUBLE SHOT RADIANCE SERUM + HAZEL LIP BALM COMBO OF 2,US,157.00,307.72,96.00,73.00,50.00,271.61
943bc921-0222-44f1-bf03-5677aae56e99,Hyphen Biphasic Advanced De-pigmentation Serum,IE,590.00,1126.90,91.00,68.00,45.00,991.20
b7958a9b-c9f2-443c-9cce-59afdbf27601,"HYPHEN DAILY FACE CARE REGIME COMBO- FACE SERUM, FACE MOISTURIZER& SUNSCREEN SPF 50++++",AL,1361.00,2599.51,91.00,68.00,45.00,2286.48
b7958a9b-c9f2-443c-9cce-59afdbf27601,"HYPHEN DAILY FACE CARE REGIME COMBO- FACE SERUM, FACE MOISTURIZER& SUNSCREEN SPF 50++++",CH,1361.00,2599.51,91.00,68.00,45.00,2286.48
b7958a9b-c9f2-443c-9cce-59afdbf27601,"HYPHEN DAILY FACE CARE REGIME COMBO- FACE SERUM, FACE MOISTURIZER& SUNSCREEN SPF 50++++",DE,1361.00,2599.51,91.00,68.00,45.00,2286.48
b7958a9b-c9f2-443c-9cce-59afdbf27601,"HYPHEN DAILY FACE CARE REGIME COMBO- FACE SERUM, FACE MOISTURIZER& SUNSCREEN SPF 50++++",FR,1361.00,2599.51,91.00,68.00,45.00,2286.48
b7958a9b-c9f2-443c-9cce-59afdbf27601,"HYPHEN DAILY FACE CARE REGIME COMBO- FACE SERUM, FACE MOISTURIZER& SUNSCREEN SPF 50++++",GB,1361.00,2599.51,91.00,68.00,45.00,2286.48
b7958a9b-c9f2-443c-9cce-59afdbf27601,"HYPHEN DAILY FACE CARE REGIME COMBO- FACE SERUM, FACE MOISTURIZER& SUNSCREEN SPF 50++++",IE,1361.00,2735.61,101.00,78.00,55.00,2422.58
b7958a9b-c9f2-443c-9cce-59afdbf27601,"HYPHEN DAILY FACE CARE REGIME COMBO- FACE SERUM, FACE MOISTURIZER& SUNSCREEN SPF 50++++",KE,1361.00,2599.51,91.00,68.00,45.00,2286.48
b7958a9b-c9f2-443c-9cce-59afdbf27601,"HYPHEN DAILY FACE CARE REGIME COMBO- FACE SERUM, FACE MOISTURIZER& SUNSCREEN SPF 50++++",MT,1361.00,2599.51,91.00,68.00,45.00,2286.48
b7958a9b-c9f2-443c-9cce-59afdbf27601,"HYPHEN DAILY FACE CARE REGIME COMBO- FACE SERUM, FACE MOISTURIZER& SUNSCREEN SPF 50++++",US,1361.00,2599.51,91.00,68.00,45.00,2286.48
997dcae9-9387-4f35-a2a0-39f9c5d0a3c3,Hyphen Golden Hour Glow Serum,IE,640.00,1222.40,91.00,68.00,45.00,1075.20
64dc04b2-e88a-4fb7-a8cb-cd2d65088971,HYPHEN VITAMIN INFUSED PEPTIDE LIP BALM MARSHMALLOW,AL,379.00,742.84,96.00,73.00,50.00,655.67
64dc04b2-e88a-4fb7-a8cb-cd2d65088971,HYPHEN VITAMIN INFUSED PEPTIDE LIP BALM MARSHMALLOW,CH,379.00,742.84,96.00,73.00,50.00,655.67
64dc04b2-e88a-4fb7-a8cb-cd2d65088971,HYPHEN VITAMIN INFUSED PEPTIDE LIP BALM MARSHMALLOW,DE,379.00,742.84,96.00,73.00,50.00,655.67
64dc04b2-e88a-4fb7-a8cb-cd2d65088971,HYPHEN VITAMIN INFUSED PEPTIDE LIP BALM MARSHMALLOW,FR,379.00,742.84,96.00,73.00,50.00,655.67
64dc04b2-e88a-4fb7-a8cb-cd2d65088971,HYPHEN VITAMIN INFUSED PEPTIDE LIP BALM MARSHMALLOW,GB,379.00,742.84,96.00,73.00,50.00,655.67
64dc04b2-e88a-4fb7-a8cb-cd2d65088971,HYPHEN VITAMIN INFUSED PEPTIDE LIP BALM MARSHMALLOW,IE,379.00,761.79,101.00,78.00,55.00,674.62
64dc04b2-e88a-4fb7-a8cb-cd2d65088971,HYPHEN VITAMIN INFUSED PEPTIDE LIP BALM MARSHMALLOW,KE,379.00,742.84,96.00,73.00,50.00,655.67
64dc04b2-e88a-4fb7-a8cb-cd2d65088971,HYPHEN VITAMIN INFUSED PEPTIDE LIP BALM MARSHMALLOW,MT,379.00,742.84,96.00,73.00,50.00,655.67
64dc04b2-e88a-4fb7-a8cb-cd2d65088971,HYPHEN VITAMIN INFUSED PEPTIDE LIP BALM MARSHMALLOW,US,379.00,742.84,96.00,73.00,50.00,655.67
b5798fdd-7c91-4952-982e-46106667eabe,Indulekha Bringha Oil (50 ml),AL,210.60,412.78,96.00,73.00,50.00,364.34
b5798fdd-7c91-4952-982e-46106667eabe,Indulekha Bringha Oil (50 ml),CH,210.60,412.78,96.00,73.00,50.00,364.34
b5798fdd-7c91-4952-982e-46106667eabe,Indulekha Bringha Oil (50 ml),DE,210.60,412.78,96.00,73.00,50.00,364.34
b5798fdd-7c91-4952-982e-46106667eabe,Indulekha Bringha Oil (50 ml),FR,210.60,412.78,96.00,73.00,50.00,364.34
b5798fdd-7c91-4952-982e-46106667eabe,Indulekha Bringha Oil (50 ml),GB,210.60,412.78,96.00,73.00,50.00,364.34
b5798fdd-7c91-4952-982e-46106667eabe,Indulekha Bringha Oil (50 ml),IE,210.60,423.31,101.00,78.00,55.00,374.87
b5798fdd-7c91-4952-982e-46106667eabe,Indulekha Bringha Oil (50 ml),KE,210.60,412.78,96.00,73.00,50.00,364.34
b5798fdd-7c91-4952-982e-46106667eabe,Indulekha Bringha Oil (50 ml),MT,210.60,412.78,96.00,73.00,50.00,364.34
b5798fdd-7c91-4952-982e-46106667eabe,Indulekha Bringha Oil (50 ml),US,210.60,412.78,96.00,73.00,50.00,364.34
6e4e46dd-837e-4320-82d3-61dafe4988c9,"Insight Blusher Compact for Natural Glow, Smooth Blendable Powder Blush, Lightweight Long-Lasting Cheek Color, Daily Makeup Compact for Radiant Finish",AL,105.00,205.80,96.00,73.00,50.00,181.65
6e4e46dd-837e-4320-82d3-61dafe4988c9,"Insight Blusher Compact for Natural Glow, Smooth Blendable Powder Blush, Lightweight Long-Lasting Cheek Color, Daily Makeup Compact for Radiant Finish",CH,105.00,205.80,96.00,73.00,50.00,181.65
6e4e46dd-837e-4320-82d3-61dafe4988c9,"Insight Blusher Compact for Natural Glow, Smooth Blendable Powder Blush, Lightweight Long-Lasting Cheek Color, Daily Makeup Compact for Radiant Finish",DE,105.00,205.80,96.00,73.00,50.00,181.65
6e4e46dd-837e-4320-82d3-61dafe4988c9,"Insight Blusher Compact for Natural Glow, Smooth Blendable Powder Blush, Lightweight Long-Lasting Cheek Color, Daily Makeup Compact for Radiant Finish",FR,105.00,205.80,96.00,73.00,50.00,181.65
6e4e46dd-837e-4320-82d3-61dafe4988c9,"Insight Blusher Compact for Natural Glow, Smooth Blendable Powder Blush, Lightweight Long-Lasting Cheek Color, Daily Makeup Compact for Radiant Finish",GB,105.00,205.80,96.00,73.00,50.00,181.65
6e4e46dd-837e-4320-82d3-61dafe4988c9,"Insight Blusher Compact for Natural Glow, Smooth Blendable Powder Blush, Lightweight Long-Lasting Cheek Color, Daily Makeup Compact for Radiant Finish",IE,105.00,211.05,101.00,78.00,55.00,186.90
6e4e46dd-837e-4320-82d3-61dafe4988c9,"Insight Blusher Compact for Natural Glow, Smooth Blendable Powder Blush, Lightweight Long-Lasting Cheek Color, Daily Makeup Compact for Radiant Finish",KE,105.00,205.80,96.00,73.00,50.00,181.65
6e4e46dd-837e-4320-82d3-61dafe4988c9,"Insight Blusher Compact for Natural Glow, Smooth Blendable Powder Blush, Lightweight Long-Lasting Cheek Color, Daily Makeup Compact for Radiant Finish",MT,105.00,205.80,96.00,73.00,50.00,181.65
6e4e46dd-837e-4320-82d3-61dafe4988c9,"Insight Blusher Compact for Natural Glow, Smooth Blendable Powder Blush, Lightweight Long-Lasting Cheek Color, Daily Makeup Compact for Radiant Finish",US,105.00,205.80,96.00,73.00,50.00,181.65
43a2a002-bdd4-49ac-952c-03711b3bfcb3,"Insight Cosmetics 24H Non-Transfer Matte Lipstick | Long Lasting, Smudge Proof & Waterproof | Highly Pigmented Lip Color with Vitamin E & Jojoba Oil",AL,293.00,574.28,96.00,73.00,50.00,506.89
43a2a002-bdd4-49ac-952c-03711b3bfcb3,"Insight Cosmetics 24H Non-Transfer Matte Lipstick | Long Lasting, Smudge Proof & Waterproof | Highly Pigmented Lip Color with Vitamin E & Jojoba Oil",CH,293.00,574.28,96.00,73.00,50.00,506.89
43a2a002-bdd4-49ac-952c-03711b3bfcb3,"Insight Cosmetics 24H Non-Transfer Matte Lipstick | Long Lasting, Smudge Proof & Waterproof | Highly Pigmented Lip Color with Vitamin E & Jojoba Oil",DE,293.00,574.28,96.00,73.00,50.00,506.89
43a2a002-bdd4-49ac-952c-03711b3bfcb3,"Insight Cosmetics 24H Non-Transfer Matte Lipstick | Long Lasting, Smudge Proof & Waterproof | Highly Pigmented Lip Color with Vitamin E & Jojoba Oil",FR,293.00,574.28,96.00,73.00,50.00,506.89
43a2a002-bdd4-49ac-952c-03711b3bfcb3,"Insight Cosmetics 24H Non-Transfer Matte Lipstick | Long Lasting, Smudge Proof & Waterproof | Highly Pigmented Lip Color with Vitamin E & Jojoba Oil",GB,293.00,574.28,96.00,73.00,50.00,506.89
43a2a002-bdd4-49ac-952c-03711b3bfcb3,"Insight Cosmetics 24H Non-Transfer Matte Lipstick | Long Lasting, Smudge Proof & Waterproof | Highly Pigmented Lip Color with Vitamin E & Jojoba Oil",IE,293.00,588.93,101.00,78.00,55.00,521.54
43a2a002-bdd4-49ac-952c-03711b3bfcb3,"Insight Cosmetics 24H Non-Transfer Matte Lipstick | Long Lasting, Smudge Proof & Waterproof | Highly Pigmented Lip Color with Vitamin E & Jojoba Oil",KE,293.00,574.28,96.00,73.00,50.00,506.89
43a2a002-bdd4-49ac-952c-03711b3bfcb3,"Insight Cosmetics 24H Non-Transfer Matte Lipstick | Long Lasting, Smudge Proof & Waterproof | Highly Pigmented Lip Color with Vitamin E & Jojoba Oil",MT,293.00,574.28,96.00,73.00,50.00,506.89
43a2a002-bdd4-49ac-952c-03711b3bfcb3,"Insight Cosmetics 24H Non-Transfer Matte Lipstick | Long Lasting, Smudge Proof & Waterproof | Highly Pigmented Lip Color with Vitamin E & Jojoba Oil",US,293.00,574.28,96.00,73.00,50.00,506.89
382a4dda-21aa-45c3-b7d3-f8b2cfd455f6,"Insight Eyebrow Palette with 3 Natural Shades, Long-Lasting Brow Powder Kit with Applicator, Smooth Blendable Formula for Defined & Shaped Brows",AL,175.00,343.00,96.00,73.00,50.00,302.75
382a4dda-21aa-45c3-b7d3-f8b2cfd455f6,"Insight Eyebrow Palette with 3 Natural Shades, Long-Lasting Brow Powder Kit with Applicator, Smooth Blendable Formula for Defined & Shaped Brows",CH,175.00,343.00,96.00,73.00,50.00,302.75
382a4dda-21aa-45c3-b7d3-f8b2cfd455f6,"Insight Eyebrow Palette with 3 Natural Shades, Long-Lasting Brow Powder Kit with Applicator, Smooth Blendable Formula for Defined & Shaped Brows",DE,175.00,343.00,96.00,73.00,50.00,302.75
382a4dda-21aa-45c3-b7d3-f8b2cfd455f6,"Insight Eyebrow Palette with 3 Natural Shades, Long-Lasting Brow Powder Kit with Applicator, Smooth Blendable Formula for Defined & Shaped Brows",FR,175.00,343.00,96.00,73.00,50.00,302.75
382a4dda-21aa-45c3-b7d3-f8b2cfd455f6,"Insight Eyebrow Palette with 3 Natural Shades, Long-Lasting Brow Powder Kit with Applicator, Smooth Blendable Formula for Defined & Shaped Brows",GB,175.00,343.00,96.00,73.00,50.00,302.75
382a4dda-21aa-45c3-b7d3-f8b2cfd455f6,"Insight Eyebrow Palette with 3 Natural Shades, Long-Lasting Brow Powder Kit with Applicator, Smooth Blendable Formula for Defined & Shaped Brows",IE,175.00,351.75,101.00,78.00,55.00,311.50
382a4dda-21aa-45c3-b7d3-f8b2cfd455f6,"Insight Eyebrow Palette with 3 Natural Shades, Long-Lasting Brow Powder Kit with Applicator, Smooth Blendable Formula for Defined & Shaped Brows",KE,175.00,343.00,96.00,73.00,50.00,302.75
382a4dda-21aa-45c3-b7d3-f8b2cfd455f6,"Insight Eyebrow Palette with 3 Natural Shades, Long-Lasting Brow Powder Kit with Applicator, Smooth Blendable Formula for Defined & Shaped Brows",MT,175.00,343.00,96.00,73.00,50.00,302.75
382a4dda-21aa-45c3-b7d3-f8b2cfd455f6,"Insight Eyebrow Palette with 3 Natural Shades, Long-Lasting Brow Powder Kit with Applicator, Smooth Blendable Formula for Defined & Shaped Brows",US,175.00,343.00,96.00,73.00,50.00,302.75
cbfdfccf-a906-4919-a813-307f6102f811,INSIGHT Hydra Glow Wet Wipes with Aloe Vera & Cucumber Extracts,AL,49.00,96.04,96.00,73.00,50.00,84.77
cbfdfccf-a906-4919-a813-307f6102f811,INSIGHT Hydra Glow Wet Wipes with Aloe Vera & Cucumber Extracts,CH,49.00,96.04,96.00,73.00,50.00,84.77
cbfdfccf-a906-4919-a813-307f6102f811,INSIGHT Hydra Glow Wet Wipes with Aloe Vera & Cucumber Extracts,DE,49.00,96.04,96.00,73.00,50.00,84.77
cbfdfccf-a906-4919-a813-307f6102f811,INSIGHT Hydra Glow Wet Wipes with Aloe Vera & Cucumber Extracts,FR,49.00,96.04,96.00,73.00,50.00,84.77
cbfdfccf-a906-4919-a813-307f6102f811,INSIGHT Hydra Glow Wet Wipes with Aloe Vera & Cucumber Extracts,GB,49.00,96.04,96.00,73.00,50.00,84.77
cbfdfccf-a906-4919-a813-307f6102f811,INSIGHT Hydra Glow Wet Wipes with Aloe Vera & Cucumber Extracts,IE,49.00,98.49,101.00,78.00,55.00,87.22
cbfdfccf-a906-4919-a813-307f6102f811,INSIGHT Hydra Glow Wet Wipes with Aloe Vera & Cucumber Extracts,KE,49.00,96.04,96.00,73.00,50.00,84.77
cbfdfccf-a906-4919-a813-307f6102f811,INSIGHT Hydra Glow Wet Wipes with Aloe Vera & Cucumber Extracts,MT,49.00,96.04,96.00,73.00,50.00,84.77
cbfdfccf-a906-4919-a813-307f6102f811,INSIGHT Hydra Glow Wet Wipes with Aloe Vera & Cucumber Extracts,US,49.00,96.04,96.00,73.00,50.00,84.77
6e4a45cd-6253-496f-bff2-a13f6da053ba,INSIGHT MAKE-UP ESSENTIAL HIGHLIGHTER,AL,120.00,235.20,96.00,73.00,50.00,207.60
6e4a45cd-6253-496f-bff2-a13f6da053ba,INSIGHT MAKE-UP ESSENTIAL HIGHLIGHTER,CH,120.00,235.20,96.00,73.00,50.00,207.60
6e4a45cd-6253-496f-bff2-a13f6da053ba,INSIGHT MAKE-UP ESSENTIAL HIGHLIGHTER,DE,120.00,235.20,96.00,73.00,50.00,207.60
6e4a45cd-6253-496f-bff2-a13f6da053ba,INSIGHT MAKE-UP ESSENTIAL HIGHLIGHTER,FR,120.00,235.20,96.00,73.00,50.00,207.60
6e4a45cd-6253-496f-bff2-a13f6da053ba,INSIGHT MAKE-UP ESSENTIAL HIGHLIGHTER,GB,120.00,235.20,96.00,73.00,50.00,207.60
6e4a45cd-6253-496f-bff2-a13f6da053ba,INSIGHT MAKE-UP ESSENTIAL HIGHLIGHTER,IE,120.00,241.20,101.00,78.00,55.00,213.60
6e4a45cd-6253-496f-bff2-a13f6da053ba,INSIGHT MAKE-UP ESSENTIAL HIGHLIGHTER,KE,120.00,235.20,96.00,73.00,50.00,207.60
6e4a45cd-6253-496f-bff2-a13f6da053ba,INSIGHT MAKE-UP ESSENTIAL HIGHLIGHTER,MT,120.00,235.20,96.00,73.00,50.00,207.60
6e4a45cd-6253-496f-bff2-a13f6da053ba,INSIGHT MAKE-UP ESSENTIAL HIGHLIGHTER,US,120.00,235.20,96.00,73.00,50.00,207.60
0275e6b5-e3fe-4e85-a2f2-d518c9fc387b,Insight Skin Essentials Moisturizing Japanese Cherry Blossom Facial Wipes – Deep Hydration & Gentle Cleansing – Elegant Floral Fragrance – Soft & Refreshing Skin Care – Travel Friendly Pack,AL,49.00,96.04,96.00,73.00,50.00,84.77
0275e6b5-e3fe-4e85-a2f2-d518c9fc387b,Insight Skin Essentials Moisturizing Japanese Cherry Blossom Facial Wipes – Deep Hydration & Gentle Cleansing – Elegant Floral Fragrance – Soft & Refreshing Skin Care – Travel Friendly Pack,CH,49.00,96.04,96.00,73.00,50.00,84.77
0275e6b5-e3fe-4e85-a2f2-d518c9fc387b,Insight Skin Essentials Moisturizing Japanese Cherry Blossom Facial Wipes – Deep Hydration & Gentle Cleansing – Elegant Floral Fragrance – Soft & Refreshing Skin Care – Travel Friendly Pack,DE,49.00,96.04,96.00,73.00,50.00,84.77
0275e6b5-e3fe-4e85-a2f2-d518c9fc387b,Insight Skin Essentials Moisturizing Japanese Cherry Blossom Facial Wipes – Deep Hydration & Gentle Cleansing – Elegant Floral Fragrance – Soft & Refreshing Skin Care – Travel Friendly Pack,FR,49.00,96.04,96.00,73.00,50.00,84.77
0275e6b5-e3fe-4e85-a2f2-d518c9fc387b,Insight Skin Essentials Moisturizing Japanese Cherry Blossom Facial Wipes – Deep Hydration & Gentle Cleansing – Elegant Floral Fragrance – Soft & Refreshing Skin Care – Travel Friendly Pack,GB,49.00,96.04,96.00,73.00,50.00,84.77
0275e6b5-e3fe-4e85-a2f2-d518c9fc387b,Insight Skin Essentials Moisturizing Japanese Cherry Blossom Facial Wipes – Deep Hydration & Gentle Cleansing – Elegant Floral Fragrance – Soft & Refreshing Skin Care – Travel Friendly Pack,IE,49.00,98.49,101.00,78.00,55.00,87.22
0275e6b5-e3fe-4e85-a2f2-d518c9fc387b,Insight Skin Essentials Moisturizing Japanese Cherry Blossom Facial Wipes – Deep Hydration & Gentle Cleansing – Elegant Floral Fragrance – Soft & Refreshing Skin Care – Travel Friendly Pack,KE,49.00,96.04,96.00,73.00,50.00,84.77
0275e6b5-e3fe-4e85-a2f2-d518c9fc387b,Insight Skin Essentials Moisturizing Japanese Cherry Blossom Facial Wipes – Deep Hydration & Gentle Cleansing – Elegant Floral Fragrance – Soft & Refreshing Skin Care – Travel Friendly Pack,MT,49.00,96.04,96.00,73.00,50.00,84.77
0275e6b5-e3fe-4e85-a2f2-d518c9fc387b,Insight Skin Essentials Moisturizing Japanese Cherry Blossom Facial Wipes – Deep Hydration & Gentle Cleansing – Elegant Floral Fragrance – Soft & Refreshing Skin Care – Travel Friendly Pack,US,49.00,96.04,96.00,73.00,50.00,84.77
97ca65c4-3aa1-4b95-af5a-4cff27027204,Intense Kohl Kajal,AL,100.00,196.00,96.00,73.00,50.00,173.00
97ca65c4-3aa1-4b95-af5a-4cff27027204,Intense Kohl Kajal,CH,100.00,196.00,96.00,73.00,50.00,173.00
97ca65c4-3aa1-4b95-af5a-4cff27027204,Intense Kohl Kajal,DE,100.00,196.00,96.00,73.00,50.00,173.00
97ca65c4-3aa1-4b95-af5a-4cff27027204,Intense Kohl Kajal,FR,100.00,196.00,96.00,73.00,50.00,173.00
97ca65c4-3aa1-4b95-af5a-4cff27027204,Intense Kohl Kajal,GB,100.00,196.00,96.00,73.00,50.00,173.00
97ca65c4-3aa1-4b95-af5a-4cff27027204,Intense Kohl Kajal,IE,100.00,201.00,101.00,78.00,55.00,178.00
97ca65c4-3aa1-4b95-af5a-4cff27027204,Intense Kohl Kajal,KE,100.00,196.00,96.00,73.00,50.00,173.00
97ca65c4-3aa1-4b95-af5a-4cff27027204,Intense Kohl Kajal,MT,100.00,196.00,96.00,73.00,50.00,173.00
97ca65c4-3aa1-4b95-af5a-4cff27027204,Intense Kohl Kajal,US,100.00,196.00,96.00,73.00,50.00,173.00
c51a548d-c94a-4410-b283-10f734c56f1e,iPhone 13 Pro case,AL,249.00,488.04,96.00,73.00,50.00,430.77
c51a548d-c94a-4410-b283-10f734c56f1e,iPhone 13 Pro case,CH,249.00,488.04,96.00,73.00,50.00,430.77
c51a548d-c94a-4410-b283-10f734c56f1e,iPhone 13 Pro case,DE,249.00,488.04,96.00,73.00,50.00,430.77
c51a548d-c94a-4410-b283-10f734c56f1e,iPhone 13 Pro case,FR,249.00,488.04,96.00,73.00,50.00,430.77
c51a548d-c94a-4410-b283-10f734c56f1e,iPhone 13 Pro case,GB,249.00,488.04,96.00,73.00,50.00,430.77
c51a548d-c94a-4410-b283-10f734c56f1e,iPhone 13 Pro case,IE,249.00,500.49,101.00,78.00,55.00,443.22
c51a548d-c94a-4410-b283-10f734c56f1e,iPhone 13 Pro case,KE,249.00,488.04,96.00,73.00,50.00,430.77
c51a548d-c94a-4410-b283-10f734c56f1e,iPhone 13 Pro case,MT,249.00,488.04,96.00,73.00,50.00,430.77
c51a548d-c94a-4410-b283-10f734c56f1e,iPhone 13 Pro case,US,249.00,488.04,96.00,73.00,50.00,430.77
73ac2562-48a7-406e-945d-66cdfb4eeb99,JEDAL Soft Care Foot Brush / Foot Scrubber,AL,108.00,211.68,96.00,73.00,50.00,186.84
73ac2562-48a7-406e-945d-66cdfb4eeb99,JEDAL Soft Care Foot Brush / Foot Scrubber,CH,108.00,211.68,96.00,73.00,50.00,186.84
73ac2562-48a7-406e-945d-66cdfb4eeb99,JEDAL Soft Care Foot Brush / Foot Scrubber,DE,108.00,211.68,96.00,73.00,50.00,186.84
73ac2562-48a7-406e-945d-66cdfb4eeb99,JEDAL Soft Care Foot Brush / Foot Scrubber,FR,108.00,211.68,96.00,73.00,50.00,186.84
73ac2562-48a7-406e-945d-66cdfb4eeb99,JEDAL Soft Care Foot Brush / Foot Scrubber,GB,108.00,211.68,96.00,73.00,50.00,186.84
73ac2562-48a7-406e-945d-66cdfb4eeb99,JEDAL Soft Care Foot Brush / Foot Scrubber,IE,108.00,217.08,101.00,78.00,55.00,192.24
73ac2562-48a7-406e-945d-66cdfb4eeb99,JEDAL Soft Care Foot Brush / Foot Scrubber,KE,108.00,211.68,96.00,73.00,50.00,186.84
73ac2562-48a7-406e-945d-66cdfb4eeb99,JEDAL Soft Care Foot Brush / Foot Scrubber,MT,108.00,211.68,96.00,73.00,50.00,186.84
73ac2562-48a7-406e-945d-66cdfb4eeb99,JEDAL Soft Care Foot Brush / Foot Scrubber,US,108.00,211.68,96.00,73.00,50.00,186.84
995a4290-83b4-4a1c-adf8-dc97dcddc11b,Jhumka Earrings for Women | Antique Temple Style Pearl Drop Jhumki,AL,316.00,619.36,96.00,73.00,50.00,546.68
995a4290-83b4-4a1c-adf8-dc97dcddc11b,Jhumka Earrings for Women | Antique Temple Style Pearl Drop Jhumki,CH,316.00,619.36,96.00,73.00,50.00,546.68
995a4290-83b4-4a1c-adf8-dc97dcddc11b,Jhumka Earrings for Women | Antique Temple Style Pearl Drop Jhumki,DE,316.00,619.36,96.00,73.00,50.00,546.68
995a4290-83b4-4a1c-adf8-dc97dcddc11b,Jhumka Earrings for Women | Antique Temple Style Pearl Drop Jhumki,FR,316.00,619.36,96.00,73.00,50.00,546.68
995a4290-83b4-4a1c-adf8-dc97dcddc11b,Jhumka Earrings for Women | Antique Temple Style Pearl Drop Jhumki,GB,316.00,619.36,96.00,73.00,50.00,546.68
995a4290-83b4-4a1c-adf8-dc97dcddc11b,Jhumka Earrings for Women | Antique Temple Style Pearl Drop Jhumki,IE,316.00,635.16,101.00,78.00,55.00,562.48
995a4290-83b4-4a1c-adf8-dc97dcddc11b,Jhumka Earrings for Women | Antique Temple Style Pearl Drop Jhumki,KE,316.00,619.36,96.00,73.00,50.00,546.68
995a4290-83b4-4a1c-adf8-dc97dcddc11b,Jhumka Earrings for Women | Antique Temple Style Pearl Drop Jhumki,MT,316.00,619.36,96.00,73.00,50.00,546.68
995a4290-83b4-4a1c-adf8-dc97dcddc11b,Jhumka Earrings for Women | Antique Temple Style Pearl Drop Jhumki,US,316.00,619.36,96.00,73.00,50.00,546.68
d5b35032-328e-4d53-9b91-4e64ce22282b,Johnson’s Baby Hair Oil 60ml,AL,84.00,164.64,96.00,73.00,50.00,145.32
d5b35032-328e-4d53-9b91-4e64ce22282b,Johnson’s Baby Hair Oil 60ml,CH,84.00,164.64,96.00,73.00,50.00,145.32
d5b35032-328e-4d53-9b91-4e64ce22282b,Johnson’s Baby Hair Oil 60ml,DE,84.00,164.64,96.00,73.00,50.00,145.32
d5b35032-328e-4d53-9b91-4e64ce22282b,Johnson’s Baby Hair Oil 60ml,FR,84.00,164.64,96.00,73.00,50.00,145.32
d5b35032-328e-4d53-9b91-4e64ce22282b,Johnson’s Baby Hair Oil 60ml,GB,84.00,164.64,96.00,73.00,50.00,145.32
d5b35032-328e-4d53-9b91-4e64ce22282b,Johnson’s Baby Hair Oil 60ml,IE,84.00,168.84,101.00,78.00,55.00,149.52
d5b35032-328e-4d53-9b91-4e64ce22282b,Johnson’s Baby Hair Oil 60ml,KE,84.00,164.64,96.00,73.00,50.00,145.32
d5b35032-328e-4d53-9b91-4e64ce22282b,Johnson’s Baby Hair Oil 60ml,MT,84.00,164.64,96.00,73.00,50.00,145.32
d5b35032-328e-4d53-9b91-4e64ce22282b,Johnson’s Baby Hair Oil 60ml,US,84.00,164.64,96.00,73.00,50.00,145.32
5d9d004a-d4ec-4309-aafe-7b0badb549ca,JOHNSON’S BABY LOTION,AL,60.00,117.60,96.00,73.00,50.00,103.80
5d9d004a-d4ec-4309-aafe-7b0badb549ca,JOHNSON’S BABY LOTION,CH,60.00,117.60,96.00,73.00,50.00,103.80
5d9d004a-d4ec-4309-aafe-7b0badb549ca,JOHNSON’S BABY LOTION,DE,60.00,117.60,96.00,73.00,50.00,103.80
5d9d004a-d4ec-4309-aafe-7b0badb549ca,JOHNSON’S BABY LOTION,FR,60.00,117.60,96.00,73.00,50.00,103.80
5d9d004a-d4ec-4309-aafe-7b0badb549ca,JOHNSON’S BABY LOTION,GB,60.00,117.60,96.00,73.00,50.00,103.80
5d9d004a-d4ec-4309-aafe-7b0badb549ca,JOHNSON’S BABY LOTION,IE,60.00,120.60,101.00,78.00,55.00,106.80
5d9d004a-d4ec-4309-aafe-7b0badb549ca,JOHNSON’S BABY LOTION,KE,60.00,117.60,96.00,73.00,50.00,103.80
5d9d004a-d4ec-4309-aafe-7b0badb549ca,JOHNSON’S BABY LOTION,MT,60.00,117.60,96.00,73.00,50.00,103.80
5d9d004a-d4ec-4309-aafe-7b0badb549ca,JOHNSON’S BABY LOTION,US,60.00,117.60,96.00,73.00,50.00,103.80
7cbb1088-9768-4572-8858-e46e92601dac,Johnson’s Baby Oil with Vitamin E 50ml,AL,75.00,147.00,96.00,73.00,50.00,129.75
7cbb1088-9768-4572-8858-e46e92601dac,Johnson’s Baby Oil with Vitamin E 50ml,CH,75.00,147.00,96.00,73.00,50.00,129.75
7cbb1088-9768-4572-8858-e46e92601dac,Johnson’s Baby Oil with Vitamin E 50ml,DE,75.00,147.00,96.00,73.00,50.00,129.75
7cbb1088-9768-4572-8858-e46e92601dac,Johnson’s Baby Oil with Vitamin E 50ml,FR,75.00,147.00,96.00,73.00,50.00,129.75
7cbb1088-9768-4572-8858-e46e92601dac,Johnson’s Baby Oil with Vitamin E 50ml,GB,75.00,147.00,96.00,73.00,50.00,129.75
7cbb1088-9768-4572-8858-e46e92601dac,Johnson’s Baby Oil with Vitamin E 50ml,IE,75.00,150.75,101.00,78.00,55.00,133.50
7cbb1088-9768-4572-8858-e46e92601dac,Johnson’s Baby Oil with Vitamin E 50ml,KE,75.00,147.00,96.00,73.00,50.00,129.75
7cbb1088-9768-4572-8858-e46e92601dac,Johnson’s Baby Oil with Vitamin E 50ml,MT,75.00,147.00,96.00,73.00,50.00,129.75
7cbb1088-9768-4572-8858-e46e92601dac,Johnson’s Baby Oil with Vitamin E 50ml,US,75.00,147.00,96.00,73.00,50.00,129.75
42c8973c-cf7c-49fb-86b5-e07f33721693,Johnson’s Baby Powder 100g,AL,125.00,245.00,96.00,73.00,50.00,216.25
42c8973c-cf7c-49fb-86b5-e07f33721693,Johnson’s Baby Powder 100g,CH,125.00,245.00,96.00,73.00,50.00,216.25
42c8973c-cf7c-49fb-86b5-e07f33721693,Johnson’s Baby Powder 100g,DE,125.00,245.00,96.00,73.00,50.00,216.25
42c8973c-cf7c-49fb-86b5-e07f33721693,Johnson’s Baby Powder 100g,FR,125.00,245.00,96.00,73.00,50.00,216.25
42c8973c-cf7c-49fb-86b5-e07f33721693,Johnson’s Baby Powder 100g,GB,125.00,245.00,96.00,73.00,50.00,216.25
42c8973c-cf7c-49fb-86b5-e07f33721693,Johnson’s Baby Powder 100g,IE,125.00,251.25,101.00,78.00,55.00,222.50
42c8973c-cf7c-49fb-86b5-e07f33721693,Johnson’s Baby Powder 100g,KE,125.00,245.00,96.00,73.00,50.00,216.25
42c8973c-cf7c-49fb-86b5-e07f33721693,Johnson’s Baby Powder 100g,MT,125.00,245.00,96.00,73.00,50.00,216.25
42c8973c-cf7c-49fb-86b5-e07f33721693,Johnson’s Baby Powder 100g,US,125.00,245.00,96.00,73.00,50.00,216.25
87ca5c4f-51aa-4c55-be93-d2d002217653,Johnson’s Baby Shampoo 50 ml (with Aloe & Vitamin B5),AL,62.00,121.52,96.00,73.00,50.00,107.26
87ca5c4f-51aa-4c55-be93-d2d002217653,Johnson’s Baby Shampoo 50 ml (with Aloe & Vitamin B5),CH,62.00,121.52,96.00,73.00,50.00,107.26
87ca5c4f-51aa-4c55-be93-d2d002217653,Johnson’s Baby Shampoo 50 ml (with Aloe & Vitamin B5),DE,62.00,121.52,96.00,73.00,50.00,107.26
87ca5c4f-51aa-4c55-be93-d2d002217653,Johnson’s Baby Shampoo 50 ml (with Aloe & Vitamin B5),FR,62.00,121.52,96.00,73.00,50.00,107.26
87ca5c4f-51aa-4c55-be93-d2d002217653,Johnson’s Baby Shampoo 50 ml (with Aloe & Vitamin B5),GB,62.00,121.52,96.00,73.00,50.00,107.26
87ca5c4f-51aa-4c55-be93-d2d002217653,Johnson’s Baby Shampoo 50 ml (with Aloe & Vitamin B5),IE,62.00,124.62,101.00,78.00,55.00,110.36
87ca5c4f-51aa-4c55-be93-d2d002217653,Johnson’s Baby Shampoo 50 ml (with Aloe & Vitamin B5),KE,62.00,121.52,96.00,73.00,50.00,107.26
87ca5c4f-51aa-4c55-be93-d2d002217653,Johnson’s Baby Shampoo 50 ml (with Aloe & Vitamin B5),MT,62.00,121.52,96.00,73.00,50.00,107.26
87ca5c4f-51aa-4c55-be93-d2d002217653,Johnson’s Baby Shampoo 50 ml (with Aloe & Vitamin B5),US,62.00,121.52,96.00,73.00,50.00,107.26
577af38f-8858-48b8-9870-1c7361d81876,Kangaro DP-280 Double Hole Paper Punch,IE,119.00,274.89,131.00,108.00,85.00,247.52
bc9e103f-bc68-4b1f-b598-de52f0175483,Kangaro Single Hole Paper Punch (1 Hole Punch),AL,119.00,233.24,96.00,73.00,50.00,205.87
bc9e103f-bc68-4b1f-b598-de52f0175483,Kangaro Single Hole Paper Punch (1 Hole Punch),CH,119.00,233.24,96.00,73.00,50.00,205.87
bc9e103f-bc68-4b1f-b598-de52f0175483,Kangaro Single Hole Paper Punch (1 Hole Punch),DE,119.00,233.24,96.00,73.00,50.00,205.87
bc9e103f-bc68-4b1f-b598-de52f0175483,Kangaro Single Hole Paper Punch (1 Hole Punch),FR,119.00,233.24,96.00,73.00,50.00,205.87
bc9e103f-bc68-4b1f-b598-de52f0175483,Kangaro Single Hole Paper Punch (1 Hole Punch),GB,119.00,233.24,96.00,73.00,50.00,205.87
bc9e103f-bc68-4b1f-b598-de52f0175483,Kangaro Single Hole Paper Punch (1 Hole Punch),IE,119.00,239.19,101.00,78.00,55.00,211.82
bc9e103f-bc68-4b1f-b598-de52f0175483,Kangaro Single Hole Paper Punch (1 Hole Punch),KE,119.00,233.24,96.00,73.00,50.00,205.87
bc9e103f-bc68-4b1f-b598-de52f0175483,Kangaro Single Hole Paper Punch (1 Hole Punch),MT,119.00,233.24,96.00,73.00,50.00,205.87
bc9e103f-bc68-4b1f-b598-de52f0175483,Kangaro Single Hole Paper Punch (1 Hole Punch),US,119.00,233.24,96.00,73.00,50.00,205.87
ffc60436-39e0-4a53-b033-7fb0c6fcf327,Kitchen Tool Vegetable & Fruit Peeler,AL,45.00,88.20,96.00,73.00,50.00,77.85
ffc60436-39e0-4a53-b033-7fb0c6fcf327,Kitchen Tool Vegetable & Fruit Peeler,CH,45.00,88.20,96.00,73.00,50.00,77.85
ffc60436-39e0-4a53-b033-7fb0c6fcf327,Kitchen Tool Vegetable & Fruit Peeler,DE,45.00,88.20,96.00,73.00,50.00,77.85
ffc60436-39e0-4a53-b033-7fb0c6fcf327,Kitchen Tool Vegetable & Fruit Peeler,FR,45.00,88.20,96.00,73.00,50.00,77.85
ffc60436-39e0-4a53-b033-7fb0c6fcf327,Kitchen Tool Vegetable & Fruit Peeler,GB,45.00,88.20,96.00,73.00,50.00,77.85
ffc60436-39e0-4a53-b033-7fb0c6fcf327,Kitchen Tool Vegetable & Fruit Peeler,IE,45.00,90.45,101.00,78.00,55.00,80.10
ffc60436-39e0-4a53-b033-7fb0c6fcf327,Kitchen Tool Vegetable & Fruit Peeler,KE,45.00,88.20,96.00,73.00,50.00,77.85
ffc60436-39e0-4a53-b033-7fb0c6fcf327,Kitchen Tool Vegetable & Fruit Peeler,MT,45.00,88.20,96.00,73.00,50.00,77.85
ffc60436-39e0-4a53-b033-7fb0c6fcf327,Kitchen Tool Vegetable & Fruit Peeler,US,45.00,88.20,96.00,73.00,50.00,77.85
68277ef3-37fb-483a-a3df-0717d277d1e1,KOOTHAMPILLY KERALA HANDLOOM SAREE,AL,2100.00,4431.00,111.00,88.00,65.00,3948.00
68277ef3-37fb-483a-a3df-0717d277d1e1,KOOTHAMPILLY KERALA HANDLOOM SAREE,CH,2100.00,4431.00,111.00,88.00,65.00,3948.00
68277ef3-37fb-483a-a3df-0717d277d1e1,KOOTHAMPILLY KERALA HANDLOOM SAREE,DE,2100.00,4431.00,111.00,88.00,65.00,3948.00
68277ef3-37fb-483a-a3df-0717d277d1e1,KOOTHAMPILLY KERALA HANDLOOM SAREE,FR,2100.00,4431.00,111.00,88.00,65.00,3948.00
68277ef3-37fb-483a-a3df-0717d277d1e1,KOOTHAMPILLY KERALA HANDLOOM SAREE,GB,2100.00,4431.00,111.00,88.00,65.00,3948.00
68277ef3-37fb-483a-a3df-0717d277d1e1,KOOTHAMPILLY KERALA HANDLOOM SAREE,IE,2100.00,4221.00,101.00,78.00,55.00,3738.00
68277ef3-37fb-483a-a3df-0717d277d1e1,KOOTHAMPILLY KERALA HANDLOOM SAREE,KE,2100.00,4431.00,111.00,88.00,65.00,3948.00
68277ef3-37fb-483a-a3df-0717d277d1e1,KOOTHAMPILLY KERALA HANDLOOM SAREE,MT,2100.00,4431.00,111.00,88.00,65.00,3948.00
68277ef3-37fb-483a-a3df-0717d277d1e1,KOOTHAMPILLY KERALA HANDLOOM SAREE,US,2100.00,4431.00,111.00,88.00,65.00,3948.00
d8b7a494-838e-478b-9ef8-65867c316078,KORES SMOOTHING HIGHLITER,AL,120.00,235.20,96.00,73.00,50.00,207.60
d8b7a494-838e-478b-9ef8-65867c316078,KORES SMOOTHING HIGHLITER,CH,120.00,235.20,96.00,73.00,50.00,207.60
d8b7a494-838e-478b-9ef8-65867c316078,KORES SMOOTHING HIGHLITER,DE,120.00,235.20,96.00,73.00,50.00,207.60
d8b7a494-838e-478b-9ef8-65867c316078,KORES SMOOTHING HIGHLITER,FR,120.00,235.20,96.00,73.00,50.00,207.60
d8b7a494-838e-478b-9ef8-65867c316078,KORES SMOOTHING HIGHLITER,GB,120.00,235.20,96.00,73.00,50.00,207.60
d8b7a494-838e-478b-9ef8-65867c316078,KORES SMOOTHING HIGHLITER,IE,120.00,241.20,101.00,78.00,55.00,213.60
d8b7a494-838e-478b-9ef8-65867c316078,KORES SMOOTHING HIGHLITER,KE,120.00,235.20,96.00,73.00,50.00,207.60
d8b7a494-838e-478b-9ef8-65867c316078,KORES SMOOTHING HIGHLITER,MT,120.00,235.20,96.00,73.00,50.00,207.60
d8b7a494-838e-478b-9ef8-65867c316078,KORES SMOOTHING HIGHLITER,US,120.00,235.20,96.00,73.00,50.00,207.60
e9758857-a46a-44ec-9e70-1ccb33ca0744,L'OREAL PARIS GLYCOLIC BRIGHT 8% FACE SERUM FOR DARK SPOT & BRIGHTENING,AL,259.00,507.64,96.00,73.00,50.00,448.07
e9758857-a46a-44ec-9e70-1ccb33ca0744,L'OREAL PARIS GLYCOLIC BRIGHT 8% FACE SERUM FOR DARK SPOT & BRIGHTENING,CH,259.00,507.64,96.00,73.00,50.00,448.07
e9758857-a46a-44ec-9e70-1ccb33ca0744,L'OREAL PARIS GLYCOLIC BRIGHT 8% FACE SERUM FOR DARK SPOT & BRIGHTENING,DE,259.00,507.64,96.00,73.00,50.00,448.07
e9758857-a46a-44ec-9e70-1ccb33ca0744,L'OREAL PARIS GLYCOLIC BRIGHT 8% FACE SERUM FOR DARK SPOT & BRIGHTENING,FR,259.00,507.64,96.00,73.00,50.00,448.07
e9758857-a46a-44ec-9e70-1ccb33ca0744,L'OREAL PARIS GLYCOLIC BRIGHT 8% FACE SERUM FOR DARK SPOT & BRIGHTENING,GB,259.00,507.64,96.00,73.00,50.00,448.07
e9758857-a46a-44ec-9e70-1ccb33ca0744,L'OREAL PARIS GLYCOLIC BRIGHT 8% FACE SERUM FOR DARK SPOT & BRIGHTENING,IE,259.00,520.59,101.00,78.00,55.00,461.02
e9758857-a46a-44ec-9e70-1ccb33ca0744,L'OREAL PARIS GLYCOLIC BRIGHT 8% FACE SERUM FOR DARK SPOT & BRIGHTENING,KE,259.00,507.64,96.00,73.00,50.00,448.07
e9758857-a46a-44ec-9e70-1ccb33ca0744,L'OREAL PARIS GLYCOLIC BRIGHT 8% FACE SERUM FOR DARK SPOT & BRIGHTENING,MT,259.00,507.64,96.00,73.00,50.00,448.07
e9758857-a46a-44ec-9e70-1ccb33ca0744,L'OREAL PARIS GLYCOLIC BRIGHT 8% FACE SERUM FOR DARK SPOT & BRIGHTENING,US,259.00,507.64,96.00,73.00,50.00,448.07
e59031cb-338c-4113-aeb4-356b51238b1b,L'Oreal Paris Glycolic Bright Day Cream,AL,345.00,676.20,96.00,73.00,50.00,596.85
e59031cb-338c-4113-aeb4-356b51238b1b,L'Oreal Paris Glycolic Bright Day Cream,CH,345.00,676.20,96.00,73.00,50.00,596.85
e59031cb-338c-4113-aeb4-356b51238b1b,L'Oreal Paris Glycolic Bright Day Cream,DE,345.00,676.20,96.00,73.00,50.00,596.85
e59031cb-338c-4113-aeb4-356b51238b1b,L'Oreal Paris Glycolic Bright Day Cream,FR,345.00,676.20,96.00,73.00,50.00,596.85
e59031cb-338c-4113-aeb4-356b51238b1b,L'Oreal Paris Glycolic Bright Day Cream,GB,345.00,676.20,96.00,73.00,50.00,596.85
e59031cb-338c-4113-aeb4-356b51238b1b,L'Oreal Paris Glycolic Bright Day Cream,IE,345.00,693.45,101.00,78.00,55.00,614.10
e59031cb-338c-4113-aeb4-356b51238b1b,L'Oreal Paris Glycolic Bright Day Cream,KE,345.00,676.20,96.00,73.00,50.00,596.85
e59031cb-338c-4113-aeb4-356b51238b1b,L'Oreal Paris Glycolic Bright Day Cream,MT,345.00,676.20,96.00,73.00,50.00,596.85
e59031cb-338c-4113-aeb4-356b51238b1b,L'Oreal Paris Glycolic Bright Day Cream,US,345.00,676.20,96.00,73.00,50.00,596.85
91064194-2ce2-4d14-9c4e-2ddd44ca36f4,L'Oreal Paris Glycolic Bright Matte Luminizing Cream,AL,425.00,833.00,96.00,73.00,50.00,735.25
91064194-2ce2-4d14-9c4e-2ddd44ca36f4,L'Oreal Paris Glycolic Bright Matte Luminizing Cream,CH,425.00,833.00,96.00,73.00,50.00,735.25
91064194-2ce2-4d14-9c4e-2ddd44ca36f4,L'Oreal Paris Glycolic Bright Matte Luminizing Cream,DE,425.00,833.00,96.00,73.00,50.00,735.25
91064194-2ce2-4d14-9c4e-2ddd44ca36f4,L'Oreal Paris Glycolic Bright Matte Luminizing Cream,FR,425.00,833.00,96.00,73.00,50.00,735.25
91064194-2ce2-4d14-9c4e-2ddd44ca36f4,L'Oreal Paris Glycolic Bright Matte Luminizing Cream,GB,425.00,833.00,96.00,73.00,50.00,735.25
91064194-2ce2-4d14-9c4e-2ddd44ca36f4,L'Oreal Paris Glycolic Bright Matte Luminizing Cream,IE,425.00,854.25,101.00,78.00,55.00,756.50
91064194-2ce2-4d14-9c4e-2ddd44ca36f4,L'Oreal Paris Glycolic Bright Matte Luminizing Cream,KE,425.00,833.00,96.00,73.00,50.00,735.25
91064194-2ce2-4d14-9c4e-2ddd44ca36f4,L'Oreal Paris Glycolic Bright Matte Luminizing Cream,MT,425.00,833.00,96.00,73.00,50.00,735.25
91064194-2ce2-4d14-9c4e-2ddd44ca36f4,L'Oreal Paris Glycolic Bright Matte Luminizing Cream,US,425.00,833.00,96.00,73.00,50.00,735.25
7b27e810-1d77-454d-b6a5-73c45ce7a1bd,L'Oreal Paris Hyaluron Moisture Hair Care Duo,AL,500.00,980.00,96.00,73.00,50.00,865.00
7b27e810-1d77-454d-b6a5-73c45ce7a1bd,L'Oreal Paris Hyaluron Moisture Hair Care Duo,CH,500.00,980.00,96.00,73.00,50.00,865.00
7b27e810-1d77-454d-b6a5-73c45ce7a1bd,L'Oreal Paris Hyaluron Moisture Hair Care Duo,DE,500.00,980.00,96.00,73.00,50.00,865.00
7b27e810-1d77-454d-b6a5-73c45ce7a1bd,L'Oreal Paris Hyaluron Moisture Hair Care Duo,FR,500.00,980.00,96.00,73.00,50.00,865.00
7b27e810-1d77-454d-b6a5-73c45ce7a1bd,L'Oreal Paris Hyaluron Moisture Hair Care Duo,GB,500.00,980.00,96.00,73.00,50.00,865.00
7b27e810-1d77-454d-b6a5-73c45ce7a1bd,L'Oreal Paris Hyaluron Moisture Hair Care Duo,IE,500.00,1005.00,101.00,78.00,55.00,890.00
7b27e810-1d77-454d-b6a5-73c45ce7a1bd,L'Oreal Paris Hyaluron Moisture Hair Care Duo,KE,500.00,980.00,96.00,73.00,50.00,865.00
7b27e810-1d77-454d-b6a5-73c45ce7a1bd,L'Oreal Paris Hyaluron Moisture Hair Care Duo,MT,500.00,980.00,96.00,73.00,50.00,865.00
7b27e810-1d77-454d-b6a5-73c45ce7a1bd,L'Oreal Paris Hyaluron Moisture Hair Care Duo,US,500.00,980.00,96.00,73.00,50.00,865.00
3ab1208c-0ae8-4ea5-8870-dea61c41b512,L'OREAL PARIS Revitalift Hyaluronic Acid Oil Control Serum 2% Hyaluronic+ Salicylic Acid,AL,267.00,523.32,96.00,73.00,50.00,461.91
3ab1208c-0ae8-4ea5-8870-dea61c41b512,L'OREAL PARIS Revitalift Hyaluronic Acid Oil Control Serum 2% Hyaluronic+ Salicylic Acid,CH,267.00,523.32,96.00,73.00,50.00,461.91
3ab1208c-0ae8-4ea5-8870-dea61c41b512,L'OREAL PARIS Revitalift Hyaluronic Acid Oil Control Serum 2% Hyaluronic+ Salicylic Acid,DE,267.00,523.32,96.00,73.00,50.00,461.91
3ab1208c-0ae8-4ea5-8870-dea61c41b512,L'OREAL PARIS Revitalift Hyaluronic Acid Oil Control Serum 2% Hyaluronic+ Salicylic Acid,FR,267.00,523.32,96.00,73.00,50.00,461.91
3ab1208c-0ae8-4ea5-8870-dea61c41b512,L'OREAL PARIS Revitalift Hyaluronic Acid Oil Control Serum 2% Hyaluronic+ Salicylic Acid,GB,267.00,523.32,96.00,73.00,50.00,461.91
3ab1208c-0ae8-4ea5-8870-dea61c41b512,L'OREAL PARIS Revitalift Hyaluronic Acid Oil Control Serum 2% Hyaluronic+ Salicylic Acid,IE,267.00,536.67,101.00,78.00,55.00,475.26
3ab1208c-0ae8-4ea5-8870-dea61c41b512,L'OREAL PARIS Revitalift Hyaluronic Acid Oil Control Serum 2% Hyaluronic+ Salicylic Acid,KE,267.00,523.32,96.00,73.00,50.00,461.91
3ab1208c-0ae8-4ea5-8870-dea61c41b512,L'OREAL PARIS Revitalift Hyaluronic Acid Oil Control Serum 2% Hyaluronic+ Salicylic Acid,MT,267.00,523.32,96.00,73.00,50.00,461.91
3ab1208c-0ae8-4ea5-8870-dea61c41b512,L'OREAL PARIS Revitalift Hyaluronic Acid Oil Control Serum 2% Hyaluronic+ Salicylic Acid,US,267.00,523.32,96.00,73.00,50.00,461.91
03f314bf-250c-4918-8947-69af3f1326f8,L'OREAL PARIS REVITALIFT SERUM WITH 1.5% HYALURONIC ACID,AL,354.00,693.84,96.00,73.00,50.00,612.42
03f314bf-250c-4918-8947-69af3f1326f8,L'OREAL PARIS REVITALIFT SERUM WITH 1.5% HYALURONIC ACID,CH,354.00,693.84,96.00,73.00,50.00,612.42
03f314bf-250c-4918-8947-69af3f1326f8,L'OREAL PARIS REVITALIFT SERUM WITH 1.5% HYALURONIC ACID,DE,354.00,693.84,96.00,73.00,50.00,612.42
03f314bf-250c-4918-8947-69af3f1326f8,L'OREAL PARIS REVITALIFT SERUM WITH 1.5% HYALURONIC ACID,FR,354.00,693.84,96.00,73.00,50.00,612.42
03f314bf-250c-4918-8947-69af3f1326f8,L'OREAL PARIS REVITALIFT SERUM WITH 1.5% HYALURONIC ACID,GB,354.00,693.84,96.00,73.00,50.00,612.42
03f314bf-250c-4918-8947-69af3f1326f8,L'OREAL PARIS REVITALIFT SERUM WITH 1.5% HYALURONIC ACID,IE,354.00,711.54,101.00,78.00,55.00,630.12
03f314bf-250c-4918-8947-69af3f1326f8,L'OREAL PARIS REVITALIFT SERUM WITH 1.5% HYALURONIC ACID,KE,354.00,693.84,96.00,73.00,50.00,612.42
03f314bf-250c-4918-8947-69af3f1326f8,L'OREAL PARIS REVITALIFT SERUM WITH 1.5% HYALURONIC ACID,MT,354.00,693.84,96.00,73.00,50.00,612.42
03f314bf-250c-4918-8947-69af3f1326f8,L'OREAL PARIS REVITALIFT SERUM WITH 1.5% HYALURONIC ACID,US,354.00,693.84,96.00,73.00,50.00,612.42
0a871c96-6037-43b6-9c3d-a037fadc9c38,L'Oreal Professionnel Absolut Repair Shampoo,AL,740.00,1524.40,106.00,83.00,60.00,1354.20
0a871c96-6037-43b6-9c3d-a037fadc9c38,L'Oreal Professionnel Absolut Repair Shampoo,CH,740.00,1524.40,106.00,83.00,60.00,1354.20
0a871c96-6037-43b6-9c3d-a037fadc9c38,L'Oreal Professionnel Absolut Repair Shampoo,DE,740.00,1524.40,106.00,83.00,60.00,1354.20
0a871c96-6037-43b6-9c3d-a037fadc9c38,L'Oreal Professionnel Absolut Repair Shampoo,FR,740.00,1524.40,106.00,83.00,60.00,1354.20
0a871c96-6037-43b6-9c3d-a037fadc9c38,L'Oreal Professionnel Absolut Repair Shampoo,GB,740.00,1524.40,106.00,83.00,60.00,1354.20
0a871c96-6037-43b6-9c3d-a037fadc9c38,L'Oreal Professionnel Absolut Repair Shampoo,IE,740.00,1561.40,111.00,88.00,65.00,1391.20
0a871c96-6037-43b6-9c3d-a037fadc9c38,L'Oreal Professionnel Absolut Repair Shampoo,KE,740.00,1524.40,106.00,83.00,60.00,1354.20
0a871c96-6037-43b6-9c3d-a037fadc9c38,L'Oreal Professionnel Absolut Repair Shampoo,MT,740.00,1524.40,106.00,83.00,60.00,1354.20
0a871c96-6037-43b6-9c3d-a037fadc9c38,L'Oreal Professionnel Absolut Repair Shampoo,US,740.00,1524.40,106.00,83.00,60.00,1354.20
b62ddd1c-1d9c-4734-aabc-904e45e972fc,L'Oreal professionnel Liss Unlimited Shampoo,IE,745.00,1422.95,91.00,68.00,45.00,1251.60
3eaaef1a-bc87-41d2-a07d-caf4e1867bf0,L'Oreal Professionnel Scalp Advanced Anti-Dandruff Dermo-Clarifier Shampoo,IE,870.00,1661.70,91.00,68.00,45.00,1461.60
7ad983da-36b7-4867-aa36-b020e5dd3ca3,L'Oreal Professionnel Serie Expert Absolut Repair Shampoo and Hair Mask Combo,AL,1700.00,3587.00,111.00,88.00,65.00,3196.00
7ad983da-36b7-4867-aa36-b020e5dd3ca3,L'Oreal Professionnel Serie Expert Absolut Repair Shampoo and Hair Mask Combo,CH,1700.00,3587.00,111.00,88.00,65.00,3196.00
7ad983da-36b7-4867-aa36-b020e5dd3ca3,L'Oreal Professionnel Serie Expert Absolut Repair Shampoo and Hair Mask Combo,DE,1700.00,3587.00,111.00,88.00,65.00,3196.00
7ad983da-36b7-4867-aa36-b020e5dd3ca3,L'Oreal Professionnel Serie Expert Absolut Repair Shampoo and Hair Mask Combo,FR,1700.00,3587.00,111.00,88.00,65.00,3196.00
7ad983da-36b7-4867-aa36-b020e5dd3ca3,L'Oreal Professionnel Serie Expert Absolut Repair Shampoo and Hair Mask Combo,GB,1700.00,3587.00,111.00,88.00,65.00,3196.00
7ad983da-36b7-4867-aa36-b020e5dd3ca3,L'Oreal Professionnel Serie Expert Absolut Repair Shampoo and Hair Mask Combo,IE,1700.00,3417.00,101.00,78.00,55.00,3026.00
7ad983da-36b7-4867-aa36-b020e5dd3ca3,L'Oreal Professionnel Serie Expert Absolut Repair Shampoo and Hair Mask Combo,KE,1700.00,3587.00,111.00,88.00,65.00,3196.00
7ad983da-36b7-4867-aa36-b020e5dd3ca3,L'Oreal Professionnel Serie Expert Absolut Repair Shampoo and Hair Mask Combo,MT,1700.00,3587.00,111.00,88.00,65.00,3196.00
7ad983da-36b7-4867-aa36-b020e5dd3ca3,L'Oreal Professionnel Serie Expert Absolut Repair Shampoo and Hair Mask Combo,US,1700.00,3587.00,111.00,88.00,65.00,3196.00
46e6bd41-9c9e-4926-98ac-d5e1050e37ba,L'Oreal Professionnel Xtenso Care Duo,IE,1400.00,2814.00,101.00,78.00,55.00,2492.00
c73fb0a0-f9ff-4205-9602-078cbbc75255,L'oreal Professionnel Xtenso Care Shampoo,IE,600.00,1146.00,91.00,68.00,45.00,1008.00
6e6e8425-7cb6-4d71-a3f1-4bd0751c775f,"Lacto Calamine Oil Control Face Lotion for Oily Skin with Kaolin Clay, Daily Lightweight Non-Greasy Moisturizer, Reduces Shine & Excess Oil, 30 ml",AL,90.00,176.40,96.00,73.00,50.00,155.70
6e6e8425-7cb6-4d71-a3f1-4bd0751c775f,"Lacto Calamine Oil Control Face Lotion for Oily Skin with Kaolin Clay, Daily Lightweight Non-Greasy Moisturizer, Reduces Shine & Excess Oil, 30 ml",CH,90.00,176.40,96.00,73.00,50.00,155.70
6e6e8425-7cb6-4d71-a3f1-4bd0751c775f,"Lacto Calamine Oil Control Face Lotion for Oily Skin with Kaolin Clay, Daily Lightweight Non-Greasy Moisturizer, Reduces Shine & Excess Oil, 30 ml",DE,90.00,176.40,96.00,73.00,50.00,155.70
6e6e8425-7cb6-4d71-a3f1-4bd0751c775f,"Lacto Calamine Oil Control Face Lotion for Oily Skin with Kaolin Clay, Daily Lightweight Non-Greasy Moisturizer, Reduces Shine & Excess Oil, 30 ml",FR,90.00,176.40,96.00,73.00,50.00,155.70
6e6e8425-7cb6-4d71-a3f1-4bd0751c775f,"Lacto Calamine Oil Control Face Lotion for Oily Skin with Kaolin Clay, Daily Lightweight Non-Greasy Moisturizer, Reduces Shine & Excess Oil, 30 ml",GB,90.00,176.40,96.00,73.00,50.00,155.70
6e6e8425-7cb6-4d71-a3f1-4bd0751c775f,"Lacto Calamine Oil Control Face Lotion for Oily Skin with Kaolin Clay, Daily Lightweight Non-Greasy Moisturizer, Reduces Shine & Excess Oil, 30 ml",IE,90.00,180.90,101.00,78.00,55.00,160.20
6e6e8425-7cb6-4d71-a3f1-4bd0751c775f,"Lacto Calamine Oil Control Face Lotion for Oily Skin with Kaolin Clay, Daily Lightweight Non-Greasy Moisturizer, Reduces Shine & Excess Oil, 30 ml",KE,90.00,176.40,96.00,73.00,50.00,155.70
6e6e8425-7cb6-4d71-a3f1-4bd0751c775f,"Lacto Calamine Oil Control Face Lotion for Oily Skin with Kaolin Clay, Daily Lightweight Non-Greasy Moisturizer, Reduces Shine & Excess Oil, 30 ml",MT,90.00,176.40,96.00,73.00,50.00,155.70
6e6e8425-7cb6-4d71-a3f1-4bd0751c775f,"Lacto Calamine Oil Control Face Lotion for Oily Skin with Kaolin Clay, Daily Lightweight Non-Greasy Moisturizer, Reduces Shine & Excess Oil, 30 ml",US,90.00,176.40,96.00,73.00,50.00,155.70
6873b85e-ab8b-42f8-890c-d5f5756f68a8,"Lacto Calamine Oil Control Face Lotion with Kaolin Clay & Aloe Vera, Daily Moisturizer for Combination to Normal Skin, Lightweight Non-Greasy Formula, 30 ml",AL,90.00,176.40,96.00,73.00,50.00,155.70
6873b85e-ab8b-42f8-890c-d5f5756f68a8,"Lacto Calamine Oil Control Face Lotion with Kaolin Clay & Aloe Vera, Daily Moisturizer for Combination to Normal Skin, Lightweight Non-Greasy Formula, 30 ml",CH,90.00,176.40,96.00,73.00,50.00,155.70
6873b85e-ab8b-42f8-890c-d5f5756f68a8,"Lacto Calamine Oil Control Face Lotion with Kaolin Clay & Aloe Vera, Daily Moisturizer for Combination to Normal Skin, Lightweight Non-Greasy Formula, 30 ml",DE,90.00,176.40,96.00,73.00,50.00,155.70
6873b85e-ab8b-42f8-890c-d5f5756f68a8,"Lacto Calamine Oil Control Face Lotion with Kaolin Clay & Aloe Vera, Daily Moisturizer for Combination to Normal Skin, Lightweight Non-Greasy Formula, 30 ml",FR,90.00,176.40,96.00,73.00,50.00,155.70
6873b85e-ab8b-42f8-890c-d5f5756f68a8,"Lacto Calamine Oil Control Face Lotion with Kaolin Clay & Aloe Vera, Daily Moisturizer for Combination to Normal Skin, Lightweight Non-Greasy Formula, 30 ml",GB,90.00,176.40,96.00,73.00,50.00,155.70
6873b85e-ab8b-42f8-890c-d5f5756f68a8,"Lacto Calamine Oil Control Face Lotion with Kaolin Clay & Aloe Vera, Daily Moisturizer for Combination to Normal Skin, Lightweight Non-Greasy Formula, 30 ml",IE,90.00,180.90,101.00,78.00,55.00,160.20
6873b85e-ab8b-42f8-890c-d5f5756f68a8,"Lacto Calamine Oil Control Face Lotion with Kaolin Clay & Aloe Vera, Daily Moisturizer for Combination to Normal Skin, Lightweight Non-Greasy Formula, 30 ml",KE,90.00,176.40,96.00,73.00,50.00,155.70
6873b85e-ab8b-42f8-890c-d5f5756f68a8,"Lacto Calamine Oil Control Face Lotion with Kaolin Clay & Aloe Vera, Daily Moisturizer for Combination to Normal Skin, Lightweight Non-Greasy Formula, 30 ml",MT,90.00,176.40,96.00,73.00,50.00,155.70
6873b85e-ab8b-42f8-890c-d5f5756f68a8,"Lacto Calamine Oil Control Face Lotion with Kaolin Clay & Aloe Vera, Daily Moisturizer for Combination to Normal Skin, Lightweight Non-Greasy Formula, 30 ml",US,90.00,176.40,96.00,73.00,50.00,155.70
615d1e2f-6116-4736-8782-c593a02cad7e,LACTO CALAMINE SUER LIGHT MOISTURISING GEL,AL,195.00,382.20,96.00,73.00,50.00,337.35
615d1e2f-6116-4736-8782-c593a02cad7e,LACTO CALAMINE SUER LIGHT MOISTURISING GEL,CH,195.00,382.20,96.00,73.00,50.00,337.35
615d1e2f-6116-4736-8782-c593a02cad7e,LACTO CALAMINE SUER LIGHT MOISTURISING GEL,DE,195.00,382.20,96.00,73.00,50.00,337.35
615d1e2f-6116-4736-8782-c593a02cad7e,LACTO CALAMINE SUER LIGHT MOISTURISING GEL,FR,195.00,382.20,96.00,73.00,50.00,337.35
615d1e2f-6116-4736-8782-c593a02cad7e,LACTO CALAMINE SUER LIGHT MOISTURISING GEL,GB,195.00,382.20,96.00,73.00,50.00,337.35
615d1e2f-6116-4736-8782-c593a02cad7e,LACTO CALAMINE SUER LIGHT MOISTURISING GEL,IE,195.00,391.95,101.00,78.00,55.00,347.10
615d1e2f-6116-4736-8782-c593a02cad7e,LACTO CALAMINE SUER LIGHT MOISTURISING GEL,KE,195.00,382.20,96.00,73.00,50.00,337.35
615d1e2f-6116-4736-8782-c593a02cad7e,LACTO CALAMINE SUER LIGHT MOISTURISING GEL,MT,195.00,382.20,96.00,73.00,50.00,337.35
615d1e2f-6116-4736-8782-c593a02cad7e,LACTO CALAMINE SUER LIGHT MOISTURISING GEL,US,195.00,382.20,96.00,73.00,50.00,337.35
9673e003-bb48-4277-a64b-a6525e50d8cc,Lacto Calamine Sunscreen SPF 50 PA+++ | UVA & UVB Protection | Kaolin Clay with Lemon Extracts | Oil Control Sunscreen for Oily Skin | Water Resistant | 50g,AL,217.00,425.32,96.00,73.00,50.00,375.41
9673e003-bb48-4277-a64b-a6525e50d8cc,Lacto Calamine Sunscreen SPF 50 PA+++ | UVA & UVB Protection | Kaolin Clay with Lemon Extracts | Oil Control Sunscreen for Oily Skin | Water Resistant | 50g,CH,217.00,425.32,96.00,73.00,50.00,375.41
9673e003-bb48-4277-a64b-a6525e50d8cc,Lacto Calamine Sunscreen SPF 50 PA+++ | UVA & UVB Protection | Kaolin Clay with Lemon Extracts | Oil Control Sunscreen for Oily Skin | Water Resistant | 50g,DE,217.00,425.32,96.00,73.00,50.00,375.41
9673e003-bb48-4277-a64b-a6525e50d8cc,Lacto Calamine Sunscreen SPF 50 PA+++ | UVA & UVB Protection | Kaolin Clay with Lemon Extracts | Oil Control Sunscreen for Oily Skin | Water Resistant | 50g,FR,217.00,425.32,96.00,73.00,50.00,375.41
9673e003-bb48-4277-a64b-a6525e50d8cc,Lacto Calamine Sunscreen SPF 50 PA+++ | UVA & UVB Protection | Kaolin Clay with Lemon Extracts | Oil Control Sunscreen for Oily Skin | Water Resistant | 50g,GB,217.00,425.32,96.00,73.00,50.00,375.41
9673e003-bb48-4277-a64b-a6525e50d8cc,Lacto Calamine Sunscreen SPF 50 PA+++ | UVA & UVB Protection | Kaolin Clay with Lemon Extracts | Oil Control Sunscreen for Oily Skin | Water Resistant | 50g,IE,217.00,436.17,101.00,78.00,55.00,386.26
9673e003-bb48-4277-a64b-a6525e50d8cc,Lacto Calamine Sunscreen SPF 50 PA+++ | UVA & UVB Protection | Kaolin Clay with Lemon Extracts | Oil Control Sunscreen for Oily Skin | Water Resistant | 50g,KE,217.00,425.32,96.00,73.00,50.00,375.41
9673e003-bb48-4277-a64b-a6525e50d8cc,Lacto Calamine Sunscreen SPF 50 PA+++ | UVA & UVB Protection | Kaolin Clay with Lemon Extracts | Oil Control Sunscreen for Oily Skin | Water Resistant | 50g,MT,217.00,425.32,96.00,73.00,50.00,375.41
9673e003-bb48-4277-a64b-a6525e50d8cc,Lacto Calamine Sunscreen SPF 50 PA+++ | UVA & UVB Protection | Kaolin Clay with Lemon Extracts | Oil Control Sunscreen for Oily Skin | Water Resistant | 50g,US,217.00,425.32,96.00,73.00,50.00,375.41
a58943a8-6ea6-41a7-aea8-12c117da3796,"Lakme 5% Hyaluronic water-light Sunscreen gel SPF 50 Pa++++ For Oily Skin, Plump & Hydrated skin, 56 gm",AL,449.00,880.04,96.00,73.00,50.00,776.77
a58943a8-6ea6-41a7-aea8-12c117da3796,"Lakme 5% Hyaluronic water-light Sunscreen gel SPF 50 Pa++++ For Oily Skin, Plump & Hydrated skin, 56 gm",CH,449.00,880.04,96.00,73.00,50.00,776.77
a58943a8-6ea6-41a7-aea8-12c117da3796,"Lakme 5% Hyaluronic water-light Sunscreen gel SPF 50 Pa++++ For Oily Skin, Plump & Hydrated skin, 56 gm",DE,449.00,880.04,96.00,73.00,50.00,776.77
a58943a8-6ea6-41a7-aea8-12c117da3796,"Lakme 5% Hyaluronic water-light Sunscreen gel SPF 50 Pa++++ For Oily Skin, Plump & Hydrated skin, 56 gm",FR,449.00,880.04,96.00,73.00,50.00,776.77
a58943a8-6ea6-41a7-aea8-12c117da3796,"Lakme 5% Hyaluronic water-light Sunscreen gel SPF 50 Pa++++ For Oily Skin, Plump & Hydrated skin, 56 gm",GB,449.00,880.04,96.00,73.00,50.00,776.77
a58943a8-6ea6-41a7-aea8-12c117da3796,"Lakme 5% Hyaluronic water-light Sunscreen gel SPF 50 Pa++++ For Oily Skin, Plump & Hydrated skin, 56 gm",IE,449.00,910.80,102.85,79.85,56.85,807.53
a58943a8-6ea6-41a7-aea8-12c117da3796,"Lakme 5% Hyaluronic water-light Sunscreen gel SPF 50 Pa++++ For Oily Skin, Plump & Hydrated skin, 56 gm",KE,449.00,880.04,96.00,73.00,50.00,776.77
a58943a8-6ea6-41a7-aea8-12c117da3796,"Lakme 5% Hyaluronic water-light Sunscreen gel SPF 50 Pa++++ For Oily Skin, Plump & Hydrated skin, 56 gm",MT,449.00,880.04,96.00,73.00,50.00,776.77
a58943a8-6ea6-41a7-aea8-12c117da3796,"Lakme 5% Hyaluronic water-light Sunscreen gel SPF 50 Pa++++ For Oily Skin, Plump & Hydrated skin, 56 gm",US,449.00,880.04,96.00,73.00,50.00,776.77
99cca209-cdc3-4948-90c3-d23002e0028d,Lakme 9 to 5 CC Cream Almond 30 gm,IE,338.00,662.26,95.93,72.93,49.93,584.52
2f7e32ee-2328-4ecf-b46d-932907e21e3c,Lakme 9 to 5 CC Cream Beige 9 gm,AL,105.00,205.80,96.00,73.00,50.00,181.65
2f7e32ee-2328-4ecf-b46d-932907e21e3c,Lakme 9 to 5 CC Cream Beige 9 gm,CH,105.00,205.80,96.00,73.00,50.00,181.65
2f7e32ee-2328-4ecf-b46d-932907e21e3c,Lakme 9 to 5 CC Cream Beige 9 gm,DE,105.00,205.80,96.00,73.00,50.00,181.65
2f7e32ee-2328-4ecf-b46d-932907e21e3c,Lakme 9 to 5 CC Cream Beige 9 gm,FR,105.00,205.80,96.00,73.00,50.00,181.65
2f7e32ee-2328-4ecf-b46d-932907e21e3c,Lakme 9 to 5 CC Cream Beige 9 gm,GB,105.00,205.80,96.00,73.00,50.00,181.65
2f7e32ee-2328-4ecf-b46d-932907e21e3c,Lakme 9 to 5 CC Cream Beige 9 gm,IE,105.00,212.99,102.85,79.85,56.85,188.84
2f7e32ee-2328-4ecf-b46d-932907e21e3c,Lakme 9 to 5 CC Cream Beige 9 gm,KE,105.00,205.80,96.00,73.00,50.00,181.65
2f7e32ee-2328-4ecf-b46d-932907e21e3c,Lakme 9 to 5 CC Cream Beige 9 gm,MT,105.00,205.80,96.00,73.00,50.00,181.65
2f7e32ee-2328-4ecf-b46d-932907e21e3c,Lakme 9 to 5 CC Cream Beige 9 gm,US,105.00,205.80,96.00,73.00,50.00,181.65
b5fa0898-46b2-47ec-b882-05c77727235e,Lakme 9 to 5 CC Mousse,AL,500.00,980.00,96.00,73.00,50.00,865.00
b5fa0898-46b2-47ec-b882-05c77727235e,Lakme 9 to 5 CC Mousse,CH,500.00,980.00,96.00,73.00,50.00,865.00
b5fa0898-46b2-47ec-b882-05c77727235e,Lakme 9 to 5 CC Mousse,DE,500.00,980.00,96.00,73.00,50.00,865.00
b5fa0898-46b2-47ec-b882-05c77727235e,Lakme 9 to 5 CC Mousse,FR,500.00,980.00,96.00,73.00,50.00,865.00
b5fa0898-46b2-47ec-b882-05c77727235e,Lakme 9 to 5 CC Mousse,GB,500.00,980.00,96.00,73.00,50.00,865.00
b5fa0898-46b2-47ec-b882-05c77727235e,Lakme 9 to 5 CC Mousse,IE,500.00,1005.00,101.00,78.00,55.00,890.00
b5fa0898-46b2-47ec-b882-05c77727235e,Lakme 9 to 5 CC Mousse,KE,500.00,980.00,96.00,73.00,50.00,865.00
b5fa0898-46b2-47ec-b882-05c77727235e,Lakme 9 to 5 CC Mousse,MT,500.00,980.00,96.00,73.00,50.00,865.00
b5fa0898-46b2-47ec-b882-05c77727235e,Lakme 9 to 5 CC Mousse,US,500.00,980.00,96.00,73.00,50.00,865.00
b51e58da-d249-4649-8c5c-dc179d03bb79,Lakme 9 To 5 Eye Quartet Eyeshadow - Desert Rose (7 gm),AL,387.00,1225.03,216.55,193.55,170.55,1136.02
b51e58da-d249-4649-8c5c-dc179d03bb79,Lakme 9 To 5 Eye Quartet Eyeshadow - Desert Rose (7 gm),CH,387.00,1225.03,216.55,193.55,170.55,1136.02
b51e58da-d249-4649-8c5c-dc179d03bb79,Lakme 9 To 5 Eye Quartet Eyeshadow - Desert Rose (7 gm),DE,387.00,1225.03,216.55,193.55,170.55,1136.02
b51e58da-d249-4649-8c5c-dc179d03bb79,Lakme 9 To 5 Eye Quartet Eyeshadow - Desert Rose (7 gm),FR,387.00,1225.03,216.55,193.55,170.55,1136.02
b51e58da-d249-4649-8c5c-dc179d03bb79,Lakme 9 To 5 Eye Quartet Eyeshadow - Desert Rose (7 gm),GB,387.00,1225.03,216.55,193.55,170.55,1136.02
b51e58da-d249-4649-8c5c-dc179d03bb79,Lakme 9 To 5 Eye Quartet Eyeshadow - Desert Rose (7 gm),IE,387.00,1382.14,257.14,234.14,211.14,1293.13
b51e58da-d249-4649-8c5c-dc179d03bb79,Lakme 9 To 5 Eye Quartet Eyeshadow - Desert Rose (7 gm),KE,387.00,1225.03,216.55,193.55,170.55,1136.02
b51e58da-d249-4649-8c5c-dc179d03bb79,Lakme 9 To 5 Eye Quartet Eyeshadow - Desert Rose (7 gm),MT,387.00,1225.03,216.55,193.55,170.55,1136.02
b51e58da-d249-4649-8c5c-dc179d03bb79,Lakme 9 To 5 Eye Quartet Eyeshadow - Desert Rose (7 gm),US,387.00,1225.03,216.55,193.55,170.55,1136.02
1e66c6ad-cea2-4d21-a873-0de78075a392,"Lakme 9 to 5 Eyeconic Curling Mascara, Smudgeproof, Waterproof, lasts upto 24 Hrs - Black (9 ml)",AL,399.00,782.04,96.00,73.00,50.00,690.27
1e66c6ad-cea2-4d21-a873-0de78075a392,"Lakme 9 to 5 Eyeconic Curling Mascara, Smudgeproof, Waterproof, lasts upto 24 Hrs - Black (9 ml)",CH,399.00,782.04,96.00,73.00,50.00,690.27
1e66c6ad-cea2-4d21-a873-0de78075a392,"Lakme 9 to 5 Eyeconic Curling Mascara, Smudgeproof, Waterproof, lasts upto 24 Hrs - Black (9 ml)",DE,399.00,782.04,96.00,73.00,50.00,690.27
1e66c6ad-cea2-4d21-a873-0de78075a392,"Lakme 9 to 5 Eyeconic Curling Mascara, Smudgeproof, Waterproof, lasts upto 24 Hrs - Black (9 ml)",FR,399.00,782.04,96.00,73.00,50.00,690.27
1e66c6ad-cea2-4d21-a873-0de78075a392,"Lakme 9 to 5 Eyeconic Curling Mascara, Smudgeproof, Waterproof, lasts upto 24 Hrs - Black (9 ml)",GB,399.00,782.04,96.00,73.00,50.00,690.27
1e66c6ad-cea2-4d21-a873-0de78075a392,"Lakme 9 to 5 Eyeconic Curling Mascara, Smudgeproof, Waterproof, lasts upto 24 Hrs - Black (9 ml)",IE,399.00,809.38,102.85,79.85,56.85,717.61
1e66c6ad-cea2-4d21-a873-0de78075a392,"Lakme 9 to 5 Eyeconic Curling Mascara, Smudgeproof, Waterproof, lasts upto 24 Hrs - Black (9 ml)",KE,399.00,782.04,96.00,73.00,50.00,690.27
1e66c6ad-cea2-4d21-a873-0de78075a392,"Lakme 9 to 5 Eyeconic Curling Mascara, Smudgeproof, Waterproof, lasts upto 24 Hrs - Black (9 ml)",MT,399.00,782.04,96.00,73.00,50.00,690.27
1e66c6ad-cea2-4d21-a873-0de78075a392,"Lakme 9 to 5 Eyeconic Curling Mascara, Smudgeproof, Waterproof, lasts upto 24 Hrs - Black (9 ml)",US,399.00,782.04,96.00,73.00,50.00,690.27
cddc91de-2f3e-4318-8e48-a6cb8be11b20,Lakme 9 to 5 Eyeconic Liquid Eyeliner | Smudgeproof |Waterproof | Lasts upto 24 Hrs | Black |4.5 ml,AL,245.99,539.25,119.22,96.22,73.22,482.67
cddc91de-2f3e-4318-8e48-a6cb8be11b20,Lakme 9 to 5 Eyeconic Liquid Eyeliner | Smudgeproof |Waterproof | Lasts upto 24 Hrs | Black |4.5 ml,CH,245.99,539.25,119.22,96.22,73.22,482.67
cddc91de-2f3e-4318-8e48-a6cb8be11b20,Lakme 9 to 5 Eyeconic Liquid Eyeliner | Smudgeproof |Waterproof | Lasts upto 24 Hrs | Black |4.5 ml,DE,245.99,539.25,119.22,96.22,73.22,482.67
cddc91de-2f3e-4318-8e48-a6cb8be11b20,Lakme 9 to 5 Eyeconic Liquid Eyeliner | Smudgeproof |Waterproof | Lasts upto 24 Hrs | Black |4.5 ml,FR,245.99,539.25,119.22,96.22,73.22,482.67
cddc91de-2f3e-4318-8e48-a6cb8be11b20,Lakme 9 to 5 Eyeconic Liquid Eyeliner | Smudgeproof |Waterproof | Lasts upto 24 Hrs | Black |4.5 ml,GB,245.99,539.25,119.22,96.22,73.22,482.67
cddc91de-2f3e-4318-8e48-a6cb8be11b20,Lakme 9 to 5 Eyeconic Liquid Eyeliner | Smudgeproof |Waterproof | Lasts upto 24 Hrs | Black |4.5 ml,IE,245.99,558.37,126.99,103.99,80.99,501.79
cddc91de-2f3e-4318-8e48-a6cb8be11b20,Lakme 9 to 5 Eyeconic Liquid Eyeliner | Smudgeproof |Waterproof | Lasts upto 24 Hrs | Black |4.5 ml,KE,245.99,539.25,119.22,96.22,73.22,482.67
cddc91de-2f3e-4318-8e48-a6cb8be11b20,Lakme 9 to 5 Eyeconic Liquid Eyeliner | Smudgeproof |Waterproof | Lasts upto 24 Hrs | Black |4.5 ml,MT,245.99,539.25,119.22,96.22,73.22,482.67
cddc91de-2f3e-4318-8e48-a6cb8be11b20,Lakme 9 to 5 Eyeconic Liquid Eyeliner | Smudgeproof |Waterproof | Lasts upto 24 Hrs | Black |4.5 ml,US,245.99,539.25,119.22,96.22,73.22,482.67
7b016d7d-a69d-4be9-8e99-23b13ea3c648,Lakme 9 to 5 Fashionista Powerplay Priming Foundation,IE,600.00,1146.00,91.00,68.00,45.00,1008.00
2f3b2364-dc36-4e9c-8d85-f5290ec56a70,Lakme 9 to 5 Hya Matte Lipstick,IE,629.00,1201.39,91.00,68.00,45.00,1056.72
f7f4f115-0392-457e-a47a-ea351f691ed8,Lakme 9 to 5 Matte to Glass Liquid Lip,IE,594.00,1134.54,91.00,68.00,45.00,997.92
313120b2-c13e-400c-aa5e-9be17600a463,Lakme 9 To 5 Powerplay Matte Mousse Foundation 01 Rose Ivory (6 gm),AL,319.00,625.24,96.00,73.00,50.00,551.87
313120b2-c13e-400c-aa5e-9be17600a463,Lakme 9 To 5 Powerplay Matte Mousse Foundation 01 Rose Ivory (6 gm),CH,319.00,625.24,96.00,73.00,50.00,551.87
313120b2-c13e-400c-aa5e-9be17600a463,Lakme 9 To 5 Powerplay Matte Mousse Foundation 01 Rose Ivory (6 gm),DE,319.00,625.24,96.00,73.00,50.00,551.87
313120b2-c13e-400c-aa5e-9be17600a463,Lakme 9 To 5 Powerplay Matte Mousse Foundation 01 Rose Ivory (6 gm),FR,319.00,625.24,96.00,73.00,50.00,551.87
313120b2-c13e-400c-aa5e-9be17600a463,Lakme 9 To 5 Powerplay Matte Mousse Foundation 01 Rose Ivory (6 gm),GB,319.00,625.24,96.00,73.00,50.00,551.87
313120b2-c13e-400c-aa5e-9be17600a463,Lakme 9 To 5 Powerplay Matte Mousse Foundation 01 Rose Ivory (6 gm),IE,319.00,647.10,102.85,79.85,56.85,573.73
313120b2-c13e-400c-aa5e-9be17600a463,Lakme 9 To 5 Powerplay Matte Mousse Foundation 01 Rose Ivory (6 gm),KE,319.00,625.24,96.00,73.00,50.00,551.87
313120b2-c13e-400c-aa5e-9be17600a463,Lakme 9 To 5 Powerplay Matte Mousse Foundation 01 Rose Ivory (6 gm),MT,319.00,625.24,96.00,73.00,50.00,551.87
313120b2-c13e-400c-aa5e-9be17600a463,Lakme 9 To 5 Powerplay Matte Mousse Foundation 01 Rose Ivory (6 gm),US,319.00,625.24,96.00,73.00,50.00,551.87
2f0595f1-9874-4a11-a619-cc4c13f8b3b0,Lakme 9 to 5 Powerplay Velvet Creme Blush - Pink Rose (9 gm),IE,559.00,1133.94,102.85,79.85,56.85,1005.37
c9667575-2fab-49a9-8ccf-8e7a631bb505,Lakme 9-5 Fashionista Collection Powerplay Matte Compact Melon (8 gm),IE,639.00,1284.39,101.00,78.00,55.00,1137.42
546f54fe-5c39-4280-b773-428e41c3136a,Lakmé 9to5 CC Cream Complexion Care Cream SPF 30 PA++ – Lightweight Foundation + Moisturizer for Even Skin Tone & Daily Sun Protection – Frappe Shade – Standard Pack,AL,375.00,735.00,96.00,73.00,50.00,648.75
546f54fe-5c39-4280-b773-428e41c3136a,Lakmé 9to5 CC Cream Complexion Care Cream SPF 30 PA++ – Lightweight Foundation + Moisturizer for Even Skin Tone & Daily Sun Protection – Frappe Shade – Standard Pack,CH,375.00,735.00,96.00,73.00,50.00,648.75
546f54fe-5c39-4280-b773-428e41c3136a,Lakmé 9to5 CC Cream Complexion Care Cream SPF 30 PA++ – Lightweight Foundation + Moisturizer for Even Skin Tone & Daily Sun Protection – Frappe Shade – Standard Pack,DE,375.00,735.00,96.00,73.00,50.00,648.75
546f54fe-5c39-4280-b773-428e41c3136a,Lakmé 9to5 CC Cream Complexion Care Cream SPF 30 PA++ – Lightweight Foundation + Moisturizer for Even Skin Tone & Daily Sun Protection – Frappe Shade – Standard Pack,FR,375.00,735.00,96.00,73.00,50.00,648.75
546f54fe-5c39-4280-b773-428e41c3136a,Lakmé 9to5 CC Cream Complexion Care Cream SPF 30 PA++ – Lightweight Foundation + Moisturizer for Even Skin Tone & Daily Sun Protection – Frappe Shade – Standard Pack,GB,375.00,735.00,96.00,73.00,50.00,648.75
546f54fe-5c39-4280-b773-428e41c3136a,Lakmé 9to5 CC Cream Complexion Care Cream SPF 30 PA++ – Lightweight Foundation + Moisturizer for Even Skin Tone & Daily Sun Protection – Frappe Shade – Standard Pack,IE,375.00,753.75,101.00,78.00,55.00,667.50
546f54fe-5c39-4280-b773-428e41c3136a,Lakmé 9to5 CC Cream Complexion Care Cream SPF 30 PA++ – Lightweight Foundation + Moisturizer for Even Skin Tone & Daily Sun Protection – Frappe Shade – Standard Pack,KE,375.00,735.00,96.00,73.00,50.00,648.75
546f54fe-5c39-4280-b773-428e41c3136a,Lakmé 9to5 CC Cream Complexion Care Cream SPF 30 PA++ – Lightweight Foundation + Moisturizer for Even Skin Tone & Daily Sun Protection – Frappe Shade – Standard Pack,MT,375.00,735.00,96.00,73.00,50.00,648.75
546f54fe-5c39-4280-b773-428e41c3136a,Lakmé 9to5 CC Cream Complexion Care Cream SPF 30 PA++ – Lightweight Foundation + Moisturizer for Even Skin Tone & Daily Sun Protection – Frappe Shade – Standard Pack,US,375.00,735.00,96.00,73.00,50.00,648.75
903ba5bc-fcc7-4d79-a14e-51c78963c691,Lakmé 9to5 CC+ Complexion Care Cream | 3% Niacinamide | SPF 30 PA++ | Honey Shade |,AL,114.00,223.44,96.00,73.00,50.00,197.22
903ba5bc-fcc7-4d79-a14e-51c78963c691,Lakmé 9to5 CC+ Complexion Care Cream | 3% Niacinamide | SPF 30 PA++ | Honey Shade |,CH,114.00,223.44,96.00,73.00,50.00,197.22
903ba5bc-fcc7-4d79-a14e-51c78963c691,Lakmé 9to5 CC+ Complexion Care Cream | 3% Niacinamide | SPF 30 PA++ | Honey Shade |,DE,114.00,223.44,96.00,73.00,50.00,197.22
903ba5bc-fcc7-4d79-a14e-51c78963c691,Lakmé 9to5 CC+ Complexion Care Cream | 3% Niacinamide | SPF 30 PA++ | Honey Shade |,FR,114.00,223.44,96.00,73.00,50.00,197.22
903ba5bc-fcc7-4d79-a14e-51c78963c691,Lakmé 9to5 CC+ Complexion Care Cream | 3% Niacinamide | SPF 30 PA++ | Honey Shade |,GB,114.00,223.44,96.00,73.00,50.00,197.22
903ba5bc-fcc7-4d79-a14e-51c78963c691,Lakmé 9to5 CC+ Complexion Care Cream | 3% Niacinamide | SPF 30 PA++ | Honey Shade |,IE,114.00,229.14,101.00,78.00,55.00,202.92
903ba5bc-fcc7-4d79-a14e-51c78963c691,Lakmé 9to5 CC+ Complexion Care Cream | 3% Niacinamide | SPF 30 PA++ | Honey Shade |,KE,114.00,223.44,96.00,73.00,50.00,197.22
903ba5bc-fcc7-4d79-a14e-51c78963c691,Lakmé 9to5 CC+ Complexion Care Cream | 3% Niacinamide | SPF 30 PA++ | Honey Shade |,MT,114.00,223.44,96.00,73.00,50.00,197.22
903ba5bc-fcc7-4d79-a14e-51c78963c691,Lakmé 9to5 CC+ Complexion Care Cream | 3% Niacinamide | SPF 30 PA++ | Honey Shade |,US,114.00,223.44,96.00,73.00,50.00,197.22
31778954-8dfb-4ac1-b6bb-586824eeaa3d,"Lakme 9to5 Double Duty Lip & Cheek Water Stain Sunset Kiss - Transfer proof, Easy to Apply, Long Lasting - 9 ml",IE,639.00,1296.22,102.85,79.85,56.85,1149.25
ce398bfe-3c28-4ded-ab5f-d73baf4d7611,Lakme 9to5 Hya Matte Lip Liquid + Hyaluronic Acid Meetup Mauve 5.3 ml,IE,559.00,1133.94,102.85,79.85,56.85,1005.37
de60150c-c7c7-49b3-ac30-ebfff8603043,"LAKME 9TO5 HYA MATTE LIQUID CONCEALER WITH HYALURONC ACID, ROSEHIP OIL, MARULA OIL",IE,538.00,1027.58,91.00,68.00,45.00,903.84
0f39d24b-a7cb-47d0-a495-fa728fd8db81,Lakme 9to5 Hya Matte Pressed Powder Ivory 9 gm,IE,559.00,1123.59,101.00,78.00,55.00,995.02
7a780215-a8a4-43d8-82f0-026e138faeae,Lakme 9to5 P+M Liquid Lip Color MN2 Mocha,IE,519.00,1052.80,102.85,79.85,56.85,933.43
ad7c62b6-a1b7-48a3-94bd-390bbda8b2c1,"Lakme 9to5 Powerplay Priming Matte Lipstick, Lasts 16hrs, Brown Walnut, 3.6 gm",AL,479.00,938.84,96.00,73.00,50.00,828.67
ad7c62b6-a1b7-48a3-94bd-390bbda8b2c1,"Lakme 9to5 Powerplay Priming Matte Lipstick, Lasts 16hrs, Brown Walnut, 3.6 gm",CH,479.00,938.84,96.00,73.00,50.00,828.67
ad7c62b6-a1b7-48a3-94bd-390bbda8b2c1,"Lakme 9to5 Powerplay Priming Matte Lipstick, Lasts 16hrs, Brown Walnut, 3.6 gm",DE,479.00,938.84,96.00,73.00,50.00,828.67
ad7c62b6-a1b7-48a3-94bd-390bbda8b2c1,"Lakme 9to5 Powerplay Priming Matte Lipstick, Lasts 16hrs, Brown Walnut, 3.6 gm",FR,479.00,938.84,96.00,73.00,50.00,828.67
ad7c62b6-a1b7-48a3-94bd-390bbda8b2c1,"Lakme 9to5 Powerplay Priming Matte Lipstick, Lasts 16hrs, Brown Walnut, 3.6 gm",GB,479.00,938.84,96.00,73.00,50.00,828.67
ad7c62b6-a1b7-48a3-94bd-390bbda8b2c1,"Lakme 9to5 Powerplay Priming Matte Lipstick, Lasts 16hrs, Brown Walnut, 3.6 gm",IE,479.00,971.66,102.85,79.85,56.85,861.49
ad7c62b6-a1b7-48a3-94bd-390bbda8b2c1,"Lakme 9to5 Powerplay Priming Matte Lipstick, Lasts 16hrs, Brown Walnut, 3.6 gm",KE,479.00,938.84,96.00,73.00,50.00,828.67
ad7c62b6-a1b7-48a3-94bd-390bbda8b2c1,"Lakme 9to5 Powerplay Priming Matte Lipstick, Lasts 16hrs, Brown Walnut, 3.6 gm",MT,479.00,938.84,96.00,73.00,50.00,828.67
ad7c62b6-a1b7-48a3-94bd-390bbda8b2c1,"Lakme 9to5 Powerplay Priming Matte Lipstick, Lasts 16hrs, Brown Walnut, 3.6 gm",US,479.00,938.84,96.00,73.00,50.00,828.67
7f36d0f2-54fd-4107-a9c2-0c011326b2d8,Lakme Absolute 3D Lash Volumizer (15 ml),IE,719.00,1445.19,101.00,78.00,55.00,1279.82
d6cde789-7d9b-4fd5-b0dc-16cb9eb735e3,"Lakme Absolute Argan Oil Radiance Oil-In Gel with Antioxidants, Argan Oil, Superior Nourishment, 50 gm",AL,642.00,1252.08,95.03,72.03,49.03,1104.42
d6cde789-7d9b-4fd5-b0dc-16cb9eb735e3,"Lakme Absolute Argan Oil Radiance Oil-In Gel with Antioxidants, Argan Oil, Superior Nourishment, 50 gm",CH,642.00,1252.08,95.03,72.03,49.03,1104.42
d6cde789-7d9b-4fd5-b0dc-16cb9eb735e3,"Lakme Absolute Argan Oil Radiance Oil-In Gel with Antioxidants, Argan Oil, Superior Nourishment, 50 gm",DE,642.00,1252.08,95.03,72.03,49.03,1104.42
d6cde789-7d9b-4fd5-b0dc-16cb9eb735e3,"Lakme Absolute Argan Oil Radiance Oil-In Gel with Antioxidants, Argan Oil, Superior Nourishment, 50 gm",FR,642.00,1252.08,95.03,72.03,49.03,1104.42
d6cde789-7d9b-4fd5-b0dc-16cb9eb735e3,"Lakme Absolute Argan Oil Radiance Oil-In Gel with Antioxidants, Argan Oil, Superior Nourishment, 50 gm",GB,642.00,1252.08,95.03,72.03,49.03,1104.42
d6cde789-7d9b-4fd5-b0dc-16cb9eb735e3,"Lakme Absolute Argan Oil Radiance Oil-In Gel with Antioxidants, Argan Oil, Superior Nourishment, 50 gm",IE,642.00,1290.42,101.00,78.00,55.00,1142.76
d6cde789-7d9b-4fd5-b0dc-16cb9eb735e3,"Lakme Absolute Argan Oil Radiance Oil-In Gel with Antioxidants, Argan Oil, Superior Nourishment, 50 gm",KE,642.00,1252.08,95.03,72.03,49.03,1104.42
d6cde789-7d9b-4fd5-b0dc-16cb9eb735e3,"Lakme Absolute Argan Oil Radiance Oil-In Gel with Antioxidants, Argan Oil, Superior Nourishment, 50 gm",MT,642.00,1252.08,95.03,72.03,49.03,1104.42
d6cde789-7d9b-4fd5-b0dc-16cb9eb735e3,"Lakme Absolute Argan Oil Radiance Oil-In Gel with Antioxidants, Argan Oil, Superior Nourishment, 50 gm",US,642.00,1252.08,95.03,72.03,49.03,1104.42
98a9b8f7-ab2d-47a1-b04b-2ae607b594bf,LAKME ABSOLUTE ARGAN OIL RADIANCE OVERNIGHT OIL-IN-SERUM,IE,744.00,1421.04,91.00,68.00,45.00,1249.92
a2b6c3de-7036-4d3f-9028-61f2ccde88d8,Lakme Absolute Explore Eye Paint Brilliantly Bronze 3 gm,IE,585.00,1139.92,94.86,71.86,48.86,1005.37
d9d2f628-7ca5-46bc-b4ac-7bf010031034,"Lakme Absolute Instant Airbrush Concealer Pen - Cinmon, 1.8 gm",IE,639.00,1296.22,102.85,79.85,56.85,1149.25
8e58ec4e-6476-4dbf-9a8b-0dee59b97b71,Lakme Absolute Luminous Skin Tint Foundation C300CoolCinmn - 23 ml,IE,719.00,1458.50,102.85,79.85,56.85,1293.13
f182ef79-3d8f-4c59-9ac7-7f355d0138d2,"Lakme Absolute Matte Melt Liquid Lip Color, Sour Cherry, 6 ml",IE,679.00,1377.36,102.85,79.85,56.85,1221.19
f30c7130-a278-4da6-bbe9-5009198d14bd,Lakmé Absolute Perfect Radiance Brightening Night Crème with Niacinamide,AL,446.00,874.16,96.00,73.00,50.00,771.58
f30c7130-a278-4da6-bbe9-5009198d14bd,Lakmé Absolute Perfect Radiance Brightening Night Crème with Niacinamide,CH,446.00,874.16,96.00,73.00,50.00,771.58
f30c7130-a278-4da6-bbe9-5009198d14bd,Lakmé Absolute Perfect Radiance Brightening Night Crème with Niacinamide,DE,446.00,874.16,96.00,73.00,50.00,771.58
f30c7130-a278-4da6-bbe9-5009198d14bd,Lakmé Absolute Perfect Radiance Brightening Night Crème with Niacinamide,FR,446.00,874.16,96.00,73.00,50.00,771.58
f30c7130-a278-4da6-bbe9-5009198d14bd,Lakmé Absolute Perfect Radiance Brightening Night Crème with Niacinamide,GB,446.00,874.16,96.00,73.00,50.00,771.58
f30c7130-a278-4da6-bbe9-5009198d14bd,Lakmé Absolute Perfect Radiance Brightening Night Crème with Niacinamide,IE,446.00,896.46,101.00,78.00,55.00,793.88
f30c7130-a278-4da6-bbe9-5009198d14bd,Lakmé Absolute Perfect Radiance Brightening Night Crème with Niacinamide,KE,446.00,874.16,96.00,73.00,50.00,771.58
f30c7130-a278-4da6-bbe9-5009198d14bd,Lakmé Absolute Perfect Radiance Brightening Night Crème with Niacinamide,MT,446.00,874.16,96.00,73.00,50.00,771.58
f30c7130-a278-4da6-bbe9-5009198d14bd,Lakmé Absolute Perfect Radiance Brightening Night Crème with Niacinamide,US,446.00,874.16,96.00,73.00,50.00,771.58
fdacfc25-d162-4aec-9766-30e485b3ce83,Lakme Absolute Skin Dew Satin Lipstick 102 3.4 ml,IE,679.00,1377.36,102.85,79.85,56.85,1221.19
1a2d77eb-3fab-4843-97b6-071ce181a91e,Lakme Blush & Glow Avocado Matcha + Salicylic Acid Gentle Jelly Face Wash for Oily and Combination Skin - 100 gm | Deep Pore Cleansing & Gentle Exfoliation | Non-Drying Daily Cleanser for Men & Women,AL,199.00,390.04,96.00,73.00,50.00,344.27
1a2d77eb-3fab-4843-97b6-071ce181a91e,Lakme Blush & Glow Avocado Matcha + Salicylic Acid Gentle Jelly Face Wash for Oily and Combination Skin - 100 gm | Deep Pore Cleansing & Gentle Exfoliation | Non-Drying Daily Cleanser for Men & Women,CH,199.00,390.04,96.00,73.00,50.00,344.27
1a2d77eb-3fab-4843-97b6-071ce181a91e,Lakme Blush & Glow Avocado Matcha + Salicylic Acid Gentle Jelly Face Wash for Oily and Combination Skin - 100 gm | Deep Pore Cleansing & Gentle Exfoliation | Non-Drying Daily Cleanser for Men & Women,DE,199.00,390.04,96.00,73.00,50.00,344.27
1a2d77eb-3fab-4843-97b6-071ce181a91e,Lakme Blush & Glow Avocado Matcha + Salicylic Acid Gentle Jelly Face Wash for Oily and Combination Skin - 100 gm | Deep Pore Cleansing & Gentle Exfoliation | Non-Drying Daily Cleanser for Men & Women,FR,199.00,390.04,96.00,73.00,50.00,344.27
1a2d77eb-3fab-4843-97b6-071ce181a91e,Lakme Blush & Glow Avocado Matcha + Salicylic Acid Gentle Jelly Face Wash for Oily and Combination Skin - 100 gm | Deep Pore Cleansing & Gentle Exfoliation | Non-Drying Daily Cleanser for Men & Women,GB,199.00,390.04,96.00,73.00,50.00,344.27
1a2d77eb-3fab-4843-97b6-071ce181a91e,Lakme Blush & Glow Avocado Matcha + Salicylic Acid Gentle Jelly Face Wash for Oily and Combination Skin - 100 gm | Deep Pore Cleansing & Gentle Exfoliation | Non-Drying Daily Cleanser for Men & Women,IE,199.00,399.99,101.00,78.00,55.00,354.22
1a2d77eb-3fab-4843-97b6-071ce181a91e,Lakme Blush & Glow Avocado Matcha + Salicylic Acid Gentle Jelly Face Wash for Oily and Combination Skin - 100 gm | Deep Pore Cleansing & Gentle Exfoliation | Non-Drying Daily Cleanser for Men & Women,KE,199.00,390.04,96.00,73.00,50.00,344.27
1a2d77eb-3fab-4843-97b6-071ce181a91e,Lakme Blush & Glow Avocado Matcha + Salicylic Acid Gentle Jelly Face Wash for Oily and Combination Skin - 100 gm | Deep Pore Cleansing & Gentle Exfoliation | Non-Drying Daily Cleanser for Men & Women,MT,199.00,390.04,96.00,73.00,50.00,344.27
1a2d77eb-3fab-4843-97b6-071ce181a91e,Lakme Blush & Glow Avocado Matcha + Salicylic Acid Gentle Jelly Face Wash for Oily and Combination Skin - 100 gm | Deep Pore Cleansing & Gentle Exfoliation | Non-Drying Daily Cleanser for Men & Women,US,199.00,390.04,96.00,73.00,50.00,344.27
28e6738a-0e49-44b9-9bb8-9fcc5f9a8fcf,Lakme Blush & Glow Blueberry + Blue Peptide Gentle Jelly Face Wash for Dry and Dehydrated Skin - 100 gm | Clinically Proven to Repair Skin Barrier | Intense Hydration & Moisturizing Daily Cleanser for Men & Women,AL,199.00,390.04,96.00,73.00,50.00,344.27
28e6738a-0e49-44b9-9bb8-9fcc5f9a8fcf,Lakme Blush & Glow Blueberry + Blue Peptide Gentle Jelly Face Wash for Dry and Dehydrated Skin - 100 gm | Clinically Proven to Repair Skin Barrier | Intense Hydration & Moisturizing Daily Cleanser for Men & Women,CH,199.00,390.04,96.00,73.00,50.00,344.27
28e6738a-0e49-44b9-9bb8-9fcc5f9a8fcf,Lakme Blush & Glow Blueberry + Blue Peptide Gentle Jelly Face Wash for Dry and Dehydrated Skin - 100 gm | Clinically Proven to Repair Skin Barrier | Intense Hydration & Moisturizing Daily Cleanser for Men & Women,DE,199.00,390.04,96.00,73.00,50.00,344.27
28e6738a-0e49-44b9-9bb8-9fcc5f9a8fcf,Lakme Blush & Glow Blueberry + Blue Peptide Gentle Jelly Face Wash for Dry and Dehydrated Skin - 100 gm | Clinically Proven to Repair Skin Barrier | Intense Hydration & Moisturizing Daily Cleanser for Men & Women,FR,199.00,390.04,96.00,73.00,50.00,344.27
28e6738a-0e49-44b9-9bb8-9fcc5f9a8fcf,Lakme Blush & Glow Blueberry + Blue Peptide Gentle Jelly Face Wash for Dry and Dehydrated Skin - 100 gm | Clinically Proven to Repair Skin Barrier | Intense Hydration & Moisturizing Daily Cleanser for Men & Women,GB,199.00,390.04,96.00,73.00,50.00,344.27
28e6738a-0e49-44b9-9bb8-9fcc5f9a8fcf,Lakme Blush & Glow Blueberry + Blue Peptide Gentle Jelly Face Wash for Dry and Dehydrated Skin - 100 gm | Clinically Proven to Repair Skin Barrier | Intense Hydration & Moisturizing Daily Cleanser for Men & Women,IE,199.00,399.99,101.00,78.00,55.00,354.22
28e6738a-0e49-44b9-9bb8-9fcc5f9a8fcf,Lakme Blush & Glow Blueberry + Blue Peptide Gentle Jelly Face Wash for Dry and Dehydrated Skin - 100 gm | Clinically Proven to Repair Skin Barrier | Intense Hydration & Moisturizing Daily Cleanser for Men & Women,KE,199.00,390.04,96.00,73.00,50.00,344.27
28e6738a-0e49-44b9-9bb8-9fcc5f9a8fcf,Lakme Blush & Glow Blueberry + Blue Peptide Gentle Jelly Face Wash for Dry and Dehydrated Skin - 100 gm | Clinically Proven to Repair Skin Barrier | Intense Hydration & Moisturizing Daily Cleanser for Men & Women,MT,199.00,390.04,96.00,73.00,50.00,344.27
28e6738a-0e49-44b9-9bb8-9fcc5f9a8fcf,Lakme Blush & Glow Blueberry + Blue Peptide Gentle Jelly Face Wash for Dry and Dehydrated Skin - 100 gm | Clinically Proven to Repair Skin Barrier | Intense Hydration & Moisturizing Daily Cleanser for Men & Women,US,199.00,390.04,96.00,73.00,50.00,344.27
1ffa2eba-201b-476b-8cd9-c667216c0bc1,Lakme Blush & Glow Blueberry + Peptides Jelly Facewash (50 g),AL,121.50,238.14,96.00,73.00,50.00,210.20
1ffa2eba-201b-476b-8cd9-c667216c0bc1,Lakme Blush & Glow Blueberry + Peptides Jelly Facewash (50 g),CH,121.50,238.14,96.00,73.00,50.00,210.20
1ffa2eba-201b-476b-8cd9-c667216c0bc1,Lakme Blush & Glow Blueberry + Peptides Jelly Facewash (50 g),DE,121.50,238.14,96.00,73.00,50.00,210.20
1ffa2eba-201b-476b-8cd9-c667216c0bc1,Lakme Blush & Glow Blueberry + Peptides Jelly Facewash (50 g),FR,121.50,238.14,96.00,73.00,50.00,210.20
1ffa2eba-201b-476b-8cd9-c667216c0bc1,Lakme Blush & Glow Blueberry + Peptides Jelly Facewash (50 g),GB,121.50,238.14,96.00,73.00,50.00,210.20
1ffa2eba-201b-476b-8cd9-c667216c0bc1,Lakme Blush & Glow Blueberry + Peptides Jelly Facewash (50 g),IE,121.50,244.22,101.00,78.00,55.00,216.27
1ffa2eba-201b-476b-8cd9-c667216c0bc1,Lakme Blush & Glow Blueberry + Peptides Jelly Facewash (50 g),KE,121.50,238.14,96.00,73.00,50.00,210.20
1ffa2eba-201b-476b-8cd9-c667216c0bc1,Lakme Blush & Glow Blueberry + Peptides Jelly Facewash (50 g),MT,121.50,238.14,96.00,73.00,50.00,210.20
1ffa2eba-201b-476b-8cd9-c667216c0bc1,Lakme Blush & Glow Blueberry + Peptides Jelly Facewash (50 g),US,121.50,238.14,96.00,73.00,50.00,210.20
2161c20e-a39b-4db1-9a1a-aeacfec4f74e,Lakmé Blush & Glow Face Wash with Lemon & Vitamin C Serum | Brightening Face Cleanser | Refreshing Gel Formula for Glowing Skin,AL,178.00,348.88,96.00,73.00,50.00,307.94
2161c20e-a39b-4db1-9a1a-aeacfec4f74e,Lakmé Blush & Glow Face Wash with Lemon & Vitamin C Serum | Brightening Face Cleanser | Refreshing Gel Formula for Glowing Skin,CH,178.00,348.88,96.00,73.00,50.00,307.94
2161c20e-a39b-4db1-9a1a-aeacfec4f74e,Lakmé Blush & Glow Face Wash with Lemon & Vitamin C Serum | Brightening Face Cleanser | Refreshing Gel Formula for Glowing Skin,DE,178.00,348.88,96.00,73.00,50.00,307.94
2161c20e-a39b-4db1-9a1a-aeacfec4f74e,Lakmé Blush & Glow Face Wash with Lemon & Vitamin C Serum | Brightening Face Cleanser | Refreshing Gel Formula for Glowing Skin,FR,178.00,348.88,96.00,73.00,50.00,307.94
2161c20e-a39b-4db1-9a1a-aeacfec4f74e,Lakmé Blush & Glow Face Wash with Lemon & Vitamin C Serum | Brightening Face Cleanser | Refreshing Gel Formula for Glowing Skin,GB,178.00,348.88,96.00,73.00,50.00,307.94
2161c20e-a39b-4db1-9a1a-aeacfec4f74e,Lakmé Blush & Glow Face Wash with Lemon & Vitamin C Serum | Brightening Face Cleanser | Refreshing Gel Formula for Glowing Skin,IE,178.00,357.78,101.00,78.00,55.00,316.84
2161c20e-a39b-4db1-9a1a-aeacfec4f74e,Lakmé Blush & Glow Face Wash with Lemon & Vitamin C Serum | Brightening Face Cleanser | Refreshing Gel Formula for Glowing Skin,KE,178.00,348.88,96.00,73.00,50.00,307.94
2161c20e-a39b-4db1-9a1a-aeacfec4f74e,Lakmé Blush & Glow Face Wash with Lemon & Vitamin C Serum | Brightening Face Cleanser | Refreshing Gel Formula for Glowing Skin,MT,178.00,348.88,96.00,73.00,50.00,307.94
2161c20e-a39b-4db1-9a1a-aeacfec4f74e,Lakmé Blush & Glow Face Wash with Lemon & Vitamin C Serum | Brightening Face Cleanser | Refreshing Gel Formula for Glowing Skin,US,178.00,348.88,96.00,73.00,50.00,307.94
cf61aec8-135d-457a-955c-d4c2e13b17d5,Lakmé Blush & Glow Strawberry + Vitamin C Jelly Face Wash | Antioxidant Repair | Bright Juicy Glow Cleanser for Fresh Skin,AL,178.00,348.88,96.00,73.00,50.00,307.94
cf61aec8-135d-457a-955c-d4c2e13b17d5,Lakmé Blush & Glow Strawberry + Vitamin C Jelly Face Wash | Antioxidant Repair | Bright Juicy Glow Cleanser for Fresh Skin,CH,178.00,348.88,96.00,73.00,50.00,307.94
cf61aec8-135d-457a-955c-d4c2e13b17d5,Lakmé Blush & Glow Strawberry + Vitamin C Jelly Face Wash | Antioxidant Repair | Bright Juicy Glow Cleanser for Fresh Skin,DE,178.00,348.88,96.00,73.00,50.00,307.94
cf61aec8-135d-457a-955c-d4c2e13b17d5,Lakmé Blush & Glow Strawberry + Vitamin C Jelly Face Wash | Antioxidant Repair | Bright Juicy Glow Cleanser for Fresh Skin,FR,178.00,348.88,96.00,73.00,50.00,307.94
cf61aec8-135d-457a-955c-d4c2e13b17d5,Lakmé Blush & Glow Strawberry + Vitamin C Jelly Face Wash | Antioxidant Repair | Bright Juicy Glow Cleanser for Fresh Skin,GB,178.00,348.88,96.00,73.00,50.00,307.94
cf61aec8-135d-457a-955c-d4c2e13b17d5,Lakmé Blush & Glow Strawberry + Vitamin C Jelly Face Wash | Antioxidant Repair | Bright Juicy Glow Cleanser for Fresh Skin,IE,178.00,357.78,101.00,78.00,55.00,316.84
cf61aec8-135d-457a-955c-d4c2e13b17d5,Lakmé Blush & Glow Strawberry + Vitamin C Jelly Face Wash | Antioxidant Repair | Bright Juicy Glow Cleanser for Fresh Skin,KE,178.00,348.88,96.00,73.00,50.00,307.94
cf61aec8-135d-457a-955c-d4c2e13b17d5,Lakmé Blush & Glow Strawberry + Vitamin C Jelly Face Wash | Antioxidant Repair | Bright Juicy Glow Cleanser for Fresh Skin,MT,178.00,348.88,96.00,73.00,50.00,307.94
cf61aec8-135d-457a-955c-d4c2e13b17d5,Lakmé Blush & Glow Strawberry + Vitamin C Jelly Face Wash | Antioxidant Repair | Bright Juicy Glow Cleanser for Fresh Skin,US,178.00,348.88,96.00,73.00,50.00,307.94
ad75e41e-cc36-4ddf-857c-88fa4dcf45ab,"Lakme Blush & Glow Strawberry Creme Face Wash, With Strawberry Extract,100 gm",AL,159.00,311.64,96.00,73.00,50.00,275.07
ad75e41e-cc36-4ddf-857c-88fa4dcf45ab,"Lakme Blush & Glow Strawberry Creme Face Wash, With Strawberry Extract,100 gm",CH,159.00,311.64,96.00,73.00,50.00,275.07
ad75e41e-cc36-4ddf-857c-88fa4dcf45ab,"Lakme Blush & Glow Strawberry Creme Face Wash, With Strawberry Extract,100 gm",DE,159.00,311.64,96.00,73.00,50.00,275.07
ad75e41e-cc36-4ddf-857c-88fa4dcf45ab,"Lakme Blush & Glow Strawberry Creme Face Wash, With Strawberry Extract,100 gm",FR,159.00,311.64,96.00,73.00,50.00,275.07
ad75e41e-cc36-4ddf-857c-88fa4dcf45ab,"Lakme Blush & Glow Strawberry Creme Face Wash, With Strawberry Extract,100 gm",GB,159.00,311.64,96.00,73.00,50.00,275.07
ad75e41e-cc36-4ddf-857c-88fa4dcf45ab,"Lakme Blush & Glow Strawberry Creme Face Wash, With Strawberry Extract,100 gm",IE,159.00,319.59,101.00,78.00,55.00,283.02
ad75e41e-cc36-4ddf-857c-88fa4dcf45ab,"Lakme Blush & Glow Strawberry Creme Face Wash, With Strawberry Extract,100 gm",KE,159.00,311.64,96.00,73.00,50.00,275.07
ad75e41e-cc36-4ddf-857c-88fa4dcf45ab,"Lakme Blush & Glow Strawberry Creme Face Wash, With Strawberry Extract,100 gm",MT,159.00,311.64,96.00,73.00,50.00,275.07
ad75e41e-cc36-4ddf-857c-88fa4dcf45ab,"Lakme Blush & Glow Strawberry Creme Face Wash, With Strawberry Extract,100 gm",US,159.00,311.64,96.00,73.00,50.00,275.07
96d9c2d6-860b-4cd3-b6b8-521e7752ac05,Lakme Blush & Glow Watermelon Rice Water + Cica Gentle Jelly Face Wash for All Skin Types - 100 gm | Soothes and Restores Skin Barrier for Naturally Glowing Skin | Hydrating Daily Cleanser for Men & Women,AL,199.00,390.04,96.00,73.00,50.00,344.27
96d9c2d6-860b-4cd3-b6b8-521e7752ac05,Lakme Blush & Glow Watermelon Rice Water + Cica Gentle Jelly Face Wash for All Skin Types - 100 gm | Soothes and Restores Skin Barrier for Naturally Glowing Skin | Hydrating Daily Cleanser for Men & Women,CH,199.00,390.04,96.00,73.00,50.00,344.27
96d9c2d6-860b-4cd3-b6b8-521e7752ac05,Lakme Blush & Glow Watermelon Rice Water + Cica Gentle Jelly Face Wash for All Skin Types - 100 gm | Soothes and Restores Skin Barrier for Naturally Glowing Skin | Hydrating Daily Cleanser for Men & Women,DE,199.00,390.04,96.00,73.00,50.00,344.27
96d9c2d6-860b-4cd3-b6b8-521e7752ac05,Lakme Blush & Glow Watermelon Rice Water + Cica Gentle Jelly Face Wash for All Skin Types - 100 gm | Soothes and Restores Skin Barrier for Naturally Glowing Skin | Hydrating Daily Cleanser for Men & Women,FR,199.00,390.04,96.00,73.00,50.00,344.27
96d9c2d6-860b-4cd3-b6b8-521e7752ac05,Lakme Blush & Glow Watermelon Rice Water + Cica Gentle Jelly Face Wash for All Skin Types - 100 gm | Soothes and Restores Skin Barrier for Naturally Glowing Skin | Hydrating Daily Cleanser for Men & Women,GB,199.00,390.04,96.00,73.00,50.00,344.27
96d9c2d6-860b-4cd3-b6b8-521e7752ac05,Lakme Blush & Glow Watermelon Rice Water + Cica Gentle Jelly Face Wash for All Skin Types - 100 gm | Soothes and Restores Skin Barrier for Naturally Glowing Skin | Hydrating Daily Cleanser for Men & Women,IE,199.00,399.99,101.00,78.00,55.00,354.22
96d9c2d6-860b-4cd3-b6b8-521e7752ac05,Lakme Blush & Glow Watermelon Rice Water + Cica Gentle Jelly Face Wash for All Skin Types - 100 gm | Soothes and Restores Skin Barrier for Naturally Glowing Skin | Hydrating Daily Cleanser for Men & Women,KE,199.00,390.04,96.00,73.00,50.00,344.27
96d9c2d6-860b-4cd3-b6b8-521e7752ac05,Lakme Blush & Glow Watermelon Rice Water + Cica Gentle Jelly Face Wash for All Skin Types - 100 gm | Soothes and Restores Skin Barrier for Naturally Glowing Skin | Hydrating Daily Cleanser for Men & Women,MT,199.00,390.04,96.00,73.00,50.00,344.27
96d9c2d6-860b-4cd3-b6b8-521e7752ac05,Lakme Blush & Glow Watermelon Rice Water + Cica Gentle Jelly Face Wash for All Skin Types - 100 gm | Soothes and Restores Skin Barrier for Naturally Glowing Skin | Hydrating Daily Cleanser for Men & Women,US,199.00,390.04,96.00,73.00,50.00,344.27
3a8f5b06-9daa-4826-b486-e73b6c35434b,Lakme Blush & Glow Watermelon Sheet Mask,AL,59.00,115.64,96.00,73.00,50.00,102.07
3a8f5b06-9daa-4826-b486-e73b6c35434b,Lakme Blush & Glow Watermelon Sheet Mask,CH,59.00,115.64,96.00,73.00,50.00,102.07
3a8f5b06-9daa-4826-b486-e73b6c35434b,Lakme Blush & Glow Watermelon Sheet Mask,DE,59.00,115.64,96.00,73.00,50.00,102.07
3a8f5b06-9daa-4826-b486-e73b6c35434b,Lakme Blush & Glow Watermelon Sheet Mask,FR,59.00,115.64,96.00,73.00,50.00,102.07
3a8f5b06-9daa-4826-b486-e73b6c35434b,Lakme Blush & Glow Watermelon Sheet Mask,GB,59.00,115.64,96.00,73.00,50.00,102.07
3a8f5b06-9daa-4826-b486-e73b6c35434b,Lakme Blush & Glow Watermelon Sheet Mask,IE,59.00,118.59,101.00,78.00,55.00,105.02
3a8f5b06-9daa-4826-b486-e73b6c35434b,Lakme Blush & Glow Watermelon Sheet Mask,KE,59.00,115.64,96.00,73.00,50.00,102.07
3a8f5b06-9daa-4826-b486-e73b6c35434b,Lakme Blush & Glow Watermelon Sheet Mask,MT,59.00,115.64,96.00,73.00,50.00,102.07
3a8f5b06-9daa-4826-b486-e73b6c35434b,Lakme Blush & Glow Watermelon Sheet Mask,US,59.00,115.64,96.00,73.00,50.00,102.07
822b1697-791f-4eaa-b996-1af28c27dd42,"Lakme Dew Drama Gel Creme, Pro-Ceramides, Vit E + Vit B + Vit F 50 gm",AL,360.00,1029.22,185.89,162.89,139.89,946.42
822b1697-791f-4eaa-b996-1af28c27dd42,"Lakme Dew Drama Gel Creme, Pro-Ceramides, Vit E + Vit B + Vit F 50 gm",CH,360.00,1029.22,185.89,162.89,139.89,946.42
822b1697-791f-4eaa-b996-1af28c27dd42,"Lakme Dew Drama Gel Creme, Pro-Ceramides, Vit E + Vit B + Vit F 50 gm",DE,360.00,1029.22,185.89,162.89,139.89,946.42
822b1697-791f-4eaa-b996-1af28c27dd42,"Lakme Dew Drama Gel Creme, Pro-Ceramides, Vit E + Vit B + Vit F 50 gm",FR,360.00,1029.22,185.89,162.89,139.89,946.42
822b1697-791f-4eaa-b996-1af28c27dd42,"Lakme Dew Drama Gel Creme, Pro-Ceramides, Vit E + Vit B + Vit F 50 gm",GB,360.00,1029.22,185.89,162.89,139.89,946.42
822b1697-791f-4eaa-b996-1af28c27dd42,"Lakme Dew Drama Gel Creme, Pro-Ceramides, Vit E + Vit B + Vit F 50 gm",IE,360.00,723.60,101.00,78.00,55.00,640.80
822b1697-791f-4eaa-b996-1af28c27dd42,"Lakme Dew Drama Gel Creme, Pro-Ceramides, Vit E + Vit B + Vit F 50 gm",KE,360.00,1029.22,185.89,162.89,139.89,946.42
822b1697-791f-4eaa-b996-1af28c27dd42,"Lakme Dew Drama Gel Creme, Pro-Ceramides, Vit E + Vit B + Vit F 50 gm",MT,360.00,1029.22,185.89,162.89,139.89,946.42
822b1697-791f-4eaa-b996-1af28c27dd42,"Lakme Dew Drama Gel Creme, Pro-Ceramides, Vit E + Vit B + Vit F 50 gm",US,360.00,1029.22,185.89,162.89,139.89,946.42
c24601ce-8285-4487-a294-2c97d6e22bb1,Lakme Dew Drama Serum 6% Vitamin E & Pro-Ceramide |For Protective Skin Barrier & Dewy Radiance | 15ml,AL,286.00,1012.20,253.92,230.92,207.92,946.42
c24601ce-8285-4487-a294-2c97d6e22bb1,Lakme Dew Drama Serum 6% Vitamin E & Pro-Ceramide |For Protective Skin Barrier & Dewy Radiance | 15ml,CH,286.00,1012.20,253.92,230.92,207.92,946.42
c24601ce-8285-4487-a294-2c97d6e22bb1,Lakme Dew Drama Serum 6% Vitamin E & Pro-Ceramide |For Protective Skin Barrier & Dewy Radiance | 15ml,DE,286.00,1012.20,253.92,230.92,207.92,946.42
c24601ce-8285-4487-a294-2c97d6e22bb1,Lakme Dew Drama Serum 6% Vitamin E & Pro-Ceramide |For Protective Skin Barrier & Dewy Radiance | 15ml,FR,286.00,1012.20,253.92,230.92,207.92,946.42
c24601ce-8285-4487-a294-2c97d6e22bb1,Lakme Dew Drama Serum 6% Vitamin E & Pro-Ceramide |For Protective Skin Barrier & Dewy Radiance | 15ml,GB,286.00,1012.20,253.92,230.92,207.92,946.42
c24601ce-8285-4487-a294-2c97d6e22bb1,Lakme Dew Drama Serum 6% Vitamin E & Pro-Ceramide |For Protective Skin Barrier & Dewy Radiance | 15ml,IE,286.00,1143.09,299.68,276.68,253.68,1077.31
c24601ce-8285-4487-a294-2c97d6e22bb1,Lakme Dew Drama Serum 6% Vitamin E & Pro-Ceramide |For Protective Skin Barrier & Dewy Radiance | 15ml,KE,286.00,1012.20,253.92,230.92,207.92,946.42
c24601ce-8285-4487-a294-2c97d6e22bb1,Lakme Dew Drama Serum 6% Vitamin E & Pro-Ceramide |For Protective Skin Barrier & Dewy Radiance | 15ml,MT,286.00,1012.20,253.92,230.92,207.92,946.42
c24601ce-8285-4487-a294-2c97d6e22bb1,Lakme Dew Drama Serum 6% Vitamin E & Pro-Ceramide |For Protective Skin Barrier & Dewy Radiance | 15ml,US,286.00,1012.20,253.92,230.92,207.92,946.42
e9d36124-794f-43a3-9b1c-a5a9834c9b45,"Lakme Double Duty Lip & Cheek Mousse Matte Lipstick & Soft Blush, Nude Cushion, (9 gm)",IE,559.00,1133.94,102.85,79.85,56.85,1005.37
24219a09-5482-4715-a97b-bc84caaa370c,LAKME EYECONIC KAJAL DEEP BLACK,AL,214.00,419.44,96.00,73.00,50.00,370.22
24219a09-5482-4715-a97b-bc84caaa370c,LAKME EYECONIC KAJAL DEEP BLACK,CH,214.00,419.44,96.00,73.00,50.00,370.22
24219a09-5482-4715-a97b-bc84caaa370c,LAKME EYECONIC KAJAL DEEP BLACK,DE,214.00,419.44,96.00,73.00,50.00,370.22
24219a09-5482-4715-a97b-bc84caaa370c,LAKME EYECONIC KAJAL DEEP BLACK,FR,214.00,419.44,96.00,73.00,50.00,370.22
24219a09-5482-4715-a97b-bc84caaa370c,LAKME EYECONIC KAJAL DEEP BLACK,GB,214.00,419.44,96.00,73.00,50.00,370.22
24219a09-5482-4715-a97b-bc84caaa370c,LAKME EYECONIC KAJAL DEEP BLACK,IE,214.00,430.14,101.00,78.00,55.00,380.92
24219a09-5482-4715-a97b-bc84caaa370c,LAKME EYECONIC KAJAL DEEP BLACK,KE,214.00,419.44,96.00,73.00,50.00,370.22
24219a09-5482-4715-a97b-bc84caaa370c,LAKME EYECONIC KAJAL DEEP BLACK,MT,214.00,419.44,96.00,73.00,50.00,370.22
24219a09-5482-4715-a97b-bc84caaa370c,LAKME EYECONIC KAJAL DEEP BLACK,US,214.00,419.44,96.00,73.00,50.00,370.22
9f92a181-9a1e-4a75-a53f-c7eeb4e4f5b6,LAKME EYECONIC KAJAL INSTA COOL KAJAL BLACK,AL,211.00,413.56,96.00,73.00,50.00,365.03
9f92a181-9a1e-4a75-a53f-c7eeb4e4f5b6,LAKME EYECONIC KAJAL INSTA COOL KAJAL BLACK,CH,211.00,413.56,96.00,73.00,50.00,365.03
9f92a181-9a1e-4a75-a53f-c7eeb4e4f5b6,LAKME EYECONIC KAJAL INSTA COOL KAJAL BLACK,DE,211.00,413.56,96.00,73.00,50.00,365.03
9f92a181-9a1e-4a75-a53f-c7eeb4e4f5b6,LAKME EYECONIC KAJAL INSTA COOL KAJAL BLACK,FR,211.00,413.56,96.00,73.00,50.00,365.03
9f92a181-9a1e-4a75-a53f-c7eeb4e4f5b6,LAKME EYECONIC KAJAL INSTA COOL KAJAL BLACK,GB,211.00,413.56,96.00,73.00,50.00,365.03
9f92a181-9a1e-4a75-a53f-c7eeb4e4f5b6,LAKME EYECONIC KAJAL INSTA COOL KAJAL BLACK,IE,211.00,424.11,101.00,78.00,55.00,375.58
9f92a181-9a1e-4a75-a53f-c7eeb4e4f5b6,LAKME EYECONIC KAJAL INSTA COOL KAJAL BLACK,KE,211.00,413.56,96.00,73.00,50.00,365.03
9f92a181-9a1e-4a75-a53f-c7eeb4e4f5b6,LAKME EYECONIC KAJAL INSTA COOL KAJAL BLACK,MT,211.00,413.56,96.00,73.00,50.00,365.03
9f92a181-9a1e-4a75-a53f-c7eeb4e4f5b6,LAKME EYECONIC KAJAL INSTA COOL KAJAL BLACK,US,211.00,413.56,96.00,73.00,50.00,365.03
af0f4720-18d2-4267-86d4-22e03b5b89e3,Lakme Face It Blush Natural Rose B1 4 gm,AL,319.00,625.24,96.00,73.00,50.00,551.87
af0f4720-18d2-4267-86d4-22e03b5b89e3,Lakme Face It Blush Natural Rose B1 4 gm,CH,319.00,625.24,96.00,73.00,50.00,551.87
af0f4720-18d2-4267-86d4-22e03b5b89e3,Lakme Face It Blush Natural Rose B1 4 gm,DE,319.00,625.24,96.00,73.00,50.00,551.87
af0f4720-18d2-4267-86d4-22e03b5b89e3,Lakme Face It Blush Natural Rose B1 4 gm,FR,319.00,625.24,96.00,73.00,50.00,551.87
af0f4720-18d2-4267-86d4-22e03b5b89e3,Lakme Face It Blush Natural Rose B1 4 gm,GB,319.00,625.24,96.00,73.00,50.00,551.87
af0f4720-18d2-4267-86d4-22e03b5b89e3,Lakme Face It Blush Natural Rose B1 4 gm,IE,319.00,647.10,102.85,79.85,56.85,573.73
af0f4720-18d2-4267-86d4-22e03b5b89e3,Lakme Face It Blush Natural Rose B1 4 gm,KE,319.00,625.24,96.00,73.00,50.00,551.87
af0f4720-18d2-4267-86d4-22e03b5b89e3,Lakme Face It Blush Natural Rose B1 4 gm,MT,319.00,625.24,96.00,73.00,50.00,551.87
af0f4720-18d2-4267-86d4-22e03b5b89e3,Lakme Face It Blush Natural Rose B1 4 gm,US,319.00,625.24,96.00,73.00,50.00,551.87
12796509-8cef-45de-904e-340a4d05a2db,"Lakme Face It Compact, natural marble, 9 gm",AL,179.00,350.84,96.00,73.00,50.00,309.67
12796509-8cef-45de-904e-340a4d05a2db,"Lakme Face It Compact, natural marble, 9 gm",CH,179.00,350.84,96.00,73.00,50.00,309.67
12796509-8cef-45de-904e-340a4d05a2db,"Lakme Face It Compact, natural marble, 9 gm",DE,179.00,350.84,96.00,73.00,50.00,309.67
12796509-8cef-45de-904e-340a4d05a2db,"Lakme Face It Compact, natural marble, 9 gm",FR,179.00,350.84,96.00,73.00,50.00,309.67
12796509-8cef-45de-904e-340a4d05a2db,"Lakme Face It Compact, natural marble, 9 gm",GB,179.00,350.84,96.00,73.00,50.00,309.67
12796509-8cef-45de-904e-340a4d05a2db,"Lakme Face It Compact, natural marble, 9 gm",IE,179.00,363.10,102.85,79.85,56.85,321.93
12796509-8cef-45de-904e-340a4d05a2db,"Lakme Face It Compact, natural marble, 9 gm",KE,179.00,350.84,96.00,73.00,50.00,309.67
12796509-8cef-45de-904e-340a4d05a2db,"Lakme Face It Compact, natural marble, 9 gm",MT,179.00,350.84,96.00,73.00,50.00,309.67
12796509-8cef-45de-904e-340a4d05a2db,"Lakme Face It Compact, natural marble, 9 gm",US,179.00,350.84,96.00,73.00,50.00,309.67
0d9213f9-10e6-4d8c-86a5-317ed67ac664,Lakme Face Sheer Blusher Desert Rose (4 gm),AL,359.00,703.64,96.00,73.00,50.00,621.07
0d9213f9-10e6-4d8c-86a5-317ed67ac664,Lakme Face Sheer Blusher Desert Rose (4 gm),CH,359.00,703.64,96.00,73.00,50.00,621.07
0d9213f9-10e6-4d8c-86a5-317ed67ac664,Lakme Face Sheer Blusher Desert Rose (4 gm),DE,359.00,703.64,96.00,73.00,50.00,621.07
0d9213f9-10e6-4d8c-86a5-317ed67ac664,Lakme Face Sheer Blusher Desert Rose (4 gm),FR,359.00,703.64,96.00,73.00,50.00,621.07
0d9213f9-10e6-4d8c-86a5-317ed67ac664,Lakme Face Sheer Blusher Desert Rose (4 gm),GB,359.00,703.64,96.00,73.00,50.00,621.07
0d9213f9-10e6-4d8c-86a5-317ed67ac664,Lakme Face Sheer Blusher Desert Rose (4 gm),IE,359.00,728.24,102.85,79.85,56.85,645.67
0d9213f9-10e6-4d8c-86a5-317ed67ac664,Lakme Face Sheer Blusher Desert Rose (4 gm),KE,359.00,703.64,96.00,73.00,50.00,621.07
0d9213f9-10e6-4d8c-86a5-317ed67ac664,Lakme Face Sheer Blusher Desert Rose (4 gm),MT,359.00,703.64,96.00,73.00,50.00,621.07
0d9213f9-10e6-4d8c-86a5-317ed67ac664,Lakme Face Sheer Blusher Desert Rose (4 gm),US,359.00,703.64,96.00,73.00,50.00,621.07
aa43be40-8315-4b96-a7cb-7318a08aeb31,Lakme FaceIt HighlighterRoseGold H3 4 gm,AL,284.00,755.59,166.05,143.05,120.05,690.27
aa43be40-8315-4b96-a7cb-7318a08aeb31,Lakme FaceIt HighlighterRoseGold H3 4 gm,CH,284.00,755.59,166.05,143.05,120.05,690.27
aa43be40-8315-4b96-a7cb-7318a08aeb31,Lakme FaceIt HighlighterRoseGold H3 4 gm,DE,284.00,755.59,166.05,143.05,120.05,690.27
aa43be40-8315-4b96-a7cb-7318a08aeb31,Lakme FaceIt HighlighterRoseGold H3 4 gm,FR,284.00,755.59,166.05,143.05,120.05,690.27
aa43be40-8315-4b96-a7cb-7318a08aeb31,Lakme FaceIt HighlighterRoseGold H3 4 gm,GB,284.00,755.59,166.05,143.05,120.05,690.27
aa43be40-8315-4b96-a7cb-7318a08aeb31,Lakme FaceIt HighlighterRoseGold H3 4 gm,IE,284.00,782.93,175.68,152.68,129.68,717.61
aa43be40-8315-4b96-a7cb-7318a08aeb31,Lakme FaceIt HighlighterRoseGold H3 4 gm,KE,284.00,755.59,166.05,143.05,120.05,690.27
aa43be40-8315-4b96-a7cb-7318a08aeb31,Lakme FaceIt HighlighterRoseGold H3 4 gm,MT,284.00,755.59,166.05,143.05,120.05,690.27
aa43be40-8315-4b96-a7cb-7318a08aeb31,Lakme FaceIt HighlighterRoseGold H3 4 gm,US,284.00,755.59,166.05,143.05,120.05,690.27
5ffb9caf-8e29-4ebc-9d72-60b8dbe8dbc1,"Lakme Facelift MultiSlayer Blush Stick-3Pink Powerhouse, 11 gm",IE,599.00,1215.08,102.85,79.85,56.85,1077.31
1d843943-3f46-48d2-adb6-6a02f48e078f,Lakme Forever Matte Foundation For Superior Coverage Vit E Lightweight & Water-Natural Marble 27 ml,IE,599.00,1215.08,102.85,79.85,56.85,1077.31
ee41faed-01f9-4e86-8766-0970e728afa5,"LAKME FOREVER MATTE LIPSTICK, MADE WITH FRENCH ROSE OIL EXTRACT",AL,319.00,625.24,96.00,73.00,50.00,551.87
ee41faed-01f9-4e86-8766-0970e728afa5,"LAKME FOREVER MATTE LIPSTICK, MADE WITH FRENCH ROSE OIL EXTRACT",CH,319.00,625.24,96.00,73.00,50.00,551.87
ee41faed-01f9-4e86-8766-0970e728afa5,"LAKME FOREVER MATTE LIPSTICK, MADE WITH FRENCH ROSE OIL EXTRACT",DE,319.00,625.24,96.00,73.00,50.00,551.87
ee41faed-01f9-4e86-8766-0970e728afa5,"LAKME FOREVER MATTE LIPSTICK, MADE WITH FRENCH ROSE OIL EXTRACT",FR,319.00,625.24,96.00,73.00,50.00,551.87
ee41faed-01f9-4e86-8766-0970e728afa5,"LAKME FOREVER MATTE LIPSTICK, MADE WITH FRENCH ROSE OIL EXTRACT",GB,319.00,625.24,96.00,73.00,50.00,551.87
ee41faed-01f9-4e86-8766-0970e728afa5,"LAKME FOREVER MATTE LIPSTICK, MADE WITH FRENCH ROSE OIL EXTRACT",IE,319.00,641.19,101.00,78.00,55.00,567.82
ee41faed-01f9-4e86-8766-0970e728afa5,"LAKME FOREVER MATTE LIPSTICK, MADE WITH FRENCH ROSE OIL EXTRACT",KE,319.00,625.24,96.00,73.00,50.00,551.87
ee41faed-01f9-4e86-8766-0970e728afa5,"LAKME FOREVER MATTE LIPSTICK, MADE WITH FRENCH ROSE OIL EXTRACT",MT,319.00,625.24,96.00,73.00,50.00,551.87
ee41faed-01f9-4e86-8766-0970e728afa5,"LAKME FOREVER MATTE LIPSTICK, MADE WITH FRENCH ROSE OIL EXTRACT",US,319.00,625.24,96.00,73.00,50.00,551.87
dffe6fe9-4874-4014-9fa2-60a63b99ee80,"Lakmé Forever Matte Longwear Foundation SPF 15, Mocha-Almond Shade, Oil-Free Matte Finish Liquid Foundation for All-Day Wear & Smooth Coverage",AL,299.00,586.04,96.00,73.00,50.00,517.27
dffe6fe9-4874-4014-9fa2-60a63b99ee80,"Lakmé Forever Matte Longwear Foundation SPF 15, Mocha-Almond Shade, Oil-Free Matte Finish Liquid Foundation for All-Day Wear & Smooth Coverage",CH,299.00,586.04,96.00,73.00,50.00,517.27
dffe6fe9-4874-4014-9fa2-60a63b99ee80,"Lakmé Forever Matte Longwear Foundation SPF 15, Mocha-Almond Shade, Oil-Free Matte Finish Liquid Foundation for All-Day Wear & Smooth Coverage",DE,299.00,586.04,96.00,73.00,50.00,517.27
dffe6fe9-4874-4014-9fa2-60a63b99ee80,"Lakmé Forever Matte Longwear Foundation SPF 15, Mocha-Almond Shade, Oil-Free Matte Finish Liquid Foundation for All-Day Wear & Smooth Coverage",FR,299.00,586.04,96.00,73.00,50.00,517.27
dffe6fe9-4874-4014-9fa2-60a63b99ee80,"Lakmé Forever Matte Longwear Foundation SPF 15, Mocha-Almond Shade, Oil-Free Matte Finish Liquid Foundation for All-Day Wear & Smooth Coverage",GB,299.00,586.04,96.00,73.00,50.00,517.27
dffe6fe9-4874-4014-9fa2-60a63b99ee80,"Lakmé Forever Matte Longwear Foundation SPF 15, Mocha-Almond Shade, Oil-Free Matte Finish Liquid Foundation for All-Day Wear & Smooth Coverage",IE,299.00,600.99,101.00,78.00,55.00,532.22
dffe6fe9-4874-4014-9fa2-60a63b99ee80,"Lakmé Forever Matte Longwear Foundation SPF 15, Mocha-Almond Shade, Oil-Free Matte Finish Liquid Foundation for All-Day Wear & Smooth Coverage",KE,299.00,586.04,96.00,73.00,50.00,517.27
dffe6fe9-4874-4014-9fa2-60a63b99ee80,"Lakmé Forever Matte Longwear Foundation SPF 15, Mocha-Almond Shade, Oil-Free Matte Finish Liquid Foundation for All-Day Wear & Smooth Coverage",MT,299.00,586.04,96.00,73.00,50.00,517.27
dffe6fe9-4874-4014-9fa2-60a63b99ee80,"Lakmé Forever Matte Longwear Foundation SPF 15, Mocha-Almond Shade, Oil-Free Matte Finish Liquid Foundation for All-Day Wear & Smooth Coverage",US,299.00,586.04,96.00,73.00,50.00,517.27
8c24c496-69a8-48c1-bd68-fd2177c76062,"Lakme Forever Matte Longwear Foundation, Natural Marble, 25 ml",IE,559.00,1133.94,102.85,79.85,56.85,1005.37
353af7d6-0f0d-41ab-a534-988068c21a33,Lakme glitterati Eye Pencil | Mysterious Black | 1.2 gm,AL,239.00,468.44,96.00,73.00,50.00,413.47
353af7d6-0f0d-41ab-a534-988068c21a33,Lakme glitterati Eye Pencil | Mysterious Black | 1.2 gm,CH,239.00,468.44,96.00,73.00,50.00,413.47
353af7d6-0f0d-41ab-a534-988068c21a33,Lakme glitterati Eye Pencil | Mysterious Black | 1.2 gm,DE,239.00,468.44,96.00,73.00,50.00,413.47
353af7d6-0f0d-41ab-a534-988068c21a33,Lakme glitterati Eye Pencil | Mysterious Black | 1.2 gm,FR,239.00,468.44,96.00,73.00,50.00,413.47
353af7d6-0f0d-41ab-a534-988068c21a33,Lakme glitterati Eye Pencil | Mysterious Black | 1.2 gm,GB,239.00,468.44,96.00,73.00,50.00,413.47
353af7d6-0f0d-41ab-a534-988068c21a33,Lakme glitterati Eye Pencil | Mysterious Black | 1.2 gm,IE,239.00,480.39,101.00,78.00,55.00,425.42
353af7d6-0f0d-41ab-a534-988068c21a33,Lakme glitterati Eye Pencil | Mysterious Black | 1.2 gm,KE,239.00,468.44,96.00,73.00,50.00,413.47
353af7d6-0f0d-41ab-a534-988068c21a33,Lakme glitterati Eye Pencil | Mysterious Black | 1.2 gm,MT,239.00,468.44,96.00,73.00,50.00,413.47
353af7d6-0f0d-41ab-a534-988068c21a33,Lakme glitterati Eye Pencil | Mysterious Black | 1.2 gm,US,239.00,468.44,96.00,73.00,50.00,413.47
d4b8e230-f9da-4381-b22b-c8ecf367747b,Lakmé Glycolic Illuminate Serum,AL,360.00,705.60,96.00,73.00,50.00,622.80
d4b8e230-f9da-4381-b22b-c8ecf367747b,Lakmé Glycolic Illuminate Serum,CH,360.00,705.60,96.00,73.00,50.00,622.80
d4b8e230-f9da-4381-b22b-c8ecf367747b,Lakmé Glycolic Illuminate Serum,DE,360.00,705.60,96.00,73.00,50.00,622.80
d4b8e230-f9da-4381-b22b-c8ecf367747b,Lakmé Glycolic Illuminate Serum,FR,360.00,705.60,96.00,73.00,50.00,622.80
d4b8e230-f9da-4381-b22b-c8ecf367747b,Lakmé Glycolic Illuminate Serum,GB,360.00,705.60,96.00,73.00,50.00,622.80
d4b8e230-f9da-4381-b22b-c8ecf367747b,Lakmé Glycolic Illuminate Serum,IE,360.00,723.60,101.00,78.00,55.00,640.80
d4b8e230-f9da-4381-b22b-c8ecf367747b,Lakmé Glycolic Illuminate Serum,KE,360.00,705.60,96.00,73.00,50.00,622.80
d4b8e230-f9da-4381-b22b-c8ecf367747b,Lakmé Glycolic Illuminate Serum,MT,360.00,705.60,96.00,73.00,50.00,622.80
d4b8e230-f9da-4381-b22b-c8ecf367747b,Lakmé Glycolic Illuminate Serum,US,360.00,705.60,96.00,73.00,50.00,622.80
f658a8bb-a436-44f5-af0c-ae838d36c07d,LAKME LIP LOVE CARE STICK CHERRY,AL,187.00,366.52,96.00,73.00,50.00,323.51
f658a8bb-a436-44f5-af0c-ae838d36c07d,LAKME LIP LOVE CARE STICK CHERRY,CH,187.00,366.52,96.00,73.00,50.00,323.51
f658a8bb-a436-44f5-af0c-ae838d36c07d,LAKME LIP LOVE CARE STICK CHERRY,DE,187.00,366.52,96.00,73.00,50.00,323.51
f658a8bb-a436-44f5-af0c-ae838d36c07d,LAKME LIP LOVE CARE STICK CHERRY,FR,187.00,366.52,96.00,73.00,50.00,323.51
f658a8bb-a436-44f5-af0c-ae838d36c07d,LAKME LIP LOVE CARE STICK CHERRY,GB,187.00,366.52,96.00,73.00,50.00,323.51
f658a8bb-a436-44f5-af0c-ae838d36c07d,LAKME LIP LOVE CARE STICK CHERRY,IE,187.00,375.87,101.00,78.00,55.00,332.86
f658a8bb-a436-44f5-af0c-ae838d36c07d,LAKME LIP LOVE CARE STICK CHERRY,KE,187.00,366.52,96.00,73.00,50.00,323.51
f658a8bb-a436-44f5-af0c-ae838d36c07d,LAKME LIP LOVE CARE STICK CHERRY,MT,187.00,366.52,96.00,73.00,50.00,323.51
f658a8bb-a436-44f5-af0c-ae838d36c07d,LAKME LIP LOVE CARE STICK CHERRY,US,187.00,366.52,96.00,73.00,50.00,323.51
97b6ab37-c8de-4b50-927e-61d093057952,"Lakme Lumi Lit Lotion gmold, 100 ml",IE,639.00,1296.22,102.85,79.85,56.85,1149.25
18a5caac-de14-4232-a2c9-d0f5a5853598,Lakme Lumi Smooth AHA+BHA+PHA+B3 Cream,AL,300.00,588.00,96.00,73.00,50.00,519.00
18a5caac-de14-4232-a2c9-d0f5a5853598,Lakme Lumi Smooth AHA+BHA+PHA+B3 Cream,CH,300.00,588.00,96.00,73.00,50.00,519.00
18a5caac-de14-4232-a2c9-d0f5a5853598,Lakme Lumi Smooth AHA+BHA+PHA+B3 Cream,DE,300.00,588.00,96.00,73.00,50.00,519.00
18a5caac-de14-4232-a2c9-d0f5a5853598,Lakme Lumi Smooth AHA+BHA+PHA+B3 Cream,FR,300.00,588.00,96.00,73.00,50.00,519.00
18a5caac-de14-4232-a2c9-d0f5a5853598,Lakme Lumi Smooth AHA+BHA+PHA+B3 Cream,GB,300.00,588.00,96.00,73.00,50.00,519.00
18a5caac-de14-4232-a2c9-d0f5a5853598,Lakme Lumi Smooth AHA+BHA+PHA+B3 Cream,IE,300.00,603.00,101.00,78.00,55.00,534.00
18a5caac-de14-4232-a2c9-d0f5a5853598,Lakme Lumi Smooth AHA+BHA+PHA+B3 Cream,KE,300.00,588.00,96.00,73.00,50.00,519.00
18a5caac-de14-4232-a2c9-d0f5a5853598,Lakme Lumi Smooth AHA+BHA+PHA+B3 Cream,MT,300.00,588.00,96.00,73.00,50.00,519.00
18a5caac-de14-4232-a2c9-d0f5a5853598,Lakme Lumi Smooth AHA+BHA+PHA+B3 Cream,US,300.00,588.00,96.00,73.00,50.00,519.00
5a9a28cb-f745-4209-8a31-3738f7c15ada,LAKME LUMI-SMOOTH AHA SERUM 8%,AL,266.00,521.36,96.00,73.00,50.00,460.18
5a9a28cb-f745-4209-8a31-3738f7c15ada,LAKME LUMI-SMOOTH AHA SERUM 8%,CH,266.00,521.36,96.00,73.00,50.00,460.18
5a9a28cb-f745-4209-8a31-3738f7c15ada,LAKME LUMI-SMOOTH AHA SERUM 8%,DE,266.00,521.36,96.00,73.00,50.00,460.18
5a9a28cb-f745-4209-8a31-3738f7c15ada,LAKME LUMI-SMOOTH AHA SERUM 8%,FR,266.00,521.36,96.00,73.00,50.00,460.18
5a9a28cb-f745-4209-8a31-3738f7c15ada,LAKME LUMI-SMOOTH AHA SERUM 8%,GB,266.00,521.36,96.00,73.00,50.00,460.18
5a9a28cb-f745-4209-8a31-3738f7c15ada,LAKME LUMI-SMOOTH AHA SERUM 8%,IE,266.00,534.66,101.00,78.00,55.00,473.48
5a9a28cb-f745-4209-8a31-3738f7c15ada,LAKME LUMI-SMOOTH AHA SERUM 8%,KE,266.00,521.36,96.00,73.00,50.00,460.18
5a9a28cb-f745-4209-8a31-3738f7c15ada,LAKME LUMI-SMOOTH AHA SERUM 8%,MT,266.00,521.36,96.00,73.00,50.00,460.18
5a9a28cb-f745-4209-8a31-3738f7c15ada,LAKME LUMI-SMOOTH AHA SERUM 8%,US,266.00,521.36,96.00,73.00,50.00,460.18
68ab6122-9d58-4c42-a76b-d7d49cfbf19f,LAKME MAKEUP+ SKINCARE VIT C SUPERGLOW CONCEALER 16 SAND,AL,230.00,450.80,96.00,73.00,50.00,397.90
68ab6122-9d58-4c42-a76b-d7d49cfbf19f,LAKME MAKEUP+ SKINCARE VIT C SUPERGLOW CONCEALER 16 SAND,CH,230.00,450.80,96.00,73.00,50.00,397.90
68ab6122-9d58-4c42-a76b-d7d49cfbf19f,LAKME MAKEUP+ SKINCARE VIT C SUPERGLOW CONCEALER 16 SAND,DE,230.00,450.80,96.00,73.00,50.00,397.90
68ab6122-9d58-4c42-a76b-d7d49cfbf19f,LAKME MAKEUP+ SKINCARE VIT C SUPERGLOW CONCEALER 16 SAND,FR,230.00,450.80,96.00,73.00,50.00,397.90
68ab6122-9d58-4c42-a76b-d7d49cfbf19f,LAKME MAKEUP+ SKINCARE VIT C SUPERGLOW CONCEALER 16 SAND,GB,230.00,450.80,96.00,73.00,50.00,397.90
68ab6122-9d58-4c42-a76b-d7d49cfbf19f,LAKME MAKEUP+ SKINCARE VIT C SUPERGLOW CONCEALER 16 SAND,IE,230.00,462.30,101.00,78.00,55.00,409.40
68ab6122-9d58-4c42-a76b-d7d49cfbf19f,LAKME MAKEUP+ SKINCARE VIT C SUPERGLOW CONCEALER 16 SAND,KE,230.00,450.80,96.00,73.00,50.00,397.90
68ab6122-9d58-4c42-a76b-d7d49cfbf19f,LAKME MAKEUP+ SKINCARE VIT C SUPERGLOW CONCEALER 16 SAND,MT,230.00,450.80,96.00,73.00,50.00,397.90
68ab6122-9d58-4c42-a76b-d7d49cfbf19f,LAKME MAKEUP+ SKINCARE VIT C SUPERGLOW CONCEALER 16 SAND,US,230.00,450.80,96.00,73.00,50.00,397.90
b193d66e-2ab4-4c30-a4cb-d5755e58c44c,LAKME MAKEUP+SKINCARE VIT C SUPERGLOW SKIN PERFECTING PRIMER,AL,313.00,613.48,96.00,73.00,50.00,541.49
b193d66e-2ab4-4c30-a4cb-d5755e58c44c,LAKME MAKEUP+SKINCARE VIT C SUPERGLOW SKIN PERFECTING PRIMER,CH,313.00,613.48,96.00,73.00,50.00,541.49
b193d66e-2ab4-4c30-a4cb-d5755e58c44c,LAKME MAKEUP+SKINCARE VIT C SUPERGLOW SKIN PERFECTING PRIMER,DE,313.00,613.48,96.00,73.00,50.00,541.49
b193d66e-2ab4-4c30-a4cb-d5755e58c44c,LAKME MAKEUP+SKINCARE VIT C SUPERGLOW SKIN PERFECTING PRIMER,FR,313.00,613.48,96.00,73.00,50.00,541.49
b193d66e-2ab4-4c30-a4cb-d5755e58c44c,LAKME MAKEUP+SKINCARE VIT C SUPERGLOW SKIN PERFECTING PRIMER,GB,313.00,613.48,96.00,73.00,50.00,541.49
b193d66e-2ab4-4c30-a4cb-d5755e58c44c,LAKME MAKEUP+SKINCARE VIT C SUPERGLOW SKIN PERFECTING PRIMER,IE,313.00,629.13,101.00,78.00,55.00,557.14
b193d66e-2ab4-4c30-a4cb-d5755e58c44c,LAKME MAKEUP+SKINCARE VIT C SUPERGLOW SKIN PERFECTING PRIMER,KE,313.00,613.48,96.00,73.00,50.00,541.49
b193d66e-2ab4-4c30-a4cb-d5755e58c44c,LAKME MAKEUP+SKINCARE VIT C SUPERGLOW SKIN PERFECTING PRIMER,MT,313.00,613.48,96.00,73.00,50.00,541.49
b193d66e-2ab4-4c30-a4cb-d5755e58c44c,LAKME MAKEUP+SKINCARE VIT C SUPERGLOW SKIN PERFECTING PRIMER,US,313.00,613.48,96.00,73.00,50.00,541.49
e8acd8ed-eae0-4f67-9e4e-93e12c8d112b,Lakme Peach Milk Intense Moisturizer Lotion,AL,95.00,186.20,96.00,73.00,50.00,164.35
e8acd8ed-eae0-4f67-9e4e-93e12c8d112b,Lakme Peach Milk Intense Moisturizer Lotion,CH,95.00,186.20,96.00,73.00,50.00,164.35
e8acd8ed-eae0-4f67-9e4e-93e12c8d112b,Lakme Peach Milk Intense Moisturizer Lotion,DE,95.00,186.20,96.00,73.00,50.00,164.35
e8acd8ed-eae0-4f67-9e4e-93e12c8d112b,Lakme Peach Milk Intense Moisturizer Lotion,FR,95.00,186.20,96.00,73.00,50.00,164.35
e8acd8ed-eae0-4f67-9e4e-93e12c8d112b,Lakme Peach Milk Intense Moisturizer Lotion,GB,95.00,186.20,96.00,73.00,50.00,164.35
e8acd8ed-eae0-4f67-9e4e-93e12c8d112b,Lakme Peach Milk Intense Moisturizer Lotion,IE,95.00,190.95,101.00,78.00,55.00,169.10
e8acd8ed-eae0-4f67-9e4e-93e12c8d112b,Lakme Peach Milk Intense Moisturizer Lotion,KE,95.00,186.20,96.00,73.00,50.00,164.35
e8acd8ed-eae0-4f67-9e4e-93e12c8d112b,Lakme Peach Milk Intense Moisturizer Lotion,MT,95.00,186.20,96.00,73.00,50.00,164.35
e8acd8ed-eae0-4f67-9e4e-93e12c8d112b,Lakme Peach Milk Intense Moisturizer Lotion,US,95.00,186.20,96.00,73.00,50.00,164.35
cae6c9c7-7dcf-4db5-a923-2d6422582fe1,Lakmé Perfect Radiance Face Wash with Niacinamide | Brightening Cleanser for Even Skin Tone | Removes Dirt & Oil |,AL,258.00,505.68,96.00,73.00,50.00,446.34
cae6c9c7-7dcf-4db5-a923-2d6422582fe1,Lakmé Perfect Radiance Face Wash with Niacinamide | Brightening Cleanser for Even Skin Tone | Removes Dirt & Oil |,CH,258.00,505.68,96.00,73.00,50.00,446.34
cae6c9c7-7dcf-4db5-a923-2d6422582fe1,Lakmé Perfect Radiance Face Wash with Niacinamide | Brightening Cleanser for Even Skin Tone | Removes Dirt & Oil |,DE,258.00,505.68,96.00,73.00,50.00,446.34
cae6c9c7-7dcf-4db5-a923-2d6422582fe1,Lakmé Perfect Radiance Face Wash with Niacinamide | Brightening Cleanser for Even Skin Tone | Removes Dirt & Oil |,FR,258.00,505.68,96.00,73.00,50.00,446.34
cae6c9c7-7dcf-4db5-a923-2d6422582fe1,Lakmé Perfect Radiance Face Wash with Niacinamide | Brightening Cleanser for Even Skin Tone | Removes Dirt & Oil |,GB,258.00,505.68,96.00,73.00,50.00,446.34
cae6c9c7-7dcf-4db5-a923-2d6422582fe1,Lakmé Perfect Radiance Face Wash with Niacinamide | Brightening Cleanser for Even Skin Tone | Removes Dirt & Oil |,IE,258.00,518.58,101.00,78.00,55.00,459.24
cae6c9c7-7dcf-4db5-a923-2d6422582fe1,Lakmé Perfect Radiance Face Wash with Niacinamide | Brightening Cleanser for Even Skin Tone | Removes Dirt & Oil |,KE,258.00,505.68,96.00,73.00,50.00,446.34
cae6c9c7-7dcf-4db5-a923-2d6422582fe1,Lakmé Perfect Radiance Face Wash with Niacinamide | Brightening Cleanser for Even Skin Tone | Removes Dirt & Oil |,MT,258.00,505.68,96.00,73.00,50.00,446.34
cae6c9c7-7dcf-4db5-a923-2d6422582fe1,Lakmé Perfect Radiance Face Wash with Niacinamide | Brightening Cleanser for Even Skin Tone | Removes Dirt & Oil |,US,258.00,505.68,96.00,73.00,50.00,446.34
c0b1dc08-7380-4359-b077-e3a7b173166c,Lakme Perfect Radiance Pigmentation Treatment Serum,AL,293.00,574.28,96.00,73.00,50.00,506.89
c0b1dc08-7380-4359-b077-e3a7b173166c,Lakme Perfect Radiance Pigmentation Treatment Serum,CH,293.00,574.28,96.00,73.00,50.00,506.89
c0b1dc08-7380-4359-b077-e3a7b173166c,Lakme Perfect Radiance Pigmentation Treatment Serum,DE,293.00,574.28,96.00,73.00,50.00,506.89
c0b1dc08-7380-4359-b077-e3a7b173166c,Lakme Perfect Radiance Pigmentation Treatment Serum,FR,293.00,574.28,96.00,73.00,50.00,506.89
c0b1dc08-7380-4359-b077-e3a7b173166c,Lakme Perfect Radiance Pigmentation Treatment Serum,GB,293.00,574.28,96.00,73.00,50.00,506.89
c0b1dc08-7380-4359-b077-e3a7b173166c,Lakme Perfect Radiance Pigmentation Treatment Serum,IE,293.00,588.93,101.00,78.00,55.00,521.54
c0b1dc08-7380-4359-b077-e3a7b173166c,Lakme Perfect Radiance Pigmentation Treatment Serum,KE,293.00,574.28,96.00,73.00,50.00,506.89
c0b1dc08-7380-4359-b077-e3a7b173166c,Lakme Perfect Radiance Pigmentation Treatment Serum,MT,293.00,574.28,96.00,73.00,50.00,506.89
c0b1dc08-7380-4359-b077-e3a7b173166c,Lakme Perfect Radiance Pigmentation Treatment Serum,US,293.00,574.28,96.00,73.00,50.00,506.89
0ede188d-c7b2-4b1d-8207-1b8caca2305b,"Lakme Powerplay Priming Powder Foundation, 3-in-1, Lasting Matte, Dry/Oily Skin, Silky Golden, 9 gm",IE,639.00,1296.22,102.85,79.85,56.85,1149.25
7dc0bfd3-c97b-4f05-88be-380763a97302,Lakme Retinol Advanced Renewal Night Gel Creme,IE,960.00,1833.60,91.00,68.00,45.00,1612.80
b8ef3062-6e69-4407-8483-9031637f0ad6,LAKME SHOWSTOPPER COLLECTION UNREAL GEL PRIMER,AL,450.00,882.00,96.00,73.00,50.00,778.50
b8ef3062-6e69-4407-8483-9031637f0ad6,LAKME SHOWSTOPPER COLLECTION UNREAL GEL PRIMER,CH,450.00,882.00,96.00,73.00,50.00,778.50
b8ef3062-6e69-4407-8483-9031637f0ad6,LAKME SHOWSTOPPER COLLECTION UNREAL GEL PRIMER,DE,450.00,882.00,96.00,73.00,50.00,778.50
b8ef3062-6e69-4407-8483-9031637f0ad6,LAKME SHOWSTOPPER COLLECTION UNREAL GEL PRIMER,FR,450.00,882.00,96.00,73.00,50.00,778.50
b8ef3062-6e69-4407-8483-9031637f0ad6,LAKME SHOWSTOPPER COLLECTION UNREAL GEL PRIMER,GB,450.00,882.00,96.00,73.00,50.00,778.50
b8ef3062-6e69-4407-8483-9031637f0ad6,LAKME SHOWSTOPPER COLLECTION UNREAL GEL PRIMER,IE,450.00,904.50,101.00,78.00,55.00,801.00
b8ef3062-6e69-4407-8483-9031637f0ad6,LAKME SHOWSTOPPER COLLECTION UNREAL GEL PRIMER,KE,450.00,882.00,96.00,73.00,50.00,778.50
b8ef3062-6e69-4407-8483-9031637f0ad6,LAKME SHOWSTOPPER COLLECTION UNREAL GEL PRIMER,MT,450.00,882.00,96.00,73.00,50.00,778.50
b8ef3062-6e69-4407-8483-9031637f0ad6,LAKME SHOWSTOPPER COLLECTION UNREAL GEL PRIMER,US,450.00,882.00,96.00,73.00,50.00,778.50
7f0ae9d5-63a1-4b9f-b4a1-48c235ba0549,Lakme Showstopper Collection Unreal Precision Liquid Eye Liner - Black (4.5 ml),AL,319.00,625.24,96.00,73.00,50.00,551.87
7f0ae9d5-63a1-4b9f-b4a1-48c235ba0549,Lakme Showstopper Collection Unreal Precision Liquid Eye Liner - Black (4.5 ml),CH,319.00,625.24,96.00,73.00,50.00,551.87
7f0ae9d5-63a1-4b9f-b4a1-48c235ba0549,Lakme Showstopper Collection Unreal Precision Liquid Eye Liner - Black (4.5 ml),DE,319.00,625.24,96.00,73.00,50.00,551.87
7f0ae9d5-63a1-4b9f-b4a1-48c235ba0549,Lakme Showstopper Collection Unreal Precision Liquid Eye Liner - Black (4.5 ml),FR,319.00,625.24,96.00,73.00,50.00,551.87
7f0ae9d5-63a1-4b9f-b4a1-48c235ba0549,Lakme Showstopper Collection Unreal Precision Liquid Eye Liner - Black (4.5 ml),GB,319.00,625.24,96.00,73.00,50.00,551.87
7f0ae9d5-63a1-4b9f-b4a1-48c235ba0549,Lakme Showstopper Collection Unreal Precision Liquid Eye Liner - Black (4.5 ml),IE,319.00,647.10,102.85,79.85,56.85,573.73
7f0ae9d5-63a1-4b9f-b4a1-48c235ba0549,Lakme Showstopper Collection Unreal Precision Liquid Eye Liner - Black (4.5 ml),KE,319.00,625.24,96.00,73.00,50.00,551.87
7f0ae9d5-63a1-4b9f-b4a1-48c235ba0549,Lakme Showstopper Collection Unreal Precision Liquid Eye Liner - Black (4.5 ml),MT,319.00,625.24,96.00,73.00,50.00,551.87
7f0ae9d5-63a1-4b9f-b4a1-48c235ba0549,Lakme Showstopper Collection Unreal Precision Liquid Eye Liner - Black (4.5 ml),US,319.00,625.24,96.00,73.00,50.00,551.87
28b788be-7f90-4bd5-a45d-87754e1a4a40,Lakme Skin Solutions Brightening Sheet Mask,AL,100.00,196.00,96.00,73.00,50.00,173.00
28b788be-7f90-4bd5-a45d-87754e1a4a40,Lakme Skin Solutions Brightening Sheet Mask,CH,100.00,196.00,96.00,73.00,50.00,173.00
28b788be-7f90-4bd5-a45d-87754e1a4a40,Lakme Skin Solutions Brightening Sheet Mask,DE,100.00,196.00,96.00,73.00,50.00,173.00
28b788be-7f90-4bd5-a45d-87754e1a4a40,Lakme Skin Solutions Brightening Sheet Mask,FR,100.00,196.00,96.00,73.00,50.00,173.00
28b788be-7f90-4bd5-a45d-87754e1a4a40,Lakme Skin Solutions Brightening Sheet Mask,GB,100.00,196.00,96.00,73.00,50.00,173.00
28b788be-7f90-4bd5-a45d-87754e1a4a40,Lakme Skin Solutions Brightening Sheet Mask,IE,100.00,201.00,101.00,78.00,55.00,178.00
28b788be-7f90-4bd5-a45d-87754e1a4a40,Lakme Skin Solutions Brightening Sheet Mask,KE,100.00,196.00,96.00,73.00,50.00,173.00
28b788be-7f90-4bd5-a45d-87754e1a4a40,Lakme Skin Solutions Brightening Sheet Mask,MT,100.00,196.00,96.00,73.00,50.00,173.00
28b788be-7f90-4bd5-a45d-87754e1a4a40,Lakme Skin Solutions Brightening Sheet Mask,US,100.00,196.00,96.00,73.00,50.00,173.00
57a9e807-f7b9-4ae4-a799-32e3080dece9,LAKME SKINPERFECT COLLECTION PEACH MILK CREME MOISTURISER,AL,153.00,299.88,96.00,73.00,50.00,264.69
57a9e807-f7b9-4ae4-a799-32e3080dece9,LAKME SKINPERFECT COLLECTION PEACH MILK CREME MOISTURISER,CH,153.00,299.88,96.00,73.00,50.00,264.69
57a9e807-f7b9-4ae4-a799-32e3080dece9,LAKME SKINPERFECT COLLECTION PEACH MILK CREME MOISTURISER,DE,153.00,299.88,96.00,73.00,50.00,264.69
57a9e807-f7b9-4ae4-a799-32e3080dece9,LAKME SKINPERFECT COLLECTION PEACH MILK CREME MOISTURISER,FR,153.00,299.88,96.00,73.00,50.00,264.69
57a9e807-f7b9-4ae4-a799-32e3080dece9,LAKME SKINPERFECT COLLECTION PEACH MILK CREME MOISTURISER,GB,153.00,299.88,96.00,73.00,50.00,264.69
57a9e807-f7b9-4ae4-a799-32e3080dece9,LAKME SKINPERFECT COLLECTION PEACH MILK CREME MOISTURISER,IE,153.00,307.53,101.00,78.00,55.00,272.34
57a9e807-f7b9-4ae4-a799-32e3080dece9,LAKME SKINPERFECT COLLECTION PEACH MILK CREME MOISTURISER,KE,153.00,299.88,96.00,73.00,50.00,264.69
57a9e807-f7b9-4ae4-a799-32e3080dece9,LAKME SKINPERFECT COLLECTION PEACH MILK CREME MOISTURISER,MT,153.00,299.88,96.00,73.00,50.00,264.69
57a9e807-f7b9-4ae4-a799-32e3080dece9,LAKME SKINPERFECT COLLECTION PEACH MILK CREME MOISTURISER,US,153.00,299.88,96.00,73.00,50.00,264.69
17b38b95-f66c-4f9f-971a-0ef2fd15c006,"Lakmé Sun Expert Dry Matte Fluid Sunscreen SPF 50 PA++++ | 5 Sec Quick Absorb | Lightweight, Oil-Free Formula | Broad Spectrum UV Protection",AL,322.00,631.12,96.00,73.00,50.00,557.06
17b38b95-f66c-4f9f-971a-0ef2fd15c006,"Lakmé Sun Expert Dry Matte Fluid Sunscreen SPF 50 PA++++ | 5 Sec Quick Absorb | Lightweight, Oil-Free Formula | Broad Spectrum UV Protection",CH,322.00,631.12,96.00,73.00,50.00,557.06
17b38b95-f66c-4f9f-971a-0ef2fd15c006,"Lakmé Sun Expert Dry Matte Fluid Sunscreen SPF 50 PA++++ | 5 Sec Quick Absorb | Lightweight, Oil-Free Formula | Broad Spectrum UV Protection",DE,322.00,631.12,96.00,73.00,50.00,557.06
17b38b95-f66c-4f9f-971a-0ef2fd15c006,"Lakmé Sun Expert Dry Matte Fluid Sunscreen SPF 50 PA++++ | 5 Sec Quick Absorb | Lightweight, Oil-Free Formula | Broad Spectrum UV Protection",FR,322.00,631.12,96.00,73.00,50.00,557.06
17b38b95-f66c-4f9f-971a-0ef2fd15c006,"Lakmé Sun Expert Dry Matte Fluid Sunscreen SPF 50 PA++++ | 5 Sec Quick Absorb | Lightweight, Oil-Free Formula | Broad Spectrum UV Protection",GB,322.00,631.12,96.00,73.00,50.00,557.06
17b38b95-f66c-4f9f-971a-0ef2fd15c006,"Lakmé Sun Expert Dry Matte Fluid Sunscreen SPF 50 PA++++ | 5 Sec Quick Absorb | Lightweight, Oil-Free Formula | Broad Spectrum UV Protection",IE,322.00,647.22,101.00,78.00,55.00,573.16
17b38b95-f66c-4f9f-971a-0ef2fd15c006,"Lakmé Sun Expert Dry Matte Fluid Sunscreen SPF 50 PA++++ | 5 Sec Quick Absorb | Lightweight, Oil-Free Formula | Broad Spectrum UV Protection",KE,322.00,631.12,96.00,73.00,50.00,557.06
17b38b95-f66c-4f9f-971a-0ef2fd15c006,"Lakmé Sun Expert Dry Matte Fluid Sunscreen SPF 50 PA++++ | 5 Sec Quick Absorb | Lightweight, Oil-Free Formula | Broad Spectrum UV Protection",MT,322.00,631.12,96.00,73.00,50.00,557.06
17b38b95-f66c-4f9f-971a-0ef2fd15c006,"Lakmé Sun Expert Dry Matte Fluid Sunscreen SPF 50 PA++++ | 5 Sec Quick Absorb | Lightweight, Oil-Free Formula | Broad Spectrum UV Protection",US,322.00,631.12,96.00,73.00,50.00,557.06
7aeee1cf-45ef-4409-9ae0-f86979919334,"Lakmé Sun Expert Invisible Sunscreen Stick SPF 50+ PA++++ | Mini Sunstick with Band | Lightweight, Non-Greasy UV Protection | Travel-Friendly",AL,295.00,578.20,96.00,73.00,50.00,510.35
7aeee1cf-45ef-4409-9ae0-f86979919334,"Lakmé Sun Expert Invisible Sunscreen Stick SPF 50+ PA++++ | Mini Sunstick with Band | Lightweight, Non-Greasy UV Protection | Travel-Friendly",CH,295.00,578.20,96.00,73.00,50.00,510.35
7aeee1cf-45ef-4409-9ae0-f86979919334,"Lakmé Sun Expert Invisible Sunscreen Stick SPF 50+ PA++++ | Mini Sunstick with Band | Lightweight, Non-Greasy UV Protection | Travel-Friendly",DE,295.00,578.20,96.00,73.00,50.00,510.35
7aeee1cf-45ef-4409-9ae0-f86979919334,"Lakmé Sun Expert Invisible Sunscreen Stick SPF 50+ PA++++ | Mini Sunstick with Band | Lightweight, Non-Greasy UV Protection | Travel-Friendly",FR,295.00,578.20,96.00,73.00,50.00,510.35
7aeee1cf-45ef-4409-9ae0-f86979919334,"Lakmé Sun Expert Invisible Sunscreen Stick SPF 50+ PA++++ | Mini Sunstick with Band | Lightweight, Non-Greasy UV Protection | Travel-Friendly",GB,295.00,578.20,96.00,73.00,50.00,510.35
7aeee1cf-45ef-4409-9ae0-f86979919334,"Lakmé Sun Expert Invisible Sunscreen Stick SPF 50+ PA++++ | Mini Sunstick with Band | Lightweight, Non-Greasy UV Protection | Travel-Friendly",IE,295.00,592.95,101.00,78.00,55.00,525.10
7aeee1cf-45ef-4409-9ae0-f86979919334,"Lakmé Sun Expert Invisible Sunscreen Stick SPF 50+ PA++++ | Mini Sunstick with Band | Lightweight, Non-Greasy UV Protection | Travel-Friendly",KE,295.00,578.20,96.00,73.00,50.00,510.35
7aeee1cf-45ef-4409-9ae0-f86979919334,"Lakmé Sun Expert Invisible Sunscreen Stick SPF 50+ PA++++ | Mini Sunstick with Band | Lightweight, Non-Greasy UV Protection | Travel-Friendly",MT,295.00,578.20,96.00,73.00,50.00,510.35
7aeee1cf-45ef-4409-9ae0-f86979919334,"Lakmé Sun Expert Invisible Sunscreen Stick SPF 50+ PA++++ | Mini Sunstick with Band | Lightweight, Non-Greasy UV Protection | Travel-Friendly",US,295.00,578.20,96.00,73.00,50.00,510.35
c8e9090d-3ca7-424a-aa35-4c80c7acc923,Lakmé Sun Expert Powder Matte Sunscreen Compact SPF 40 PA+++ | Lightweight Oil Control Compact | Smooth Matte Finish | Daily UV Protection,AL,169.00,331.24,96.00,73.00,50.00,292.37
c8e9090d-3ca7-424a-aa35-4c80c7acc923,Lakmé Sun Expert Powder Matte Sunscreen Compact SPF 40 PA+++ | Lightweight Oil Control Compact | Smooth Matte Finish | Daily UV Protection,CH,169.00,331.24,96.00,73.00,50.00,292.37
c8e9090d-3ca7-424a-aa35-4c80c7acc923,Lakmé Sun Expert Powder Matte Sunscreen Compact SPF 40 PA+++ | Lightweight Oil Control Compact | Smooth Matte Finish | Daily UV Protection,DE,169.00,331.24,96.00,73.00,50.00,292.37
c8e9090d-3ca7-424a-aa35-4c80c7acc923,Lakmé Sun Expert Powder Matte Sunscreen Compact SPF 40 PA+++ | Lightweight Oil Control Compact | Smooth Matte Finish | Daily UV Protection,FR,169.00,331.24,96.00,73.00,50.00,292.37
c8e9090d-3ca7-424a-aa35-4c80c7acc923,Lakmé Sun Expert Powder Matte Sunscreen Compact SPF 40 PA+++ | Lightweight Oil Control Compact | Smooth Matte Finish | Daily UV Protection,GB,169.00,331.24,96.00,73.00,50.00,292.37
c8e9090d-3ca7-424a-aa35-4c80c7acc923,Lakmé Sun Expert Powder Matte Sunscreen Compact SPF 40 PA+++ | Lightweight Oil Control Compact | Smooth Matte Finish | Daily UV Protection,IE,169.00,339.69,101.00,78.00,55.00,300.82
c8e9090d-3ca7-424a-aa35-4c80c7acc923,Lakmé Sun Expert Powder Matte Sunscreen Compact SPF 40 PA+++ | Lightweight Oil Control Compact | Smooth Matte Finish | Daily UV Protection,KE,169.00,331.24,96.00,73.00,50.00,292.37
c8e9090d-3ca7-424a-aa35-4c80c7acc923,Lakmé Sun Expert Powder Matte Sunscreen Compact SPF 40 PA+++ | Lightweight Oil Control Compact | Smooth Matte Finish | Daily UV Protection,MT,169.00,331.24,96.00,73.00,50.00,292.37
c8e9090d-3ca7-424a-aa35-4c80c7acc923,Lakmé Sun Expert Powder Matte Sunscreen Compact SPF 40 PA+++ | Lightweight Oil Control Compact | Smooth Matte Finish | Daily UV Protection,US,169.00,331.24,96.00,73.00,50.00,292.37
72329050-608c-4a81-b22b-cb6346133037,Lakmé Sun Expert Priming Dry Touch Sunscreen SPF 50 PA+++ | Matte Finish | Lightweight Primer Sunscreen for Smooth Base,AL,248.00,486.08,96.00,73.00,50.00,429.04
72329050-608c-4a81-b22b-cb6346133037,Lakmé Sun Expert Priming Dry Touch Sunscreen SPF 50 PA+++ | Matte Finish | Lightweight Primer Sunscreen for Smooth Base,CH,248.00,486.08,96.00,73.00,50.00,429.04
72329050-608c-4a81-b22b-cb6346133037,Lakmé Sun Expert Priming Dry Touch Sunscreen SPF 50 PA+++ | Matte Finish | Lightweight Primer Sunscreen for Smooth Base,DE,248.00,486.08,96.00,73.00,50.00,429.04
72329050-608c-4a81-b22b-cb6346133037,Lakmé Sun Expert Priming Dry Touch Sunscreen SPF 50 PA+++ | Matte Finish | Lightweight Primer Sunscreen for Smooth Base,FR,248.00,486.08,96.00,73.00,50.00,429.04
72329050-608c-4a81-b22b-cb6346133037,Lakmé Sun Expert Priming Dry Touch Sunscreen SPF 50 PA+++ | Matte Finish | Lightweight Primer Sunscreen for Smooth Base,GB,248.00,486.08,96.00,73.00,50.00,429.04
72329050-608c-4a81-b22b-cb6346133037,Lakmé Sun Expert Priming Dry Touch Sunscreen SPF 50 PA+++ | Matte Finish | Lightweight Primer Sunscreen for Smooth Base,IE,248.00,498.48,101.00,78.00,55.00,441.44
72329050-608c-4a81-b22b-cb6346133037,Lakmé Sun Expert Priming Dry Touch Sunscreen SPF 50 PA+++ | Matte Finish | Lightweight Primer Sunscreen for Smooth Base,KE,248.00,486.08,96.00,73.00,50.00,429.04
72329050-608c-4a81-b22b-cb6346133037,Lakmé Sun Expert Priming Dry Touch Sunscreen SPF 50 PA+++ | Matte Finish | Lightweight Primer Sunscreen for Smooth Base,MT,248.00,486.08,96.00,73.00,50.00,429.04
72329050-608c-4a81-b22b-cb6346133037,Lakmé Sun Expert Priming Dry Touch Sunscreen SPF 50 PA+++ | Matte Finish | Lightweight Primer Sunscreen for Smooth Base,US,248.00,486.08,96.00,73.00,50.00,429.04
832cb7db-3469-4da9-aeb7-d6d356c48eaf,"Lakme Sun Expert Super Matte Lotion Sunscreen SPF 30 PA++ with Niacinamide & Vit E | Broad spectrum UVA/B protection | Blue light protection | No White Cast | for all dry, normal skin| 50 ml",AL,319.00,625.24,96.00,73.00,50.00,551.87
832cb7db-3469-4da9-aeb7-d6d356c48eaf,"Lakme Sun Expert Super Matte Lotion Sunscreen SPF 30 PA++ with Niacinamide & Vit E | Broad spectrum UVA/B protection | Blue light protection | No White Cast | for all dry, normal skin| 50 ml",CH,319.00,625.24,96.00,73.00,50.00,551.87
832cb7db-3469-4da9-aeb7-d6d356c48eaf,"Lakme Sun Expert Super Matte Lotion Sunscreen SPF 30 PA++ with Niacinamide & Vit E | Broad spectrum UVA/B protection | Blue light protection | No White Cast | for all dry, normal skin| 50 ml",DE,319.00,625.24,96.00,73.00,50.00,551.87
832cb7db-3469-4da9-aeb7-d6d356c48eaf,"Lakme Sun Expert Super Matte Lotion Sunscreen SPF 30 PA++ with Niacinamide & Vit E | Broad spectrum UVA/B protection | Blue light protection | No White Cast | for all dry, normal skin| 50 ml",FR,319.00,625.24,96.00,73.00,50.00,551.87
832cb7db-3469-4da9-aeb7-d6d356c48eaf,"Lakme Sun Expert Super Matte Lotion Sunscreen SPF 30 PA++ with Niacinamide & Vit E | Broad spectrum UVA/B protection | Blue light protection | No White Cast | for all dry, normal skin| 50 ml",GB,319.00,625.24,96.00,73.00,50.00,551.87
832cb7db-3469-4da9-aeb7-d6d356c48eaf,"Lakme Sun Expert Super Matte Lotion Sunscreen SPF 30 PA++ with Niacinamide & Vit E | Broad spectrum UVA/B protection | Blue light protection | No White Cast | for all dry, normal skin| 50 ml",IE,319.00,647.10,102.85,79.85,56.85,573.73
832cb7db-3469-4da9-aeb7-d6d356c48eaf,"Lakme Sun Expert Super Matte Lotion Sunscreen SPF 30 PA++ with Niacinamide & Vit E | Broad spectrum UVA/B protection | Blue light protection | No White Cast | for all dry, normal skin| 50 ml",KE,319.00,625.24,96.00,73.00,50.00,551.87
832cb7db-3469-4da9-aeb7-d6d356c48eaf,"Lakme Sun Expert Super Matte Lotion Sunscreen SPF 30 PA++ with Niacinamide & Vit E | Broad spectrum UVA/B protection | Blue light protection | No White Cast | for all dry, normal skin| 50 ml",MT,319.00,625.24,96.00,73.00,50.00,551.87
832cb7db-3469-4da9-aeb7-d6d356c48eaf,"Lakme Sun Expert Super Matte Lotion Sunscreen SPF 30 PA++ with Niacinamide & Vit E | Broad spectrum UVA/B protection | Blue light protection | No White Cast | for all dry, normal skin| 50 ml",US,319.00,625.24,96.00,73.00,50.00,551.87
c449bc9f-51a2-4f91-af07-8178b8d919c1,Lakmé Sun Expert Tinted Matte Sunscreen SPF 50 PA+++ | Oil Control | No White Cast | Matte Finish | For Oily Skin | 18 ml,AL,123.00,241.08,96.00,73.00,50.00,212.79
c449bc9f-51a2-4f91-af07-8178b8d919c1,Lakmé Sun Expert Tinted Matte Sunscreen SPF 50 PA+++ | Oil Control | No White Cast | Matte Finish | For Oily Skin | 18 ml,CH,123.00,241.08,96.00,73.00,50.00,212.79
c449bc9f-51a2-4f91-af07-8178b8d919c1,Lakmé Sun Expert Tinted Matte Sunscreen SPF 50 PA+++ | Oil Control | No White Cast | Matte Finish | For Oily Skin | 18 ml,DE,123.00,241.08,96.00,73.00,50.00,212.79
c449bc9f-51a2-4f91-af07-8178b8d919c1,Lakmé Sun Expert Tinted Matte Sunscreen SPF 50 PA+++ | Oil Control | No White Cast | Matte Finish | For Oily Skin | 18 ml,FR,123.00,241.08,96.00,73.00,50.00,212.79
c449bc9f-51a2-4f91-af07-8178b8d919c1,Lakmé Sun Expert Tinted Matte Sunscreen SPF 50 PA+++ | Oil Control | No White Cast | Matte Finish | For Oily Skin | 18 ml,GB,123.00,241.08,96.00,73.00,50.00,212.79
c449bc9f-51a2-4f91-af07-8178b8d919c1,Lakmé Sun Expert Tinted Matte Sunscreen SPF 50 PA+++ | Oil Control | No White Cast | Matte Finish | For Oily Skin | 18 ml,IE,123.00,247.23,101.00,78.00,55.00,218.94
c449bc9f-51a2-4f91-af07-8178b8d919c1,Lakmé Sun Expert Tinted Matte Sunscreen SPF 50 PA+++ | Oil Control | No White Cast | Matte Finish | For Oily Skin | 18 ml,KE,123.00,241.08,96.00,73.00,50.00,212.79
c449bc9f-51a2-4f91-af07-8178b8d919c1,Lakmé Sun Expert Tinted Matte Sunscreen SPF 50 PA+++ | Oil Control | No White Cast | Matte Finish | For Oily Skin | 18 ml,MT,123.00,241.08,96.00,73.00,50.00,212.79
c449bc9f-51a2-4f91-af07-8178b8d919c1,Lakmé Sun Expert Tinted Matte Sunscreen SPF 50 PA+++ | Oil Control | No White Cast | Matte Finish | For Oily Skin | 18 ml,US,123.00,241.08,96.00,73.00,50.00,212.79
19622b44-deba-4f4d-a6f6-ea23687fcb82,"Lakme Sunscreen Gel SPF 50 PA+++Niacinamide, Water-Light, For Normal to Oily Skin,No White Cast 50 gm",AL,399.00,782.04,96.00,73.00,50.00,690.27
19622b44-deba-4f4d-a6f6-ea23687fcb82,"Lakme Sunscreen Gel SPF 50 PA+++Niacinamide, Water-Light, For Normal to Oily Skin,No White Cast 50 gm",CH,399.00,782.04,96.00,73.00,50.00,690.27
19622b44-deba-4f4d-a6f6-ea23687fcb82,"Lakme Sunscreen Gel SPF 50 PA+++Niacinamide, Water-Light, For Normal to Oily Skin,No White Cast 50 gm",DE,399.00,782.04,96.00,73.00,50.00,690.27
19622b44-deba-4f4d-a6f6-ea23687fcb82,"Lakme Sunscreen Gel SPF 50 PA+++Niacinamide, Water-Light, For Normal to Oily Skin,No White Cast 50 gm",FR,399.00,782.04,96.00,73.00,50.00,690.27
19622b44-deba-4f4d-a6f6-ea23687fcb82,"Lakme Sunscreen Gel SPF 50 PA+++Niacinamide, Water-Light, For Normal to Oily Skin,No White Cast 50 gm",GB,399.00,782.04,96.00,73.00,50.00,690.27
19622b44-deba-4f4d-a6f6-ea23687fcb82,"Lakme Sunscreen Gel SPF 50 PA+++Niacinamide, Water-Light, For Normal to Oily Skin,No White Cast 50 gm",IE,399.00,809.38,102.85,79.85,56.85,717.61
19622b44-deba-4f4d-a6f6-ea23687fcb82,"Lakme Sunscreen Gel SPF 50 PA+++Niacinamide, Water-Light, For Normal to Oily Skin,No White Cast 50 gm",KE,399.00,782.04,96.00,73.00,50.00,690.27
19622b44-deba-4f4d-a6f6-ea23687fcb82,"Lakme Sunscreen Gel SPF 50 PA+++Niacinamide, Water-Light, For Normal to Oily Skin,No White Cast 50 gm",MT,399.00,782.04,96.00,73.00,50.00,690.27
19622b44-deba-4f4d-a6f6-ea23687fcb82,"Lakme Sunscreen Gel SPF 50 PA+++Niacinamide, Water-Light, For Normal to Oily Skin,No White Cast 50 gm",US,399.00,782.04,96.00,73.00,50.00,690.27
92719022-2fe2-48e0-b621-4eeb3caf1ef6,"Lakme Tinted Sunscreen with Niacinamide for Even Tone Skin, SPF 50 PA++++, No White Cast, 50 ml",AL,425.00,833.00,96.00,73.00,50.00,735.25
92719022-2fe2-48e0-b621-4eeb3caf1ef6,"Lakme Tinted Sunscreen with Niacinamide for Even Tone Skin, SPF 50 PA++++, No White Cast, 50 ml",CH,425.00,833.00,96.00,73.00,50.00,735.25
92719022-2fe2-48e0-b621-4eeb3caf1ef6,"Lakme Tinted Sunscreen with Niacinamide for Even Tone Skin, SPF 50 PA++++, No White Cast, 50 ml",DE,425.00,833.00,96.00,73.00,50.00,735.25
92719022-2fe2-48e0-b621-4eeb3caf1ef6,"Lakme Tinted Sunscreen with Niacinamide for Even Tone Skin, SPF 50 PA++++, No White Cast, 50 ml",FR,425.00,833.00,96.00,73.00,50.00,735.25
92719022-2fe2-48e0-b621-4eeb3caf1ef6,"Lakme Tinted Sunscreen with Niacinamide for Even Tone Skin, SPF 50 PA++++, No White Cast, 50 ml",GB,425.00,833.00,96.00,73.00,50.00,735.25
92719022-2fe2-48e0-b621-4eeb3caf1ef6,"Lakme Tinted Sunscreen with Niacinamide for Even Tone Skin, SPF 50 PA++++, No White Cast, 50 ml",IE,425.00,862.12,102.85,79.85,56.85,764.37
92719022-2fe2-48e0-b621-4eeb3caf1ef6,"Lakme Tinted Sunscreen with Niacinamide for Even Tone Skin, SPF 50 PA++++, No White Cast, 50 ml",KE,425.00,833.00,96.00,73.00,50.00,735.25
92719022-2fe2-48e0-b621-4eeb3caf1ef6,"Lakme Tinted Sunscreen with Niacinamide for Even Tone Skin, SPF 50 PA++++, No White Cast, 50 ml",MT,425.00,833.00,96.00,73.00,50.00,735.25
92719022-2fe2-48e0-b621-4eeb3caf1ef6,"Lakme Tinted Sunscreen with Niacinamide for Even Tone Skin, SPF 50 PA++++, No White Cast, 50 ml",US,425.00,833.00,96.00,73.00,50.00,735.25
d89916e5-0adb-4286-b7fd-339400e4c8b1,"Lakme Ultimate Glam, with One-Stroke Payoff, Eyeshadow Palette, 11.7 gm for Women, Blush Bloom",IE,719.00,1458.50,102.85,79.85,56.85,1293.13
471acc66-bad9-4e1b-8e3c-f73e85641476,"Lakme Unreal 3D Brow Definer, Graphite, 1.19 gm",AL,399.00,782.04,96.00,73.00,50.00,690.27
471acc66-bad9-4e1b-8e3c-f73e85641476,"Lakme Unreal 3D Brow Definer, Graphite, 1.19 gm",CH,399.00,782.04,96.00,73.00,50.00,690.27
471acc66-bad9-4e1b-8e3c-f73e85641476,"Lakme Unreal 3D Brow Definer, Graphite, 1.19 gm",DE,399.00,782.04,96.00,73.00,50.00,690.27
471acc66-bad9-4e1b-8e3c-f73e85641476,"Lakme Unreal 3D Brow Definer, Graphite, 1.19 gm",FR,399.00,782.04,96.00,73.00,50.00,690.27
471acc66-bad9-4e1b-8e3c-f73e85641476,"Lakme Unreal 3D Brow Definer, Graphite, 1.19 gm",GB,399.00,782.04,96.00,73.00,50.00,690.27
471acc66-bad9-4e1b-8e3c-f73e85641476,"Lakme Unreal 3D Brow Definer, Graphite, 1.19 gm",IE,399.00,809.38,102.85,79.85,56.85,717.61
471acc66-bad9-4e1b-8e3c-f73e85641476,"Lakme Unreal 3D Brow Definer, Graphite, 1.19 gm",KE,399.00,782.04,96.00,73.00,50.00,690.27
471acc66-bad9-4e1b-8e3c-f73e85641476,"Lakme Unreal 3D Brow Definer, Graphite, 1.19 gm",MT,399.00,782.04,96.00,73.00,50.00,690.27
471acc66-bad9-4e1b-8e3c-f73e85641476,"Lakme Unreal 3D Brow Definer, Graphite, 1.19 gm",US,399.00,782.04,96.00,73.00,50.00,690.27
ddf46a89-ea08-44b3-aebc-ef969ea18869,Lakme Unreal Blur Perfect Primer | Mattifies & Blurs Pores | 30 ml,IE,639.00,1296.22,102.85,79.85,56.85,1149.25
cf67e1a9-c67e-4739-a486-d7f2c0ef7b8e,"Lakme Unreal Cover Creme Concealer Lightweight & Hydrating, Walnut, 3.9 gm",IE,559.00,1133.94,102.85,79.85,56.85,1005.37
8b3655a9-1169-465d-b5c9-a1705e6513b9,Lakmé Vit C Brilliance Face Wash with Vitamin C & Lemon Extracts | Brightening Cleanser for Glowing Skin | Deep Cleansing Formula,AL,248.00,486.08,96.00,73.00,50.00,429.04
8b3655a9-1169-465d-b5c9-a1705e6513b9,Lakmé Vit C Brilliance Face Wash with Vitamin C & Lemon Extracts | Brightening Cleanser for Glowing Skin | Deep Cleansing Formula,CH,248.00,486.08,96.00,73.00,50.00,429.04
8b3655a9-1169-465d-b5c9-a1705e6513b9,Lakmé Vit C Brilliance Face Wash with Vitamin C & Lemon Extracts | Brightening Cleanser for Glowing Skin | Deep Cleansing Formula,DE,248.00,486.08,96.00,73.00,50.00,429.04
8b3655a9-1169-465d-b5c9-a1705e6513b9,Lakmé Vit C Brilliance Face Wash with Vitamin C & Lemon Extracts | Brightening Cleanser for Glowing Skin | Deep Cleansing Formula,FR,248.00,486.08,96.00,73.00,50.00,429.04
8b3655a9-1169-465d-b5c9-a1705e6513b9,Lakmé Vit C Brilliance Face Wash with Vitamin C & Lemon Extracts | Brightening Cleanser for Glowing Skin | Deep Cleansing Formula,GB,248.00,486.08,96.00,73.00,50.00,429.04
8b3655a9-1169-465d-b5c9-a1705e6513b9,Lakmé Vit C Brilliance Face Wash with Vitamin C & Lemon Extracts | Brightening Cleanser for Glowing Skin | Deep Cleansing Formula,IE,248.00,498.48,101.00,78.00,55.00,441.44
8b3655a9-1169-465d-b5c9-a1705e6513b9,Lakmé Vit C Brilliance Face Wash with Vitamin C & Lemon Extracts | Brightening Cleanser for Glowing Skin | Deep Cleansing Formula,KE,248.00,486.08,96.00,73.00,50.00,429.04
8b3655a9-1169-465d-b5c9-a1705e6513b9,Lakmé Vit C Brilliance Face Wash with Vitamin C & Lemon Extracts | Brightening Cleanser for Glowing Skin | Deep Cleansing Formula,MT,248.00,486.08,96.00,73.00,50.00,429.04
8b3655a9-1169-465d-b5c9-a1705e6513b9,Lakmé Vit C Brilliance Face Wash with Vitamin C & Lemon Extracts | Brightening Cleanser for Glowing Skin | Deep Cleansing Formula,US,248.00,486.08,96.00,73.00,50.00,429.04
0057f686-f2d8-4ad9-ad00-3b31960d41a7,LAKME VITAMIN C BRILLIANCE DAY CREAM,AL,337.00,660.52,96.00,73.00,50.00,583.01
0057f686-f2d8-4ad9-ad00-3b31960d41a7,LAKME VITAMIN C BRILLIANCE DAY CREAM,CH,337.00,660.52,96.00,73.00,50.00,583.01
0057f686-f2d8-4ad9-ad00-3b31960d41a7,LAKME VITAMIN C BRILLIANCE DAY CREAM,DE,337.00,660.52,96.00,73.00,50.00,583.01
0057f686-f2d8-4ad9-ad00-3b31960d41a7,LAKME VITAMIN C BRILLIANCE DAY CREAM,FR,337.00,660.52,96.00,73.00,50.00,583.01
0057f686-f2d8-4ad9-ad00-3b31960d41a7,LAKME VITAMIN C BRILLIANCE DAY CREAM,GB,337.00,660.52,96.00,73.00,50.00,583.01
0057f686-f2d8-4ad9-ad00-3b31960d41a7,LAKME VITAMIN C BRILLIANCE DAY CREAM,IE,337.00,677.37,101.00,78.00,55.00,599.86
0057f686-f2d8-4ad9-ad00-3b31960d41a7,LAKME VITAMIN C BRILLIANCE DAY CREAM,KE,337.00,660.52,96.00,73.00,50.00,583.01
0057f686-f2d8-4ad9-ad00-3b31960d41a7,LAKME VITAMIN C BRILLIANCE DAY CREAM,MT,337.00,660.52,96.00,73.00,50.00,583.01
0057f686-f2d8-4ad9-ad00-3b31960d41a7,LAKME VITAMIN C BRILLIANCE DAY CREAM,US,337.00,660.52,96.00,73.00,50.00,583.01
74b2bda9-8967-427b-9755-8d3db6e8c7c5,"Lakme VitC Superglow, with 3% Vitamin C, Skin Perfecting Tint, 25 ml, Cool Ivory C100",IE,639.00,1296.22,102.85,79.85,56.85,1149.25
94db37f6-17f3-4a44-92a7-fe5f9bea6f56,Lakmé Xtraordin-airy Lip Mousse,AL,450.00,882.00,96.00,73.00,50.00,778.50
94db37f6-17f3-4a44-92a7-fe5f9bea6f56,Lakmé Xtraordin-airy Lip Mousse,CH,450.00,882.00,96.00,73.00,50.00,778.50
94db37f6-17f3-4a44-92a7-fe5f9bea6f56,Lakmé Xtraordin-airy Lip Mousse,DE,450.00,882.00,96.00,73.00,50.00,778.50
94db37f6-17f3-4a44-92a7-fe5f9bea6f56,Lakmé Xtraordin-airy Lip Mousse,FR,450.00,882.00,96.00,73.00,50.00,778.50
94db37f6-17f3-4a44-92a7-fe5f9bea6f56,Lakmé Xtraordin-airy Lip Mousse,GB,450.00,882.00,96.00,73.00,50.00,778.50
94db37f6-17f3-4a44-92a7-fe5f9bea6f56,Lakmé Xtraordin-airy Lip Mousse,IE,450.00,904.50,101.00,78.00,55.00,801.00
94db37f6-17f3-4a44-92a7-fe5f9bea6f56,Lakmé Xtraordin-airy Lip Mousse,KE,450.00,882.00,96.00,73.00,50.00,778.50
94db37f6-17f3-4a44-92a7-fe5f9bea6f56,Lakmé Xtraordin-airy Lip Mousse,MT,450.00,882.00,96.00,73.00,50.00,778.50
94db37f6-17f3-4a44-92a7-fe5f9bea6f56,Lakmé Xtraordin-airy Lip Mousse,US,450.00,882.00,96.00,73.00,50.00,778.50
6dfd43bd-75f5-4b9b-900d-8085e9a20f6e,Lakme Xtraordin-airy Lip Mousse Blush Nude 4.6 gm,IE,559.00,1133.94,102.85,79.85,56.85,1005.37
d60371e4-7c48-4f60-8bfe-7c3ac0a8f192,"Lakme Xtraordin-airy Lip Mousse, Plum Punch, 4.6 gm",IE,559.00,1133.94,102.85,79.85,56.85,1005.37
7b19db03-b4ec-4ee7-81b4-6010bf473266,"Lazol All-in-1 Disinfectant Surface Cleaner — 99.9% Germ Kill, Triple Stain Action, Pleasant Fragrance | Floor, Bathroom & Kitchen Cleaner | 500ml",IE,49.00,99.40,102.86,79.86,56.86,88.13
b5c53c17-7e0b-4a55-a0a4-f074995825c6,"Lazol All-in-1 Disinfectant Surface Cleaner — Citrus Fresh Fragrance, Triple Stain Action, 99.9% Germ Kill | Floor, Tile, Kitchen & Bathroom Cleaner | 1L",AL,129.00,252.84,96.00,73.00,50.00,223.17
b5c53c17-7e0b-4a55-a0a4-f074995825c6,"Lazol All-in-1 Disinfectant Surface Cleaner — Citrus Fresh Fragrance, Triple Stain Action, 99.9% Germ Kill | Floor, Tile, Kitchen & Bathroom Cleaner | 1L",CH,129.00,252.84,96.00,73.00,50.00,223.17
b5c53c17-7e0b-4a55-a0a4-f074995825c6,"Lazol All-in-1 Disinfectant Surface Cleaner — Citrus Fresh Fragrance, Triple Stain Action, 99.9% Germ Kill | Floor, Tile, Kitchen & Bathroom Cleaner | 1L",DE,129.00,252.84,96.00,73.00,50.00,223.17
b5c53c17-7e0b-4a55-a0a4-f074995825c6,"Lazol All-in-1 Disinfectant Surface Cleaner — Citrus Fresh Fragrance, Triple Stain Action, 99.9% Germ Kill | Floor, Tile, Kitchen & Bathroom Cleaner | 1L",FR,129.00,252.84,96.00,73.00,50.00,223.17
b5c53c17-7e0b-4a55-a0a4-f074995825c6,"Lazol All-in-1 Disinfectant Surface Cleaner — Citrus Fresh Fragrance, Triple Stain Action, 99.9% Germ Kill | Floor, Tile, Kitchen & Bathroom Cleaner | 1L",GB,129.00,252.84,96.00,73.00,50.00,223.17
b5c53c17-7e0b-4a55-a0a4-f074995825c6,"Lazol All-in-1 Disinfectant Surface Cleaner — Citrus Fresh Fragrance, Triple Stain Action, 99.9% Germ Kill | Floor, Tile, Kitchen & Bathroom Cleaner | 1L",IE,129.00,261.68,102.85,79.85,56.85,232.01
b5c53c17-7e0b-4a55-a0a4-f074995825c6,"Lazol All-in-1 Disinfectant Surface Cleaner — Citrus Fresh Fragrance, Triple Stain Action, 99.9% Germ Kill | Floor, Tile, Kitchen & Bathroom Cleaner | 1L",KE,129.00,252.84,96.00,73.00,50.00,223.17
b5c53c17-7e0b-4a55-a0a4-f074995825c6,"Lazol All-in-1 Disinfectant Surface Cleaner — Citrus Fresh Fragrance, Triple Stain Action, 99.9% Germ Kill | Floor, Tile, Kitchen & Bathroom Cleaner | 1L",MT,129.00,252.84,96.00,73.00,50.00,223.17
b5c53c17-7e0b-4a55-a0a4-f074995825c6,"Lazol All-in-1 Disinfectant Surface Cleaner — Citrus Fresh Fragrance, Triple Stain Action, 99.9% Germ Kill | Floor, Tile, Kitchen & Bathroom Cleaner | 1L",US,129.00,252.84,96.00,73.00,50.00,223.17
85f983da-c8b2-430a-936f-6fb67a4da358,"Leaf & Care Glycerin 25ml , 60ml",AL,100.00,196.00,96.00,73.00,50.00,173.00
85f983da-c8b2-430a-936f-6fb67a4da358,"Leaf & Care Glycerin 25ml , 60ml",CH,100.00,196.00,96.00,73.00,50.00,173.00
85f983da-c8b2-430a-936f-6fb67a4da358,"Leaf & Care Glycerin 25ml , 60ml",DE,100.00,196.00,96.00,73.00,50.00,173.00
85f983da-c8b2-430a-936f-6fb67a4da358,"Leaf & Care Glycerin 25ml , 60ml",FR,100.00,196.00,96.00,73.00,50.00,173.00
85f983da-c8b2-430a-936f-6fb67a4da358,"Leaf & Care Glycerin 25ml , 60ml",GB,100.00,196.00,96.00,73.00,50.00,173.00
85f983da-c8b2-430a-936f-6fb67a4da358,"Leaf & Care Glycerin 25ml , 60ml",IE,100.00,201.00,101.00,78.00,55.00,178.00
85f983da-c8b2-430a-936f-6fb67a4da358,"Leaf & Care Glycerin 25ml , 60ml",KE,100.00,196.00,96.00,73.00,50.00,173.00
85f983da-c8b2-430a-936f-6fb67a4da358,"Leaf & Care Glycerin 25ml , 60ml",MT,100.00,196.00,96.00,73.00,50.00,173.00
85f983da-c8b2-430a-936f-6fb67a4da358,"Leaf & Care Glycerin 25ml , 60ml",US,100.00,196.00,96.00,73.00,50.00,173.00
feb07e72-77ca-4962-91d1-f0e32413e9cd,"Leaf Care Organic Rose Water Spray 100 ml, Pure Gulab Water Face Toner, Hydrating & Refreshing Face Mist, Natural Skin Care for All Skin Types",AL,58.00,113.68,96.00,73.00,50.00,100.34
feb07e72-77ca-4962-91d1-f0e32413e9cd,"Leaf Care Organic Rose Water Spray 100 ml, Pure Gulab Water Face Toner, Hydrating & Refreshing Face Mist, Natural Skin Care for All Skin Types",CH,58.00,113.68,96.00,73.00,50.00,100.34
feb07e72-77ca-4962-91d1-f0e32413e9cd,"Leaf Care Organic Rose Water Spray 100 ml, Pure Gulab Water Face Toner, Hydrating & Refreshing Face Mist, Natural Skin Care for All Skin Types",DE,58.00,113.68,96.00,73.00,50.00,100.34
feb07e72-77ca-4962-91d1-f0e32413e9cd,"Leaf Care Organic Rose Water Spray 100 ml, Pure Gulab Water Face Toner, Hydrating & Refreshing Face Mist, Natural Skin Care for All Skin Types",FR,58.00,113.68,96.00,73.00,50.00,100.34
feb07e72-77ca-4962-91d1-f0e32413e9cd,"Leaf Care Organic Rose Water Spray 100 ml, Pure Gulab Water Face Toner, Hydrating & Refreshing Face Mist, Natural Skin Care for All Skin Types",GB,58.00,113.68,96.00,73.00,50.00,100.34
feb07e72-77ca-4962-91d1-f0e32413e9cd,"Leaf Care Organic Rose Water Spray 100 ml, Pure Gulab Water Face Toner, Hydrating & Refreshing Face Mist, Natural Skin Care for All Skin Types",IE,58.00,116.58,101.00,78.00,55.00,103.24
feb07e72-77ca-4962-91d1-f0e32413e9cd,"Leaf Care Organic Rose Water Spray 100 ml, Pure Gulab Water Face Toner, Hydrating & Refreshing Face Mist, Natural Skin Care for All Skin Types",KE,58.00,113.68,96.00,73.00,50.00,100.34
feb07e72-77ca-4962-91d1-f0e32413e9cd,"Leaf Care Organic Rose Water Spray 100 ml, Pure Gulab Water Face Toner, Hydrating & Refreshing Face Mist, Natural Skin Care for All Skin Types",MT,58.00,113.68,96.00,73.00,50.00,100.34
feb07e72-77ca-4962-91d1-f0e32413e9cd,"Leaf Care Organic Rose Water Spray 100 ml, Pure Gulab Water Face Toner, Hydrating & Refreshing Face Mist, Natural Skin Care for All Skin Types",US,58.00,113.68,96.00,73.00,50.00,100.34
e38cac54-557c-4dfb-a745-0f880aed117b,Learning Laptop Toy with LCD Screen,IE,323.00,746.13,131.00,108.00,85.00,671.84
de4a3d06-c7a7-40e4-ba0d-79c4293ff235,LIFEBUOY Germ Protection Liquid Handwash with Vitamins- 190ml,AL,99.00,194.04,96.00,73.00,50.00,171.27
de4a3d06-c7a7-40e4-ba0d-79c4293ff235,LIFEBUOY Germ Protection Liquid Handwash with Vitamins- 190ml,CH,99.00,194.04,96.00,73.00,50.00,171.27
de4a3d06-c7a7-40e4-ba0d-79c4293ff235,LIFEBUOY Germ Protection Liquid Handwash with Vitamins- 190ml,DE,99.00,194.04,96.00,73.00,50.00,171.27
de4a3d06-c7a7-40e4-ba0d-79c4293ff235,LIFEBUOY Germ Protection Liquid Handwash with Vitamins- 190ml,FR,99.00,194.04,96.00,73.00,50.00,171.27
de4a3d06-c7a7-40e4-ba0d-79c4293ff235,LIFEBUOY Germ Protection Liquid Handwash with Vitamins- 190ml,GB,99.00,194.04,96.00,73.00,50.00,171.27
de4a3d06-c7a7-40e4-ba0d-79c4293ff235,LIFEBUOY Germ Protection Liquid Handwash with Vitamins- 190ml,IE,99.00,198.99,101.00,78.00,55.00,176.22
de4a3d06-c7a7-40e4-ba0d-79c4293ff235,LIFEBUOY Germ Protection Liquid Handwash with Vitamins- 190ml,KE,99.00,194.04,96.00,73.00,50.00,171.27
de4a3d06-c7a7-40e4-ba0d-79c4293ff235,LIFEBUOY Germ Protection Liquid Handwash with Vitamins- 190ml,MT,99.00,194.04,96.00,73.00,50.00,171.27
de4a3d06-c7a7-40e4-ba0d-79c4293ff235,LIFEBUOY Germ Protection Liquid Handwash with Vitamins- 190ml,US,99.00,194.04,96.00,73.00,50.00,171.27
f5d9ec30-5d31-48c4-ad10-059d6748199a,"Lightweight Track Pants – Breathable Sports Joggers with Side Stripe Design | Casual & Gym Wear, Master copy Adidas",AL,599.00,1233.94,106.00,83.00,60.00,1096.17
f5d9ec30-5d31-48c4-ad10-059d6748199a,"Lightweight Track Pants – Breathable Sports Joggers with Side Stripe Design | Casual & Gym Wear, Master copy Adidas",CH,599.00,1233.94,106.00,83.00,60.00,1096.17
f5d9ec30-5d31-48c4-ad10-059d6748199a,"Lightweight Track Pants – Breathable Sports Joggers with Side Stripe Design | Casual & Gym Wear, Master copy Adidas",DE,599.00,1233.94,106.00,83.00,60.00,1096.17
f5d9ec30-5d31-48c4-ad10-059d6748199a,"Lightweight Track Pants – Breathable Sports Joggers with Side Stripe Design | Casual & Gym Wear, Master copy Adidas",FR,599.00,1233.94,106.00,83.00,60.00,1096.17
f5d9ec30-5d31-48c4-ad10-059d6748199a,"Lightweight Track Pants – Breathable Sports Joggers with Side Stripe Design | Casual & Gym Wear, Master copy Adidas",GB,599.00,1233.94,106.00,83.00,60.00,1096.17
f5d9ec30-5d31-48c4-ad10-059d6748199a,"Lightweight Track Pants – Breathable Sports Joggers with Side Stripe Design | Casual & Gym Wear, Master copy Adidas",IE,599.00,1263.89,111.00,88.00,65.00,1126.12
f5d9ec30-5d31-48c4-ad10-059d6748199a,"Lightweight Track Pants – Breathable Sports Joggers with Side Stripe Design | Casual & Gym Wear, Master copy Adidas",KE,599.00,1233.94,106.00,83.00,60.00,1096.17
f5d9ec30-5d31-48c4-ad10-059d6748199a,"Lightweight Track Pants – Breathable Sports Joggers with Side Stripe Design | Casual & Gym Wear, Master copy Adidas",MT,599.00,1233.94,106.00,83.00,60.00,1096.17
f5d9ec30-5d31-48c4-ad10-059d6748199a,"Lightweight Track Pants – Breathable Sports Joggers with Side Stripe Design | Casual & Gym Wear, Master copy Adidas",US,599.00,1233.94,106.00,83.00,60.00,1096.17
6ec83561-6816-470a-9850-093cdc51fa8e,linen bottom,AL,799.00,1605.99,101.00,78.00,55.00,1422.22
6ec83561-6816-470a-9850-093cdc51fa8e,linen bottom,CH,799.00,1605.99,101.00,78.00,55.00,1422.22
6ec83561-6816-470a-9850-093cdc51fa8e,linen bottom,DE,799.00,1605.99,101.00,78.00,55.00,1422.22
6ec83561-6816-470a-9850-093cdc51fa8e,linen bottom,FR,799.00,1605.99,101.00,78.00,55.00,1422.22
6ec83561-6816-470a-9850-093cdc51fa8e,linen bottom,GB,799.00,1605.99,101.00,78.00,55.00,1422.22
6ec83561-6816-470a-9850-093cdc51fa8e,linen bottom,IE,799.00,1605.99,101.00,78.00,55.00,1422.22
6ec83561-6816-470a-9850-093cdc51fa8e,linen bottom,KE,799.00,1605.99,101.00,78.00,55.00,1422.22
6ec83561-6816-470a-9850-093cdc51fa8e,linen bottom,MT,799.00,1605.99,101.00,78.00,55.00,1422.22
6ec83561-6816-470a-9850-093cdc51fa8e,linen bottom,US,799.00,1605.99,101.00,78.00,55.00,1422.22
66578c9a-efeb-4815-82a4-7e748e922369,Liril Lime & Tea Tree Oil Body Wash,AL,100.00,196.00,96.00,73.00,50.00,173.00
66578c9a-efeb-4815-82a4-7e748e922369,Liril Lime & Tea Tree Oil Body Wash,CH,100.00,196.00,96.00,73.00,50.00,173.00
66578c9a-efeb-4815-82a4-7e748e922369,Liril Lime & Tea Tree Oil Body Wash,DE,100.00,196.00,96.00,73.00,50.00,173.00
66578c9a-efeb-4815-82a4-7e748e922369,Liril Lime & Tea Tree Oil Body Wash,FR,100.00,196.00,96.00,73.00,50.00,173.00
66578c9a-efeb-4815-82a4-7e748e922369,Liril Lime & Tea Tree Oil Body Wash,GB,100.00,196.00,96.00,73.00,50.00,173.00
66578c9a-efeb-4815-82a4-7e748e922369,Liril Lime & Tea Tree Oil Body Wash,IE,100.00,201.00,101.00,78.00,55.00,178.00
66578c9a-efeb-4815-82a4-7e748e922369,Liril Lime & Tea Tree Oil Body Wash,KE,100.00,196.00,96.00,73.00,50.00,173.00
66578c9a-efeb-4815-82a4-7e748e922369,Liril Lime & Tea Tree Oil Body Wash,MT,100.00,196.00,96.00,73.00,50.00,173.00
66578c9a-efeb-4815-82a4-7e748e922369,Liril Lime & Tea Tree Oil Body Wash,US,100.00,196.00,96.00,73.00,50.00,173.00
7c39b4ae-84c8-4596-9d00-5f9f12647b6f,Listerine Total Care Cavity Fighter Mouthwash (100 ml),AL,85.00,166.60,96.00,73.00,50.00,147.05
7c39b4ae-84c8-4596-9d00-5f9f12647b6f,Listerine Total Care Cavity Fighter Mouthwash (100 ml),CH,85.00,166.60,96.00,73.00,50.00,147.05
7c39b4ae-84c8-4596-9d00-5f9f12647b6f,Listerine Total Care Cavity Fighter Mouthwash (100 ml),DE,85.00,166.60,96.00,73.00,50.00,147.05
7c39b4ae-84c8-4596-9d00-5f9f12647b6f,Listerine Total Care Cavity Fighter Mouthwash (100 ml),FR,85.00,166.60,96.00,73.00,50.00,147.05
7c39b4ae-84c8-4596-9d00-5f9f12647b6f,Listerine Total Care Cavity Fighter Mouthwash (100 ml),GB,85.00,166.60,96.00,73.00,50.00,147.05
7c39b4ae-84c8-4596-9d00-5f9f12647b6f,Listerine Total Care Cavity Fighter Mouthwash (100 ml),IE,85.00,170.85,101.00,78.00,55.00,151.30
7c39b4ae-84c8-4596-9d00-5f9f12647b6f,Listerine Total Care Cavity Fighter Mouthwash (100 ml),KE,85.00,166.60,96.00,73.00,50.00,147.05
7c39b4ae-84c8-4596-9d00-5f9f12647b6f,Listerine Total Care Cavity Fighter Mouthwash (100 ml),MT,85.00,166.60,96.00,73.00,50.00,147.05
7c39b4ae-84c8-4596-9d00-5f9f12647b6f,Listerine Total Care Cavity Fighter Mouthwash (100 ml),US,85.00,166.60,96.00,73.00,50.00,147.05
e432007b-87e2-484a-acf6-e1d10ab205ec,LIVON ANTI-FRIZZ SERUM FOR ALL HAIR TYPES,AL,70.00,137.20,96.00,73.00,50.00,121.10
e432007b-87e2-484a-acf6-e1d10ab205ec,LIVON ANTI-FRIZZ SERUM FOR ALL HAIR TYPES,CH,70.00,137.20,96.00,73.00,50.00,121.10
e432007b-87e2-484a-acf6-e1d10ab205ec,LIVON ANTI-FRIZZ SERUM FOR ALL HAIR TYPES,DE,70.00,137.20,96.00,73.00,50.00,121.10
e432007b-87e2-484a-acf6-e1d10ab205ec,LIVON ANTI-FRIZZ SERUM FOR ALL HAIR TYPES,FR,70.00,137.20,96.00,73.00,50.00,121.10
e432007b-87e2-484a-acf6-e1d10ab205ec,LIVON ANTI-FRIZZ SERUM FOR ALL HAIR TYPES,GB,70.00,137.20,96.00,73.00,50.00,121.10
e432007b-87e2-484a-acf6-e1d10ab205ec,LIVON ANTI-FRIZZ SERUM FOR ALL HAIR TYPES,IE,70.00,140.70,101.00,78.00,55.00,124.60
e432007b-87e2-484a-acf6-e1d10ab205ec,LIVON ANTI-FRIZZ SERUM FOR ALL HAIR TYPES,KE,70.00,137.20,96.00,73.00,50.00,121.10
e432007b-87e2-484a-acf6-e1d10ab205ec,LIVON ANTI-FRIZZ SERUM FOR ALL HAIR TYPES,MT,70.00,137.20,96.00,73.00,50.00,121.10
e432007b-87e2-484a-acf6-e1d10ab205ec,LIVON ANTI-FRIZZ SERUM FOR ALL HAIR TYPES,US,70.00,137.20,96.00,73.00,50.00,121.10
2792a637-1c1a-4784-b95c-783a719f3d32,"London Roller Toy for Kids – Friction Powered Road Roller with Sound, Colorful Construction Vehicle Toy for Boys & Girls (Ages 3+)",AL,198.00,388.08,96.00,73.00,50.00,342.54
2792a637-1c1a-4784-b95c-783a719f3d32,"London Roller Toy for Kids – Friction Powered Road Roller with Sound, Colorful Construction Vehicle Toy for Boys & Girls (Ages 3+)",CH,198.00,388.08,96.00,73.00,50.00,342.54
2792a637-1c1a-4784-b95c-783a719f3d32,"London Roller Toy for Kids – Friction Powered Road Roller with Sound, Colorful Construction Vehicle Toy for Boys & Girls (Ages 3+)",DE,198.00,388.08,96.00,73.00,50.00,342.54
2792a637-1c1a-4784-b95c-783a719f3d32,"London Roller Toy for Kids – Friction Powered Road Roller with Sound, Colorful Construction Vehicle Toy for Boys & Girls (Ages 3+)",FR,198.00,388.08,96.00,73.00,50.00,342.54
2792a637-1c1a-4784-b95c-783a719f3d32,"London Roller Toy for Kids – Friction Powered Road Roller with Sound, Colorful Construction Vehicle Toy for Boys & Girls (Ages 3+)",GB,198.00,388.08,96.00,73.00,50.00,342.54
2792a637-1c1a-4784-b95c-783a719f3d32,"London Roller Toy for Kids – Friction Powered Road Roller with Sound, Colorful Construction Vehicle Toy for Boys & Girls (Ages 3+)",IE,198.00,397.98,101.00,78.00,55.00,352.44
2792a637-1c1a-4784-b95c-783a719f3d32,"London Roller Toy for Kids – Friction Powered Road Roller with Sound, Colorful Construction Vehicle Toy for Boys & Girls (Ages 3+)",KE,198.00,388.08,96.00,73.00,50.00,342.54
2792a637-1c1a-4784-b95c-783a719f3d32,"London Roller Toy for Kids – Friction Powered Road Roller with Sound, Colorful Construction Vehicle Toy for Boys & Girls (Ages 3+)",MT,198.00,388.08,96.00,73.00,50.00,342.54
2792a637-1c1a-4784-b95c-783a719f3d32,"London Roller Toy for Kids – Friction Powered Road Roller with Sound, Colorful Construction Vehicle Toy for Boys & Girls (Ages 3+)",US,198.00,388.08,96.00,73.00,50.00,342.54
3f19acb8-5e4a-48a1-9272-115f6672098c,LOreal Paris Revitalift Water Cream Gel,IE,520.00,993.20,91.00,68.00,45.00,873.60
968c5cff-643b-40a0-9b74-61875cbb451c,"Lotus Herbals Safe Sun Daily Multi-Function Sunscreen SPF 70 PA+++ | Lightweight, Non-Greasy | UVA & UVB Protection | All Skin Types",IE,693.00,1323.63,91.00,68.00,45.00,1164.24
684ab2d4-fd3f-4e59-9232-8841464ae5b4,Lotus Herbals Safe Sun SPF 30 PA+++ Anti-Tan Sunscreen | UVA & UVB Protection | Skin Brightening with Lime & Kiwi Extract | Lightweight Formula | All Skin Types,AL,323.00,633.08,96.00,73.00,50.00,558.79
684ab2d4-fd3f-4e59-9232-8841464ae5b4,Lotus Herbals Safe Sun SPF 30 PA+++ Anti-Tan Sunscreen | UVA & UVB Protection | Skin Brightening with Lime & Kiwi Extract | Lightweight Formula | All Skin Types,CH,323.00,633.08,96.00,73.00,50.00,558.79
684ab2d4-fd3f-4e59-9232-8841464ae5b4,Lotus Herbals Safe Sun SPF 30 PA+++ Anti-Tan Sunscreen | UVA & UVB Protection | Skin Brightening with Lime & Kiwi Extract | Lightweight Formula | All Skin Types,DE,323.00,633.08,96.00,73.00,50.00,558.79
684ab2d4-fd3f-4e59-9232-8841464ae5b4,Lotus Herbals Safe Sun SPF 30 PA+++ Anti-Tan Sunscreen | UVA & UVB Protection | Skin Brightening with Lime & Kiwi Extract | Lightweight Formula | All Skin Types,FR,323.00,633.08,96.00,73.00,50.00,558.79
684ab2d4-fd3f-4e59-9232-8841464ae5b4,Lotus Herbals Safe Sun SPF 30 PA+++ Anti-Tan Sunscreen | UVA & UVB Protection | Skin Brightening with Lime & Kiwi Extract | Lightweight Formula | All Skin Types,GB,323.00,633.08,96.00,73.00,50.00,558.79
684ab2d4-fd3f-4e59-9232-8841464ae5b4,Lotus Herbals Safe Sun SPF 30 PA+++ Anti-Tan Sunscreen | UVA & UVB Protection | Skin Brightening with Lime & Kiwi Extract | Lightweight Formula | All Skin Types,IE,323.00,649.23,101.00,78.00,55.00,574.94
684ab2d4-fd3f-4e59-9232-8841464ae5b4,Lotus Herbals Safe Sun SPF 30 PA+++ Anti-Tan Sunscreen | UVA & UVB Protection | Skin Brightening with Lime & Kiwi Extract | Lightweight Formula | All Skin Types,KE,323.00,633.08,96.00,73.00,50.00,558.79
684ab2d4-fd3f-4e59-9232-8841464ae5b4,Lotus Herbals Safe Sun SPF 30 PA+++ Anti-Tan Sunscreen | UVA & UVB Protection | Skin Brightening with Lime & Kiwi Extract | Lightweight Formula | All Skin Types,MT,323.00,633.08,96.00,73.00,50.00,558.79
684ab2d4-fd3f-4e59-9232-8841464ae5b4,Lotus Herbals Safe Sun SPF 30 PA+++ Anti-Tan Sunscreen | UVA & UVB Protection | Skin Brightening with Lime & Kiwi Extract | Lightweight Formula | All Skin Types,US,323.00,633.08,96.00,73.00,50.00,558.79
c7535011-a669-42af-a041-33ebf9114fad,Lotus Herbals Safe Sun UV Protect Body Lotion SPF 25 PA+++ | Nourishing Whitening Milk with Calendula Extracts | For Normal to Dry Skin,AL,312.00,611.52,96.00,73.00,50.00,539.76
c7535011-a669-42af-a041-33ebf9114fad,Lotus Herbals Safe Sun UV Protect Body Lotion SPF 25 PA+++ | Nourishing Whitening Milk with Calendula Extracts | For Normal to Dry Skin,CH,312.00,611.52,96.00,73.00,50.00,539.76
c7535011-a669-42af-a041-33ebf9114fad,Lotus Herbals Safe Sun UV Protect Body Lotion SPF 25 PA+++ | Nourishing Whitening Milk with Calendula Extracts | For Normal to Dry Skin,DE,312.00,611.52,96.00,73.00,50.00,539.76
c7535011-a669-42af-a041-33ebf9114fad,Lotus Herbals Safe Sun UV Protect Body Lotion SPF 25 PA+++ | Nourishing Whitening Milk with Calendula Extracts | For Normal to Dry Skin,FR,312.00,611.52,96.00,73.00,50.00,539.76
c7535011-a669-42af-a041-33ebf9114fad,Lotus Herbals Safe Sun UV Protect Body Lotion SPF 25 PA+++ | Nourishing Whitening Milk with Calendula Extracts | For Normal to Dry Skin,GB,312.00,611.52,96.00,73.00,50.00,539.76
c7535011-a669-42af-a041-33ebf9114fad,Lotus Herbals Safe Sun UV Protect Body Lotion SPF 25 PA+++ | Nourishing Whitening Milk with Calendula Extracts | For Normal to Dry Skin,IE,312.00,627.12,101.00,78.00,55.00,555.36
c7535011-a669-42af-a041-33ebf9114fad,Lotus Herbals Safe Sun UV Protect Body Lotion SPF 25 PA+++ | Nourishing Whitening Milk with Calendula Extracts | For Normal to Dry Skin,KE,312.00,611.52,96.00,73.00,50.00,539.76
c7535011-a669-42af-a041-33ebf9114fad,Lotus Herbals Safe Sun UV Protect Body Lotion SPF 25 PA+++ | Nourishing Whitening Milk with Calendula Extracts | For Normal to Dry Skin,MT,312.00,611.52,96.00,73.00,50.00,539.76
c7535011-a669-42af-a041-33ebf9114fad,Lotus Herbals Safe Sun UV Protect Body Lotion SPF 25 PA+++ | Nourishing Whitening Milk with Calendula Extracts | For Normal to Dry Skin,US,312.00,611.52,96.00,73.00,50.00,539.76
b32c5017-67ce-4e0f-8bb3-5cd65272aa89,Lotus Herbals WhiteGlow Night Cream,AL,373.00,731.08,96.00,73.00,50.00,645.29
b32c5017-67ce-4e0f-8bb3-5cd65272aa89,Lotus Herbals WhiteGlow Night Cream,CH,373.00,731.08,96.00,73.00,50.00,645.29
b32c5017-67ce-4e0f-8bb3-5cd65272aa89,Lotus Herbals WhiteGlow Night Cream,DE,373.00,731.08,96.00,73.00,50.00,645.29
b32c5017-67ce-4e0f-8bb3-5cd65272aa89,Lotus Herbals WhiteGlow Night Cream,FR,373.00,731.08,96.00,73.00,50.00,645.29
b32c5017-67ce-4e0f-8bb3-5cd65272aa89,Lotus Herbals WhiteGlow Night Cream,GB,373.00,731.08,96.00,73.00,50.00,645.29
b32c5017-67ce-4e0f-8bb3-5cd65272aa89,Lotus Herbals WhiteGlow Night Cream,IE,373.00,749.73,101.00,78.00,55.00,663.94
b32c5017-67ce-4e0f-8bb3-5cd65272aa89,Lotus Herbals WhiteGlow Night Cream,KE,373.00,731.08,96.00,73.00,50.00,645.29
b32c5017-67ce-4e0f-8bb3-5cd65272aa89,Lotus Herbals WhiteGlow Night Cream,MT,373.00,731.08,96.00,73.00,50.00,645.29
b32c5017-67ce-4e0f-8bb3-5cd65272aa89,Lotus Herbals WhiteGlow Night Cream,US,373.00,731.08,96.00,73.00,50.00,645.29
d1e88756-5ce9-44b0-b492-329235bffc8f,LU MO Die-Cast Metal SUV Model Car,IE,347.00,801.57,131.00,108.00,85.00,721.76
d001f6ca-fa83-40a4-8637-a2bb18fea0c1,LUX ADVACE BRIGTH GLOW,AL,35.00,68.60,96.00,73.00,50.00,60.55
d001f6ca-fa83-40a4-8637-a2bb18fea0c1,LUX ADVACE BRIGTH GLOW,CH,35.00,68.60,96.00,73.00,50.00,60.55
d001f6ca-fa83-40a4-8637-a2bb18fea0c1,LUX ADVACE BRIGTH GLOW,DE,35.00,68.60,96.00,73.00,50.00,60.55
d001f6ca-fa83-40a4-8637-a2bb18fea0c1,LUX ADVACE BRIGTH GLOW,FR,35.00,68.60,96.00,73.00,50.00,60.55
d001f6ca-fa83-40a4-8637-a2bb18fea0c1,LUX ADVACE BRIGTH GLOW,GB,35.00,68.60,96.00,73.00,50.00,60.55
d001f6ca-fa83-40a4-8637-a2bb18fea0c1,LUX ADVACE BRIGTH GLOW,IE,35.00,70.35,101.00,78.00,55.00,62.30
d001f6ca-fa83-40a4-8637-a2bb18fea0c1,LUX ADVACE BRIGTH GLOW,KE,35.00,68.60,96.00,73.00,50.00,60.55
d001f6ca-fa83-40a4-8637-a2bb18fea0c1,LUX ADVACE BRIGTH GLOW,MT,35.00,68.60,96.00,73.00,50.00,60.55
d001f6ca-fa83-40a4-8637-a2bb18fea0c1,LUX ADVACE BRIGTH GLOW,US,35.00,68.60,96.00,73.00,50.00,60.55
d35bb799-e139-47a0-8a05-8502512d20f9,Lux Body Wash,AL,100.00,191.00,91.00,68.00,45.00,168.00
d35bb799-e139-47a0-8a05-8502512d20f9,Lux Body Wash,CH,100.00,191.00,91.00,68.00,45.00,168.00
d35bb799-e139-47a0-8a05-8502512d20f9,Lux Body Wash,DE,100.00,191.00,91.00,68.00,45.00,168.00
d35bb799-e139-47a0-8a05-8502512d20f9,Lux Body Wash,FR,100.00,191.00,91.00,68.00,45.00,168.00
d35bb799-e139-47a0-8a05-8502512d20f9,Lux Body Wash,GB,100.00,191.00,91.00,68.00,45.00,168.00
d35bb799-e139-47a0-8a05-8502512d20f9,Lux Body Wash,IE,100.00,202.85,102.85,79.85,56.85,179.85
d35bb799-e139-47a0-8a05-8502512d20f9,Lux Body Wash,KE,100.00,191.00,91.00,68.00,45.00,168.00
d35bb799-e139-47a0-8a05-8502512d20f9,Lux Body Wash,MT,100.00,191.00,91.00,68.00,45.00,168.00
d35bb799-e139-47a0-8a05-8502512d20f9,Lux Body Wash,US,100.00,191.00,91.00,68.00,45.00,168.00
1df137cc-c745-4c12-b04e-3a85d8a0e2a9,Lux Body Wash Luxurious Sandalwood,AL,100.00,196.00,96.00,73.00,50.00,173.00
1df137cc-c745-4c12-b04e-3a85d8a0e2a9,Lux Body Wash Luxurious Sandalwood,CH,100.00,196.00,96.00,73.00,50.00,173.00
1df137cc-c745-4c12-b04e-3a85d8a0e2a9,Lux Body Wash Luxurious Sandalwood,DE,100.00,196.00,96.00,73.00,50.00,173.00
1df137cc-c745-4c12-b04e-3a85d8a0e2a9,Lux Body Wash Luxurious Sandalwood,FR,100.00,196.00,96.00,73.00,50.00,173.00
1df137cc-c745-4c12-b04e-3a85d8a0e2a9,Lux Body Wash Luxurious Sandalwood,GB,100.00,196.00,96.00,73.00,50.00,173.00
1df137cc-c745-4c12-b04e-3a85d8a0e2a9,Lux Body Wash Luxurious Sandalwood,IE,100.00,201.00,101.00,78.00,55.00,178.00
1df137cc-c745-4c12-b04e-3a85d8a0e2a9,Lux Body Wash Luxurious Sandalwood,KE,100.00,196.00,96.00,73.00,50.00,173.00
1df137cc-c745-4c12-b04e-3a85d8a0e2a9,Lux Body Wash Luxurious Sandalwood,MT,100.00,196.00,96.00,73.00,50.00,173.00
1df137cc-c745-4c12-b04e-3a85d8a0e2a9,Lux Body Wash Luxurious Sandalwood,US,100.00,196.00,96.00,73.00,50.00,173.00
2ff97007-94de-4349-b3ed-e64504cb37da,"Luxor Super Chisel Marker — 10 Bright Colours | Broad Chisel Tip for Art, Sketching, Poster-Making & Bold Lettering | Pack of 10",AL,100.00,196.00,96.00,73.00,50.00,173.00
2ff97007-94de-4349-b3ed-e64504cb37da,"Luxor Super Chisel Marker — 10 Bright Colours | Broad Chisel Tip for Art, Sketching, Poster-Making & Bold Lettering | Pack of 10",CH,100.00,196.00,96.00,73.00,50.00,173.00
2ff97007-94de-4349-b3ed-e64504cb37da,"Luxor Super Chisel Marker — 10 Bright Colours | Broad Chisel Tip for Art, Sketching, Poster-Making & Bold Lettering | Pack of 10",DE,100.00,196.00,96.00,73.00,50.00,173.00
2ff97007-94de-4349-b3ed-e64504cb37da,"Luxor Super Chisel Marker — 10 Bright Colours | Broad Chisel Tip for Art, Sketching, Poster-Making & Bold Lettering | Pack of 10",FR,100.00,196.00,96.00,73.00,50.00,173.00
2ff97007-94de-4349-b3ed-e64504cb37da,"Luxor Super Chisel Marker — 10 Bright Colours | Broad Chisel Tip for Art, Sketching, Poster-Making & Bold Lettering | Pack of 10",GB,100.00,196.00,96.00,73.00,50.00,173.00
2ff97007-94de-4349-b3ed-e64504cb37da,"Luxor Super Chisel Marker — 10 Bright Colours | Broad Chisel Tip for Art, Sketching, Poster-Making & Bold Lettering | Pack of 10",IE,100.00,201.00,101.00,78.00,55.00,178.00
2ff97007-94de-4349-b3ed-e64504cb37da,"Luxor Super Chisel Marker — 10 Bright Colours | Broad Chisel Tip for Art, Sketching, Poster-Making & Bold Lettering | Pack of 10",KE,100.00,196.00,96.00,73.00,50.00,173.00
2ff97007-94de-4349-b3ed-e64504cb37da,"Luxor Super Chisel Marker — 10 Bright Colours | Broad Chisel Tip for Art, Sketching, Poster-Making & Bold Lettering | Pack of 10",MT,100.00,196.00,96.00,73.00,50.00,173.00
2ff97007-94de-4349-b3ed-e64504cb37da,"Luxor Super Chisel Marker — 10 Bright Colours | Broad Chisel Tip for Art, Sketching, Poster-Making & Bold Lettering | Pack of 10",US,100.00,196.00,96.00,73.00,50.00,173.00
21f6f114-a9c9-4c7f-a834-11513fe49871,Madagascar Centella Travel Kit,AL,2074.00,4168.74,101.00,78.00,55.00,3691.72
21f6f114-a9c9-4c7f-a834-11513fe49871,Madagascar Centella Travel Kit,CH,2074.00,4168.74,101.00,78.00,55.00,3691.72
21f6f114-a9c9-4c7f-a834-11513fe49871,Madagascar Centella Travel Kit,DE,2074.00,4447.34,114.43,91.43,68.43,3970.32
21f6f114-a9c9-4c7f-a834-11513fe49871,Madagascar Centella Travel Kit,FR,2074.00,4562.09,119.97,96.97,73.97,4085.07
21f6f114-a9c9-4c7f-a834-11513fe49871,Madagascar Centella Travel Kit,GB,2074.00,4447.34,114.43,91.43,68.43,3970.32
21f6f114-a9c9-4c7f-a834-11513fe49871,Madagascar Centella Travel Kit,IE,2074.00,4447.34,114.43,91.43,68.43,3970.32
21f6f114-a9c9-4c7f-a834-11513fe49871,Madagascar Centella Travel Kit,KE,2074.00,4168.74,101.00,78.00,55.00,3691.72
21f6f114-a9c9-4c7f-a834-11513fe49871,Madagascar Centella Travel Kit,MT,2074.00,4791.59,131.03,108.03,85.03,4314.57
21f6f114-a9c9-4c7f-a834-11513fe49871,Madagascar Centella Travel Kit,US,2074.00,4676.84,125.50,102.50,79.50,4199.82
d6d4169f-774b-4dc7-b7b9-d60f55c92b6f,MAKTOP 3D Face Massager Roller| Portable Beauty Tool,AL,229.00,448.84,96.00,73.00,50.00,396.17
d6d4169f-774b-4dc7-b7b9-d60f55c92b6f,MAKTOP 3D Face Massager Roller| Portable Beauty Tool,CH,229.00,448.84,96.00,73.00,50.00,396.17
d6d4169f-774b-4dc7-b7b9-d60f55c92b6f,MAKTOP 3D Face Massager Roller| Portable Beauty Tool,DE,229.00,448.84,96.00,73.00,50.00,396.17
d6d4169f-774b-4dc7-b7b9-d60f55c92b6f,MAKTOP 3D Face Massager Roller| Portable Beauty Tool,FR,229.00,448.84,96.00,73.00,50.00,396.17
d6d4169f-774b-4dc7-b7b9-d60f55c92b6f,MAKTOP 3D Face Massager Roller| Portable Beauty Tool,GB,229.00,448.84,96.00,73.00,50.00,396.17
d6d4169f-774b-4dc7-b7b9-d60f55c92b6f,MAKTOP 3D Face Massager Roller| Portable Beauty Tool,IE,229.00,460.29,101.00,78.00,55.00,407.62
d6d4169f-774b-4dc7-b7b9-d60f55c92b6f,MAKTOP 3D Face Massager Roller| Portable Beauty Tool,KE,229.00,448.84,96.00,73.00,50.00,396.17
d6d4169f-774b-4dc7-b7b9-d60f55c92b6f,MAKTOP 3D Face Massager Roller| Portable Beauty Tool,MT,229.00,448.84,96.00,73.00,50.00,396.17
d6d4169f-774b-4dc7-b7b9-d60f55c92b6f,MAKTOP 3D Face Massager Roller| Portable Beauty Tool,US,229.00,448.84,96.00,73.00,50.00,396.17
1d3d0adb-a0b3-4345-a8c0-2d4033a36c78,Mamaearth Rosemary Hair Growth Oil (100 ml) | With Rosemary & Methi Dana | Reduces Hair Fall & Promotes Hair Growth | For All Hair Types,AL,277.00,542.92,96.00,73.00,50.00,479.21
1d3d0adb-a0b3-4345-a8c0-2d4033a36c78,Mamaearth Rosemary Hair Growth Oil (100 ml) | With Rosemary & Methi Dana | Reduces Hair Fall & Promotes Hair Growth | For All Hair Types,CH,277.00,542.92,96.00,73.00,50.00,479.21
1d3d0adb-a0b3-4345-a8c0-2d4033a36c78,Mamaearth Rosemary Hair Growth Oil (100 ml) | With Rosemary & Methi Dana | Reduces Hair Fall & Promotes Hair Growth | For All Hair Types,DE,277.00,542.92,96.00,73.00,50.00,479.21
1d3d0adb-a0b3-4345-a8c0-2d4033a36c78,Mamaearth Rosemary Hair Growth Oil (100 ml) | With Rosemary & Methi Dana | Reduces Hair Fall & Promotes Hair Growth | For All Hair Types,FR,277.00,542.92,96.00,73.00,50.00,479.21
1d3d0adb-a0b3-4345-a8c0-2d4033a36c78,Mamaearth Rosemary Hair Growth Oil (100 ml) | With Rosemary & Methi Dana | Reduces Hair Fall & Promotes Hair Growth | For All Hair Types,GB,277.00,542.92,96.00,73.00,50.00,479.21
1d3d0adb-a0b3-4345-a8c0-2d4033a36c78,Mamaearth Rosemary Hair Growth Oil (100 ml) | With Rosemary & Methi Dana | Reduces Hair Fall & Promotes Hair Growth | For All Hair Types,IE,277.00,556.77,101.00,78.00,55.00,493.06
1d3d0adb-a0b3-4345-a8c0-2d4033a36c78,Mamaearth Rosemary Hair Growth Oil (100 ml) | With Rosemary & Methi Dana | Reduces Hair Fall & Promotes Hair Growth | For All Hair Types,KE,277.00,542.92,96.00,73.00,50.00,479.21
1d3d0adb-a0b3-4345-a8c0-2d4033a36c78,Mamaearth Rosemary Hair Growth Oil (100 ml) | With Rosemary & Methi Dana | Reduces Hair Fall & Promotes Hair Growth | For All Hair Types,MT,277.00,542.92,96.00,73.00,50.00,479.21
1d3d0adb-a0b3-4345-a8c0-2d4033a36c78,Mamaearth Rosemary Hair Growth Oil (100 ml) | With Rosemary & Methi Dana | Reduces Hair Fall & Promotes Hair Growth | For All Hair Types,US,277.00,542.92,96.00,73.00,50.00,479.21
f84958c0-3112-4ad7-a903-adfa575fc0a3,Mamaearth Ubtan Moisturizing Body Lotion 400ml | With Turmeric & Saffron | 48H Hydration | 7-in-1 Total Care | For Glowing Skin | Non-Greasy Formula,AL,100.00,196.00,96.00,73.00,50.00,173.00
f84958c0-3112-4ad7-a903-adfa575fc0a3,Mamaearth Ubtan Moisturizing Body Lotion 400ml | With Turmeric & Saffron | 48H Hydration | 7-in-1 Total Care | For Glowing Skin | Non-Greasy Formula,CH,100.00,196.00,96.00,73.00,50.00,173.00
f84958c0-3112-4ad7-a903-adfa575fc0a3,Mamaearth Ubtan Moisturizing Body Lotion 400ml | With Turmeric & Saffron | 48H Hydration | 7-in-1 Total Care | For Glowing Skin | Non-Greasy Formula,DE,100.00,196.00,96.00,73.00,50.00,173.00
f84958c0-3112-4ad7-a903-adfa575fc0a3,Mamaearth Ubtan Moisturizing Body Lotion 400ml | With Turmeric & Saffron | 48H Hydration | 7-in-1 Total Care | For Glowing Skin | Non-Greasy Formula,FR,100.00,196.00,96.00,73.00,50.00,173.00
f84958c0-3112-4ad7-a903-adfa575fc0a3,Mamaearth Ubtan Moisturizing Body Lotion 400ml | With Turmeric & Saffron | 48H Hydration | 7-in-1 Total Care | For Glowing Skin | Non-Greasy Formula,GB,100.00,196.00,96.00,73.00,50.00,173.00
f84958c0-3112-4ad7-a903-adfa575fc0a3,Mamaearth Ubtan Moisturizing Body Lotion 400ml | With Turmeric & Saffron | 48H Hydration | 7-in-1 Total Care | For Glowing Skin | Non-Greasy Formula,IE,100.00,201.00,101.00,78.00,55.00,178.00
f84958c0-3112-4ad7-a903-adfa575fc0a3,Mamaearth Ubtan Moisturizing Body Lotion 400ml | With Turmeric & Saffron | 48H Hydration | 7-in-1 Total Care | For Glowing Skin | Non-Greasy Formula,KE,100.00,196.00,96.00,73.00,50.00,173.00
f84958c0-3112-4ad7-a903-adfa575fc0a3,Mamaearth Ubtan Moisturizing Body Lotion 400ml | With Turmeric & Saffron | 48H Hydration | 7-in-1 Total Care | For Glowing Skin | Non-Greasy Formula,MT,100.00,196.00,96.00,73.00,50.00,173.00
f84958c0-3112-4ad7-a903-adfa575fc0a3,Mamaearth Ubtan Moisturizing Body Lotion 400ml | With Turmeric & Saffron | 48H Hydration | 7-in-1 Total Care | For Glowing Skin | Non-Greasy Formula,US,100.00,196.00,96.00,73.00,50.00,173.00
6e1c8c0e-52d7-4f86-bb59-5c0c450149d4,Mamaearth Vitamin C Daily Glow Face Cream with Turmeric | Brightening & Hydrating | For All Skin Types | 35g,AL,107.00,209.72,96.00,73.00,50.00,185.11
6e1c8c0e-52d7-4f86-bb59-5c0c450149d4,Mamaearth Vitamin C Daily Glow Face Cream with Turmeric | Brightening & Hydrating | For All Skin Types | 35g,CH,107.00,209.72,96.00,73.00,50.00,185.11
6e1c8c0e-52d7-4f86-bb59-5c0c450149d4,Mamaearth Vitamin C Daily Glow Face Cream with Turmeric | Brightening & Hydrating | For All Skin Types | 35g,DE,107.00,209.72,96.00,73.00,50.00,185.11
6e1c8c0e-52d7-4f86-bb59-5c0c450149d4,Mamaearth Vitamin C Daily Glow Face Cream with Turmeric | Brightening & Hydrating | For All Skin Types | 35g,FR,107.00,209.72,96.00,73.00,50.00,185.11
6e1c8c0e-52d7-4f86-bb59-5c0c450149d4,Mamaearth Vitamin C Daily Glow Face Cream with Turmeric | Brightening & Hydrating | For All Skin Types | 35g,GB,107.00,209.72,96.00,73.00,50.00,185.11
6e1c8c0e-52d7-4f86-bb59-5c0c450149d4,Mamaearth Vitamin C Daily Glow Face Cream with Turmeric | Brightening & Hydrating | For All Skin Types | 35g,IE,107.00,215.07,101.00,78.00,55.00,190.46
6e1c8c0e-52d7-4f86-bb59-5c0c450149d4,Mamaearth Vitamin C Daily Glow Face Cream with Turmeric | Brightening & Hydrating | For All Skin Types | 35g,KE,107.00,209.72,96.00,73.00,50.00,185.11
6e1c8c0e-52d7-4f86-bb59-5c0c450149d4,Mamaearth Vitamin C Daily Glow Face Cream with Turmeric | Brightening & Hydrating | For All Skin Types | 35g,MT,107.00,209.72,96.00,73.00,50.00,185.11
6e1c8c0e-52d7-4f86-bb59-5c0c450149d4,Mamaearth Vitamin C Daily Glow Face Cream with Turmeric | Brightening & Hydrating | For All Skin Types | 35g,US,107.00,209.72,96.00,73.00,50.00,185.11
5c0bd8cd-0e92-4c90-8daa-7a49a46067b8,Mamaearth Vitamin C Daily Glow Face Cream with Vitamin C & Turmeric | Skin Brightening & Hydrating | 80g,AL,247.00,484.12,96.00,73.00,50.00,427.31
5c0bd8cd-0e92-4c90-8daa-7a49a46067b8,Mamaearth Vitamin C Daily Glow Face Cream with Vitamin C & Turmeric | Skin Brightening & Hydrating | 80g,CH,247.00,484.12,96.00,73.00,50.00,427.31
5c0bd8cd-0e92-4c90-8daa-7a49a46067b8,Mamaearth Vitamin C Daily Glow Face Cream with Vitamin C & Turmeric | Skin Brightening & Hydrating | 80g,DE,247.00,484.12,96.00,73.00,50.00,427.31
5c0bd8cd-0e92-4c90-8daa-7a49a46067b8,Mamaearth Vitamin C Daily Glow Face Cream with Vitamin C & Turmeric | Skin Brightening & Hydrating | 80g,FR,247.00,484.12,96.00,73.00,50.00,427.31
5c0bd8cd-0e92-4c90-8daa-7a49a46067b8,Mamaearth Vitamin C Daily Glow Face Cream with Vitamin C & Turmeric | Skin Brightening & Hydrating | 80g,GB,247.00,484.12,96.00,73.00,50.00,427.31
5c0bd8cd-0e92-4c90-8daa-7a49a46067b8,Mamaearth Vitamin C Daily Glow Face Cream with Vitamin C & Turmeric | Skin Brightening & Hydrating | 80g,IE,247.00,496.47,101.00,78.00,55.00,439.66
5c0bd8cd-0e92-4c90-8daa-7a49a46067b8,Mamaearth Vitamin C Daily Glow Face Cream with Vitamin C & Turmeric | Skin Brightening & Hydrating | 80g,KE,247.00,484.12,96.00,73.00,50.00,427.31
5c0bd8cd-0e92-4c90-8daa-7a49a46067b8,Mamaearth Vitamin C Daily Glow Face Cream with Vitamin C & Turmeric | Skin Brightening & Hydrating | 80g,MT,247.00,484.12,96.00,73.00,50.00,427.31
5c0bd8cd-0e92-4c90-8daa-7a49a46067b8,Mamaearth Vitamin C Daily Glow Face Cream with Vitamin C & Turmeric | Skin Brightening & Hydrating | 80g,US,247.00,484.12,96.00,73.00,50.00,427.31
656c64e3-1a4f-4996-abe5-59960d08c4e6,Mamaearth Vitamin C Daily Glow Sunscreen SPF 50 PA+++ with Turmeric | Sun Protection & Brightening | Lightweight & Non-Greasy | 20g,AL,143.00,280.28,96.00,73.00,50.00,247.39
656c64e3-1a4f-4996-abe5-59960d08c4e6,Mamaearth Vitamin C Daily Glow Sunscreen SPF 50 PA+++ with Turmeric | Sun Protection & Brightening | Lightweight & Non-Greasy | 20g,CH,143.00,280.28,96.00,73.00,50.00,247.39
656c64e3-1a4f-4996-abe5-59960d08c4e6,Mamaearth Vitamin C Daily Glow Sunscreen SPF 50 PA+++ with Turmeric | Sun Protection & Brightening | Lightweight & Non-Greasy | 20g,DE,143.00,280.28,96.00,73.00,50.00,247.39
656c64e3-1a4f-4996-abe5-59960d08c4e6,Mamaearth Vitamin C Daily Glow Sunscreen SPF 50 PA+++ with Turmeric | Sun Protection & Brightening | Lightweight & Non-Greasy | 20g,FR,143.00,280.28,96.00,73.00,50.00,247.39
656c64e3-1a4f-4996-abe5-59960d08c4e6,Mamaearth Vitamin C Daily Glow Sunscreen SPF 50 PA+++ with Turmeric | Sun Protection & Brightening | Lightweight & Non-Greasy | 20g,GB,143.00,280.28,96.00,73.00,50.00,247.39
656c64e3-1a4f-4996-abe5-59960d08c4e6,Mamaearth Vitamin C Daily Glow Sunscreen SPF 50 PA+++ with Turmeric | Sun Protection & Brightening | Lightweight & Non-Greasy | 20g,IE,143.00,287.43,101.00,78.00,55.00,254.54
656c64e3-1a4f-4996-abe5-59960d08c4e6,Mamaearth Vitamin C Daily Glow Sunscreen SPF 50 PA+++ with Turmeric | Sun Protection & Brightening | Lightweight & Non-Greasy | 20g,KE,143.00,280.28,96.00,73.00,50.00,247.39
656c64e3-1a4f-4996-abe5-59960d08c4e6,Mamaearth Vitamin C Daily Glow Sunscreen SPF 50 PA+++ with Turmeric | Sun Protection & Brightening | Lightweight & Non-Greasy | 20g,MT,143.00,280.28,96.00,73.00,50.00,247.39
656c64e3-1a4f-4996-abe5-59960d08c4e6,Mamaearth Vitamin C Daily Glow Sunscreen SPF 50 PA+++ with Turmeric | Sun Protection & Brightening | Lightweight & Non-Greasy | 20g,US,143.00,280.28,96.00,73.00,50.00,247.39
e27d7bef-c09b-4be0-8a53-3e203f79efdb,MARS 12 Shades Dance of Joy Eyeshadow Palette (01-Multicolor) 13.2 gm,AL,319.00,625.24,96.00,73.00,50.00,551.87
e27d7bef-c09b-4be0-8a53-3e203f79efdb,MARS 12 Shades Dance of Joy Eyeshadow Palette (01-Multicolor) 13.2 gm,CH,319.00,625.24,96.00,73.00,50.00,551.87
e27d7bef-c09b-4be0-8a53-3e203f79efdb,MARS 12 Shades Dance of Joy Eyeshadow Palette (01-Multicolor) 13.2 gm,DE,319.00,625.24,96.00,73.00,50.00,551.87
e27d7bef-c09b-4be0-8a53-3e203f79efdb,MARS 12 Shades Dance of Joy Eyeshadow Palette (01-Multicolor) 13.2 gm,FR,319.00,625.24,96.00,73.00,50.00,551.87
e27d7bef-c09b-4be0-8a53-3e203f79efdb,MARS 12 Shades Dance of Joy Eyeshadow Palette (01-Multicolor) 13.2 gm,GB,319.00,625.24,96.00,73.00,50.00,551.87
e27d7bef-c09b-4be0-8a53-3e203f79efdb,MARS 12 Shades Dance of Joy Eyeshadow Palette (01-Multicolor) 13.2 gm,IE,319.00,647.10,102.85,79.85,56.85,573.73
e27d7bef-c09b-4be0-8a53-3e203f79efdb,MARS 12 Shades Dance of Joy Eyeshadow Palette (01-Multicolor) 13.2 gm,KE,319.00,625.24,96.00,73.00,50.00,551.87
e27d7bef-c09b-4be0-8a53-3e203f79efdb,MARS 12 Shades Dance of Joy Eyeshadow Palette (01-Multicolor) 13.2 gm,MT,319.00,625.24,96.00,73.00,50.00,551.87
e27d7bef-c09b-4be0-8a53-3e203f79efdb,MARS 12 Shades Dance of Joy Eyeshadow Palette (01-Multicolor) 13.2 gm,US,319.00,625.24,96.00,73.00,50.00,551.87
857c9df5-f996-4287-a672-7b94fe945944,MARS 3MATTE BOX,AL,399.00,782.04,96.00,73.00,50.00,690.27
857c9df5-f996-4287-a672-7b94fe945944,MARS 3MATTE BOX,CH,399.00,782.04,96.00,73.00,50.00,690.27
857c9df5-f996-4287-a672-7b94fe945944,MARS 3MATTE BOX,DE,399.00,782.04,96.00,73.00,50.00,690.27
857c9df5-f996-4287-a672-7b94fe945944,MARS 3MATTE BOX,FR,399.00,782.04,96.00,73.00,50.00,690.27
857c9df5-f996-4287-a672-7b94fe945944,MARS 3MATTE BOX,GB,399.00,782.04,96.00,73.00,50.00,690.27
857c9df5-f996-4287-a672-7b94fe945944,MARS 3MATTE BOX,IE,399.00,801.99,101.00,78.00,55.00,710.22
857c9df5-f996-4287-a672-7b94fe945944,MARS 3MATTE BOX,KE,399.00,782.04,96.00,73.00,50.00,690.27
857c9df5-f996-4287-a672-7b94fe945944,MARS 3MATTE BOX,MT,399.00,782.04,96.00,73.00,50.00,690.27
857c9df5-f996-4287-a672-7b94fe945944,MARS 3MATTE BOX,US,399.00,782.04,96.00,73.00,50.00,690.27
13e40671-17d5-4bbf-8b3c-f44d1dafba9d,MARS 4 in 1 Eyebrow Powder Cake with Angled Eyebrow Brush and Spoolie | Long Lasting & Waterproof (8 gm),AL,279.00,546.84,96.00,73.00,50.00,482.67
13e40671-17d5-4bbf-8b3c-f44d1dafba9d,MARS 4 in 1 Eyebrow Powder Cake with Angled Eyebrow Brush and Spoolie | Long Lasting & Waterproof (8 gm),CH,279.00,546.84,96.00,73.00,50.00,482.67
13e40671-17d5-4bbf-8b3c-f44d1dafba9d,MARS 4 in 1 Eyebrow Powder Cake with Angled Eyebrow Brush and Spoolie | Long Lasting & Waterproof (8 gm),DE,279.00,546.84,96.00,73.00,50.00,482.67
13e40671-17d5-4bbf-8b3c-f44d1dafba9d,MARS 4 in 1 Eyebrow Powder Cake with Angled Eyebrow Brush and Spoolie | Long Lasting & Waterproof (8 gm),FR,279.00,546.84,96.00,73.00,50.00,482.67
13e40671-17d5-4bbf-8b3c-f44d1dafba9d,MARS 4 in 1 Eyebrow Powder Cake with Angled Eyebrow Brush and Spoolie | Long Lasting & Waterproof (8 gm),GB,279.00,546.84,96.00,73.00,50.00,482.67
13e40671-17d5-4bbf-8b3c-f44d1dafba9d,MARS 4 in 1 Eyebrow Powder Cake with Angled Eyebrow Brush and Spoolie | Long Lasting & Waterproof (8 gm),IE,279.00,565.96,102.85,79.85,56.85,501.79
13e40671-17d5-4bbf-8b3c-f44d1dafba9d,MARS 4 in 1 Eyebrow Powder Cake with Angled Eyebrow Brush and Spoolie | Long Lasting & Waterproof (8 gm),KE,279.00,546.84,96.00,73.00,50.00,482.67
13e40671-17d5-4bbf-8b3c-f44d1dafba9d,MARS 4 in 1 Eyebrow Powder Cake with Angled Eyebrow Brush and Spoolie | Long Lasting & Waterproof (8 gm),MT,279.00,546.84,96.00,73.00,50.00,482.67
13e40671-17d5-4bbf-8b3c-f44d1dafba9d,MARS 4 in 1 Eyebrow Powder Cake with Angled Eyebrow Brush and Spoolie | Long Lasting & Waterproof (8 gm),US,279.00,546.84,96.00,73.00,50.00,482.67
b347abc3-0f36-47f8-9cdf-503c26e2e233,MARS 4-in-1 Travel Brush,IE,655.00,1251.05,91.00,68.00,45.00,1100.40
d0767287-4b3c-474b-8dbd-3de720cb3489,"MARS Aqua Splash Tinted Lip Balm Enriched with Shea Butter, Jojoba Oil, Vitamin-E & Cocoa Extract | Repair Chapped Lips | Non-Sticky, Moisturising & Nourishing (3 gm) (05-GRAPEFRUIT)",AL,199.00,390.04,96.00,73.00,50.00,344.27
d0767287-4b3c-474b-8dbd-3de720cb3489,"MARS Aqua Splash Tinted Lip Balm Enriched with Shea Butter, Jojoba Oil, Vitamin-E & Cocoa Extract | Repair Chapped Lips | Non-Sticky, Moisturising & Nourishing (3 gm) (05-GRAPEFRUIT)",CH,199.00,390.04,96.00,73.00,50.00,344.27
d0767287-4b3c-474b-8dbd-3de720cb3489,"MARS Aqua Splash Tinted Lip Balm Enriched with Shea Butter, Jojoba Oil, Vitamin-E & Cocoa Extract | Repair Chapped Lips | Non-Sticky, Moisturising & Nourishing (3 gm) (05-GRAPEFRUIT)",DE,199.00,390.04,96.00,73.00,50.00,344.27
d0767287-4b3c-474b-8dbd-3de720cb3489,"MARS Aqua Splash Tinted Lip Balm Enriched with Shea Butter, Jojoba Oil, Vitamin-E & Cocoa Extract | Repair Chapped Lips | Non-Sticky, Moisturising & Nourishing (3 gm) (05-GRAPEFRUIT)",FR,199.00,390.04,96.00,73.00,50.00,344.27
d0767287-4b3c-474b-8dbd-3de720cb3489,"MARS Aqua Splash Tinted Lip Balm Enriched with Shea Butter, Jojoba Oil, Vitamin-E & Cocoa Extract | Repair Chapped Lips | Non-Sticky, Moisturising & Nourishing (3 gm) (05-GRAPEFRUIT)",GB,199.00,390.04,96.00,73.00,50.00,344.27
d0767287-4b3c-474b-8dbd-3de720cb3489,"MARS Aqua Splash Tinted Lip Balm Enriched with Shea Butter, Jojoba Oil, Vitamin-E & Cocoa Extract | Repair Chapped Lips | Non-Sticky, Moisturising & Nourishing (3 gm) (05-GRAPEFRUIT)",IE,199.00,399.99,101.00,78.00,55.00,354.22
d0767287-4b3c-474b-8dbd-3de720cb3489,"MARS Aqua Splash Tinted Lip Balm Enriched with Shea Butter, Jojoba Oil, Vitamin-E & Cocoa Extract | Repair Chapped Lips | Non-Sticky, Moisturising & Nourishing (3 gm) (05-GRAPEFRUIT)",KE,199.00,390.04,96.00,73.00,50.00,344.27
d0767287-4b3c-474b-8dbd-3de720cb3489,"MARS Aqua Splash Tinted Lip Balm Enriched with Shea Butter, Jojoba Oil, Vitamin-E & Cocoa Extract | Repair Chapped Lips | Non-Sticky, Moisturising & Nourishing (3 gm) (05-GRAPEFRUIT)",MT,199.00,390.04,96.00,73.00,50.00,344.27
d0767287-4b3c-474b-8dbd-3de720cb3489,"MARS Aqua Splash Tinted Lip Balm Enriched with Shea Butter, Jojoba Oil, Vitamin-E & Cocoa Extract | Repair Chapped Lips | Non-Sticky, Moisturising & Nourishing (3 gm) (05-GRAPEFRUIT)",US,199.00,390.04,96.00,73.00,50.00,344.27
b4965e38-1977-42c4-98fd-f7e41e599ffa,MARS CLICK-STIX GLODD LIP BALM,AL,348.00,682.08,96.00,73.00,50.00,602.04
b4965e38-1977-42c4-98fd-f7e41e599ffa,MARS CLICK-STIX GLODD LIP BALM,CH,348.00,682.08,96.00,73.00,50.00,602.04
b4965e38-1977-42c4-98fd-f7e41e599ffa,MARS CLICK-STIX GLODD LIP BALM,DE,348.00,682.08,96.00,73.00,50.00,602.04
b4965e38-1977-42c4-98fd-f7e41e599ffa,MARS CLICK-STIX GLODD LIP BALM,FR,348.00,682.08,96.00,73.00,50.00,602.04
b4965e38-1977-42c4-98fd-f7e41e599ffa,MARS CLICK-STIX GLODD LIP BALM,GB,348.00,682.08,96.00,73.00,50.00,602.04
b4965e38-1977-42c4-98fd-f7e41e599ffa,MARS CLICK-STIX GLODD LIP BALM,IE,348.00,699.48,101.00,78.00,55.00,619.44
b4965e38-1977-42c4-98fd-f7e41e599ffa,MARS CLICK-STIX GLODD LIP BALM,KE,348.00,682.08,96.00,73.00,50.00,602.04
b4965e38-1977-42c4-98fd-f7e41e599ffa,MARS CLICK-STIX GLODD LIP BALM,MT,348.00,682.08,96.00,73.00,50.00,602.04
b4965e38-1977-42c4-98fd-f7e41e599ffa,MARS CLICK-STIX GLODD LIP BALM,US,348.00,682.08,96.00,73.00,50.00,602.04
42f7ed3b-eefb-4507-9f8d-2ef2c4ef1658,MARS Colorbum Liquid Matte Lipstick for Women | Smudge Free | Water Proof & Long-lasting (5 ml) (01-Crimson Chennai),AL,239.00,468.44,96.00,73.00,50.00,413.47
42f7ed3b-eefb-4507-9f8d-2ef2c4ef1658,MARS Colorbum Liquid Matte Lipstick for Women | Smudge Free | Water Proof & Long-lasting (5 ml) (01-Crimson Chennai),CH,239.00,468.44,96.00,73.00,50.00,413.47
42f7ed3b-eefb-4507-9f8d-2ef2c4ef1658,MARS Colorbum Liquid Matte Lipstick for Women | Smudge Free | Water Proof & Long-lasting (5 ml) (01-Crimson Chennai),DE,239.00,468.44,96.00,73.00,50.00,413.47
42f7ed3b-eefb-4507-9f8d-2ef2c4ef1658,MARS Colorbum Liquid Matte Lipstick for Women | Smudge Free | Water Proof & Long-lasting (5 ml) (01-Crimson Chennai),FR,239.00,468.44,96.00,73.00,50.00,413.47
42f7ed3b-eefb-4507-9f8d-2ef2c4ef1658,MARS Colorbum Liquid Matte Lipstick for Women | Smudge Free | Water Proof & Long-lasting (5 ml) (01-Crimson Chennai),GB,239.00,468.44,96.00,73.00,50.00,413.47
42f7ed3b-eefb-4507-9f8d-2ef2c4ef1658,MARS Colorbum Liquid Matte Lipstick for Women | Smudge Free | Water Proof & Long-lasting (5 ml) (01-Crimson Chennai),IE,239.00,480.39,101.00,78.00,55.00,425.42
42f7ed3b-eefb-4507-9f8d-2ef2c4ef1658,MARS Colorbum Liquid Matte Lipstick for Women | Smudge Free | Water Proof & Long-lasting (5 ml) (01-Crimson Chennai),KE,239.00,468.44,96.00,73.00,50.00,413.47
42f7ed3b-eefb-4507-9f8d-2ef2c4ef1658,MARS Colorbum Liquid Matte Lipstick for Women | Smudge Free | Water Proof & Long-lasting (5 ml) (01-Crimson Chennai),MT,239.00,468.44,96.00,73.00,50.00,413.47
42f7ed3b-eefb-4507-9f8d-2ef2c4ef1658,MARS Colorbum Liquid Matte Lipstick for Women | Smudge Free | Water Proof & Long-lasting (5 ml) (01-Crimson Chennai),US,239.00,468.44,96.00,73.00,50.00,413.47
c230d083-1a1d-4654-92e3-225af9ed5ff6,MARS Cover Rangers Creamy Concealer and Corrector Palette,IE,595.00,1136.45,91.00,68.00,45.00,999.60
abd179ae-c0e0-40e5-9f71-541fbe6491a0,MARS Cover Rangers Creamy Concealer and Corrector Palette | Include Lip & Cheek Tint | Easy to Blend & Lightweight Concealer for Face Makeup (24 gm) (03-MULTICOLOR),IE,540.00,1031.40,91.00,68.00,45.00,907.20
6d7cc112-64b6-435c-81dc-c511d29f4411,MARS Double Trouble 2-in-1 Mascara.,AL,295.00,578.20,96.00,73.00,50.00,510.35
6d7cc112-64b6-435c-81dc-c511d29f4411,MARS Double Trouble 2-in-1 Mascara.,CH,295.00,578.20,96.00,73.00,50.00,510.35
6d7cc112-64b6-435c-81dc-c511d29f4411,MARS Double Trouble 2-in-1 Mascara.,DE,295.00,578.20,96.00,73.00,50.00,510.35
6d7cc112-64b6-435c-81dc-c511d29f4411,MARS Double Trouble 2-in-1 Mascara.,FR,295.00,578.20,96.00,73.00,50.00,510.35
6d7cc112-64b6-435c-81dc-c511d29f4411,MARS Double Trouble 2-in-1 Mascara.,GB,295.00,578.20,96.00,73.00,50.00,510.35
6d7cc112-64b6-435c-81dc-c511d29f4411,MARS Double Trouble 2-in-1 Mascara.,IE,295.00,592.95,101.00,78.00,55.00,525.10
6d7cc112-64b6-435c-81dc-c511d29f4411,MARS Double Trouble 2-in-1 Mascara.,KE,295.00,578.20,96.00,73.00,50.00,510.35
6d7cc112-64b6-435c-81dc-c511d29f4411,MARS Double Trouble 2-in-1 Mascara.,MT,295.00,578.20,96.00,73.00,50.00,510.35
6d7cc112-64b6-435c-81dc-c511d29f4411,MARS Double Trouble 2-in-1 Mascara.,US,295.00,578.20,96.00,73.00,50.00,510.35
b367a136-9024-4c1d-b6f2-4016b37abc0c,MARS DRIP LIP MIST,AL,325.00,637.00,96.00,73.00,50.00,562.25
b367a136-9024-4c1d-b6f2-4016b37abc0c,MARS DRIP LIP MIST,CH,325.00,637.00,96.00,73.00,50.00,562.25
b367a136-9024-4c1d-b6f2-4016b37abc0c,MARS DRIP LIP MIST,DE,325.00,637.00,96.00,73.00,50.00,562.25
b367a136-9024-4c1d-b6f2-4016b37abc0c,MARS DRIP LIP MIST,FR,325.00,637.00,96.00,73.00,50.00,562.25
b367a136-9024-4c1d-b6f2-4016b37abc0c,MARS DRIP LIP MIST,GB,325.00,637.00,96.00,73.00,50.00,562.25
b367a136-9024-4c1d-b6f2-4016b37abc0c,MARS DRIP LIP MIST,IE,325.00,653.25,101.00,78.00,55.00,578.50
b367a136-9024-4c1d-b6f2-4016b37abc0c,MARS DRIP LIP MIST,KE,325.00,637.00,96.00,73.00,50.00,562.25
b367a136-9024-4c1d-b6f2-4016b37abc0c,MARS DRIP LIP MIST,MT,325.00,637.00,96.00,73.00,50.00,562.25
b367a136-9024-4c1d-b6f2-4016b37abc0c,MARS DRIP LIP MIST,US,325.00,637.00,96.00,73.00,50.00,562.25
23d25620-b7ba-4fee-ba95-1bf448d4c896,MARS Infinity Lip Palette,AL,340.00,666.40,96.00,73.00,50.00,588.20
23d25620-b7ba-4fee-ba95-1bf448d4c896,MARS Infinity Lip Palette,CH,340.00,666.40,96.00,73.00,50.00,588.20
23d25620-b7ba-4fee-ba95-1bf448d4c896,MARS Infinity Lip Palette,DE,340.00,666.40,96.00,73.00,50.00,588.20
23d25620-b7ba-4fee-ba95-1bf448d4c896,MARS Infinity Lip Palette,FR,340.00,666.40,96.00,73.00,50.00,588.20
23d25620-b7ba-4fee-ba95-1bf448d4c896,MARS Infinity Lip Palette,GB,340.00,666.40,96.00,73.00,50.00,588.20
23d25620-b7ba-4fee-ba95-1bf448d4c896,MARS Infinity Lip Palette,IE,340.00,683.40,101.00,78.00,55.00,605.20
23d25620-b7ba-4fee-ba95-1bf448d4c896,MARS Infinity Lip Palette,KE,340.00,666.40,96.00,73.00,50.00,588.20
23d25620-b7ba-4fee-ba95-1bf448d4c896,MARS Infinity Lip Palette,MT,340.00,666.40,96.00,73.00,50.00,588.20
23d25620-b7ba-4fee-ba95-1bf448d4c896,MARS Infinity Lip Palette,US,340.00,666.40,96.00,73.00,50.00,588.20
46d5a542-a499-4df9-bef3-07d039057faa,MARS Kohl of Fame Up to 12 Hours Stay Kajal | Smudgeproof & Waterproof | Long Lasting (0.35 gm) (Black),AL,149.00,292.04,96.00,73.00,50.00,257.77
46d5a542-a499-4df9-bef3-07d039057faa,MARS Kohl of Fame Up to 12 Hours Stay Kajal | Smudgeproof & Waterproof | Long Lasting (0.35 gm) (Black),CH,149.00,292.04,96.00,73.00,50.00,257.77
46d5a542-a499-4df9-bef3-07d039057faa,MARS Kohl of Fame Up to 12 Hours Stay Kajal | Smudgeproof & Waterproof | Long Lasting (0.35 gm) (Black),DE,149.00,292.04,96.00,73.00,50.00,257.77
46d5a542-a499-4df9-bef3-07d039057faa,MARS Kohl of Fame Up to 12 Hours Stay Kajal | Smudgeproof & Waterproof | Long Lasting (0.35 gm) (Black),FR,149.00,292.04,96.00,73.00,50.00,257.77
46d5a542-a499-4df9-bef3-07d039057faa,MARS Kohl of Fame Up to 12 Hours Stay Kajal | Smudgeproof & Waterproof | Long Lasting (0.35 gm) (Black),GB,149.00,292.04,96.00,73.00,50.00,257.77
46d5a542-a499-4df9-bef3-07d039057faa,MARS Kohl of Fame Up to 12 Hours Stay Kajal | Smudgeproof & Waterproof | Long Lasting (0.35 gm) (Black),IE,149.00,302.25,102.85,79.85,56.85,267.98
46d5a542-a499-4df9-bef3-07d039057faa,MARS Kohl of Fame Up to 12 Hours Stay Kajal | Smudgeproof & Waterproof | Long Lasting (0.35 gm) (Black),KE,149.00,292.04,96.00,73.00,50.00,257.77
46d5a542-a499-4df9-bef3-07d039057faa,MARS Kohl of Fame Up to 12 Hours Stay Kajal | Smudgeproof & Waterproof | Long Lasting (0.35 gm) (Black),MT,149.00,292.04,96.00,73.00,50.00,257.77
46d5a542-a499-4df9-bef3-07d039057faa,MARS Kohl of Fame Up to 12 Hours Stay Kajal | Smudgeproof & Waterproof | Long Lasting (0.35 gm) (Black),US,149.00,292.04,96.00,73.00,50.00,257.77
ea7649ce-3daa-4442-bf09-8de82fab894b,"MARS Lip Balm for Men & Women | Non-Sticky, Moisturising & Nourishing | Enriched with Vitamin-E, Jojoba Oil, Shea Butter and Hyaluronic Acid (3.2 gm) (STRAWBERRY)",AL,159.00,311.64,96.00,73.00,50.00,275.07
ea7649ce-3daa-4442-bf09-8de82fab894b,"MARS Lip Balm for Men & Women | Non-Sticky, Moisturising & Nourishing | Enriched with Vitamin-E, Jojoba Oil, Shea Butter and Hyaluronic Acid (3.2 gm) (STRAWBERRY)",CH,159.00,311.64,96.00,73.00,50.00,275.07
ea7649ce-3daa-4442-bf09-8de82fab894b,"MARS Lip Balm for Men & Women | Non-Sticky, Moisturising & Nourishing | Enriched with Vitamin-E, Jojoba Oil, Shea Butter and Hyaluronic Acid (3.2 gm) (STRAWBERRY)",DE,159.00,311.64,96.00,73.00,50.00,275.07
ea7649ce-3daa-4442-bf09-8de82fab894b,"MARS Lip Balm for Men & Women | Non-Sticky, Moisturising & Nourishing | Enriched with Vitamin-E, Jojoba Oil, Shea Butter and Hyaluronic Acid (3.2 gm) (STRAWBERRY)",FR,159.00,311.64,96.00,73.00,50.00,275.07
ea7649ce-3daa-4442-bf09-8de82fab894b,"MARS Lip Balm for Men & Women | Non-Sticky, Moisturising & Nourishing | Enriched with Vitamin-E, Jojoba Oil, Shea Butter and Hyaluronic Acid (3.2 gm) (STRAWBERRY)",GB,159.00,311.64,96.00,73.00,50.00,275.07
ea7649ce-3daa-4442-bf09-8de82fab894b,"MARS Lip Balm for Men & Women | Non-Sticky, Moisturising & Nourishing | Enriched with Vitamin-E, Jojoba Oil, Shea Butter and Hyaluronic Acid (3.2 gm) (STRAWBERRY)",IE,159.00,319.59,101.00,78.00,55.00,283.02
ea7649ce-3daa-4442-bf09-8de82fab894b,"MARS Lip Balm for Men & Women | Non-Sticky, Moisturising & Nourishing | Enriched with Vitamin-E, Jojoba Oil, Shea Butter and Hyaluronic Acid (3.2 gm) (STRAWBERRY)",KE,159.00,311.64,96.00,73.00,50.00,275.07
ea7649ce-3daa-4442-bf09-8de82fab894b,"MARS Lip Balm for Men & Women | Non-Sticky, Moisturising & Nourishing | Enriched with Vitamin-E, Jojoba Oil, Shea Butter and Hyaluronic Acid (3.2 gm) (STRAWBERRY)",MT,159.00,311.64,96.00,73.00,50.00,275.07
ea7649ce-3daa-4442-bf09-8de82fab894b,"MARS Lip Balm for Men & Women | Non-Sticky, Moisturising & Nourishing | Enriched with Vitamin-E, Jojoba Oil, Shea Butter and Hyaluronic Acid (3.2 gm) (STRAWBERRY)",US,159.00,311.64,96.00,73.00,50.00,275.07
60243972-f6a7-45fd-b9bd-f5ae7bfcbfa1,MARS Lippy Top Hydrating Lip Gel,AL,190.00,372.40,96.00,73.00,50.00,328.70
60243972-f6a7-45fd-b9bd-f5ae7bfcbfa1,MARS Lippy Top Hydrating Lip Gel,CH,190.00,372.40,96.00,73.00,50.00,328.70
60243972-f6a7-45fd-b9bd-f5ae7bfcbfa1,MARS Lippy Top Hydrating Lip Gel,DE,190.00,372.40,96.00,73.00,50.00,328.70
60243972-f6a7-45fd-b9bd-f5ae7bfcbfa1,MARS Lippy Top Hydrating Lip Gel,FR,190.00,372.40,96.00,73.00,50.00,328.70
60243972-f6a7-45fd-b9bd-f5ae7bfcbfa1,MARS Lippy Top Hydrating Lip Gel,GB,190.00,372.40,96.00,73.00,50.00,328.70
60243972-f6a7-45fd-b9bd-f5ae7bfcbfa1,MARS Lippy Top Hydrating Lip Gel,IE,190.00,381.90,101.00,78.00,55.00,338.20
60243972-f6a7-45fd-b9bd-f5ae7bfcbfa1,MARS Lippy Top Hydrating Lip Gel,KE,190.00,372.40,96.00,73.00,50.00,328.70
60243972-f6a7-45fd-b9bd-f5ae7bfcbfa1,MARS Lippy Top Hydrating Lip Gel,MT,190.00,372.40,96.00,73.00,50.00,328.70
60243972-f6a7-45fd-b9bd-f5ae7bfcbfa1,MARS Lippy Top Hydrating Lip Gel,US,190.00,372.40,96.00,73.00,50.00,328.70
88fa196b-3c35-4dad-85a0-cd46d6f0dce9,MARS Love Track Velvet Lip Tint,AL,280.00,548.80,96.00,73.00,50.00,484.40
88fa196b-3c35-4dad-85a0-cd46d6f0dce9,MARS Love Track Velvet Lip Tint,CH,280.00,548.80,96.00,73.00,50.00,484.40
88fa196b-3c35-4dad-85a0-cd46d6f0dce9,MARS Love Track Velvet Lip Tint,DE,280.00,548.80,96.00,73.00,50.00,484.40
88fa196b-3c35-4dad-85a0-cd46d6f0dce9,MARS Love Track Velvet Lip Tint,FR,280.00,548.80,96.00,73.00,50.00,484.40
88fa196b-3c35-4dad-85a0-cd46d6f0dce9,MARS Love Track Velvet Lip Tint,GB,280.00,548.80,96.00,73.00,50.00,484.40
88fa196b-3c35-4dad-85a0-cd46d6f0dce9,MARS Love Track Velvet Lip Tint,IE,280.00,562.80,101.00,78.00,55.00,498.40
88fa196b-3c35-4dad-85a0-cd46d6f0dce9,MARS Love Track Velvet Lip Tint,KE,280.00,548.80,96.00,73.00,50.00,484.40
88fa196b-3c35-4dad-85a0-cd46d6f0dce9,MARS Love Track Velvet Lip Tint,MT,280.00,548.80,96.00,73.00,50.00,484.40
88fa196b-3c35-4dad-85a0-cd46d6f0dce9,MARS Love Track Velvet Lip Tint,US,280.00,548.80,96.00,73.00,50.00,484.40
620a619b-71a6-4f0d-9b22-3b81dcbff84d,MARS Matte Muse Mousse Lipstick (3 ml) (01-LEADING LADY) with Doe-Foot Applicator | Highly MARS Creamy Matte Long Lasting Lipstick for Women | Creamy Lipstick | Single Swipe Application | Smooth & Light Weight (3.2 gm) (09-Bollywood Surprise),AL,279.00,546.84,96.00,73.00,50.00,482.67
620a619b-71a6-4f0d-9b22-3b81dcbff84d,MARS Matte Muse Mousse Lipstick (3 ml) (01-LEADING LADY) with Doe-Foot Applicator | Highly MARS Creamy Matte Long Lasting Lipstick for Women | Creamy Lipstick | Single Swipe Application | Smooth & Light Weight (3.2 gm) (09-Bollywood Surprise),CH,279.00,546.84,96.00,73.00,50.00,482.67
620a619b-71a6-4f0d-9b22-3b81dcbff84d,MARS Matte Muse Mousse Lipstick (3 ml) (01-LEADING LADY) with Doe-Foot Applicator | Highly MARS Creamy Matte Long Lasting Lipstick for Women | Creamy Lipstick | Single Swipe Application | Smooth & Light Weight (3.2 gm) (09-Bollywood Surprise),DE,279.00,546.84,96.00,73.00,50.00,482.67
620a619b-71a6-4f0d-9b22-3b81dcbff84d,MARS Matte Muse Mousse Lipstick (3 ml) (01-LEADING LADY) with Doe-Foot Applicator | Highly MARS Creamy Matte Long Lasting Lipstick for Women | Creamy Lipstick | Single Swipe Application | Smooth & Light Weight (3.2 gm) (09-Bollywood Surprise),FR,279.00,546.84,96.00,73.00,50.00,482.67
620a619b-71a6-4f0d-9b22-3b81dcbff84d,MARS Matte Muse Mousse Lipstick (3 ml) (01-LEADING LADY) with Doe-Foot Applicator | Highly MARS Creamy Matte Long Lasting Lipstick for Women | Creamy Lipstick | Single Swipe Application | Smooth & Light Weight (3.2 gm) (09-Bollywood Surprise),GB,279.00,546.84,96.00,73.00,50.00,482.67
620a619b-71a6-4f0d-9b22-3b81dcbff84d,MARS Matte Muse Mousse Lipstick (3 ml) (01-LEADING LADY) with Doe-Foot Applicator | Highly MARS Creamy Matte Long Lasting Lipstick for Women | Creamy Lipstick | Single Swipe Application | Smooth & Light Weight (3.2 gm) (09-Bollywood Surprise),IE,279.00,565.96,102.85,79.85,56.85,501.79
620a619b-71a6-4f0d-9b22-3b81dcbff84d,MARS Matte Muse Mousse Lipstick (3 ml) (01-LEADING LADY) with Doe-Foot Applicator | Highly MARS Creamy Matte Long Lasting Lipstick for Women | Creamy Lipstick | Single Swipe Application | Smooth & Light Weight (3.2 gm) (09-Bollywood Surprise),KE,279.00,546.84,96.00,73.00,50.00,482.67
620a619b-71a6-4f0d-9b22-3b81dcbff84d,MARS Matte Muse Mousse Lipstick (3 ml) (01-LEADING LADY) with Doe-Foot Applicator | Highly MARS Creamy Matte Long Lasting Lipstick for Women | Creamy Lipstick | Single Swipe Application | Smooth & Light Weight (3.2 gm) (09-Bollywood Surprise),MT,279.00,546.84,96.00,73.00,50.00,482.67
620a619b-71a6-4f0d-9b22-3b81dcbff84d,MARS Matte Muse Mousse Lipstick (3 ml) (01-LEADING LADY) with Doe-Foot Applicator | Highly MARS Creamy Matte Long Lasting Lipstick for Women | Creamy Lipstick | Single Swipe Application | Smooth & Light Weight (3.2 gm) (09-Bollywood Surprise),US,279.00,546.84,96.00,73.00,50.00,482.67
97997d32-97b4-42a7-86ba-a5a588531cb1,Mars matte stick,AL,145.00,284.20,96.00,73.00,50.00,250.85
97997d32-97b4-42a7-86ba-a5a588531cb1,Mars matte stick,CH,145.00,284.20,96.00,73.00,50.00,250.85
97997d32-97b4-42a7-86ba-a5a588531cb1,Mars matte stick,DE,145.00,284.20,96.00,73.00,50.00,250.85
97997d32-97b4-42a7-86ba-a5a588531cb1,Mars matte stick,FR,145.00,284.20,96.00,73.00,50.00,250.85
97997d32-97b4-42a7-86ba-a5a588531cb1,Mars matte stick,GB,145.00,284.20,96.00,73.00,50.00,250.85
97997d32-97b4-42a7-86ba-a5a588531cb1,Mars matte stick,IE,145.00,291.45,101.00,78.00,55.00,258.10
97997d32-97b4-42a7-86ba-a5a588531cb1,Mars matte stick,KE,145.00,284.20,96.00,73.00,50.00,250.85
97997d32-97b4-42a7-86ba-a5a588531cb1,Mars matte stick,MT,145.00,284.20,96.00,73.00,50.00,250.85
97997d32-97b4-42a7-86ba-a5a588531cb1,Mars matte stick,US,145.00,284.20,96.00,73.00,50.00,250.85
8ebbd592-328d-4258-aee5-752ff28bca58,MARS Matte Super Stay Lipstick | Up to 12 Hours Long Lasting | Smudge Proof and Waterproof Lipstick for Women (2.6 gm) (03-SPIRIT),AL,239.00,468.44,96.00,73.00,50.00,413.47
8ebbd592-328d-4258-aee5-752ff28bca58,MARS Matte Super Stay Lipstick | Up to 12 Hours Long Lasting | Smudge Proof and Waterproof Lipstick for Women (2.6 gm) (03-SPIRIT),CH,239.00,468.44,96.00,73.00,50.00,413.47
8ebbd592-328d-4258-aee5-752ff28bca58,MARS Matte Super Stay Lipstick | Up to 12 Hours Long Lasting | Smudge Proof and Waterproof Lipstick for Women (2.6 gm) (03-SPIRIT),DE,239.00,468.44,96.00,73.00,50.00,413.47
8ebbd592-328d-4258-aee5-752ff28bca58,MARS Matte Super Stay Lipstick | Up to 12 Hours Long Lasting | Smudge Proof and Waterproof Lipstick for Women (2.6 gm) (03-SPIRIT),FR,239.00,468.44,96.00,73.00,50.00,413.47
8ebbd592-328d-4258-aee5-752ff28bca58,MARS Matte Super Stay Lipstick | Up to 12 Hours Long Lasting | Smudge Proof and Waterproof Lipstick for Women (2.6 gm) (03-SPIRIT),GB,239.00,468.44,96.00,73.00,50.00,413.47
8ebbd592-328d-4258-aee5-752ff28bca58,MARS Matte Super Stay Lipstick | Up to 12 Hours Long Lasting | Smudge Proof and Waterproof Lipstick for Women (2.6 gm) (03-SPIRIT),IE,239.00,484.81,102.85,79.85,56.85,429.84
8ebbd592-328d-4258-aee5-752ff28bca58,MARS Matte Super Stay Lipstick | Up to 12 Hours Long Lasting | Smudge Proof and Waterproof Lipstick for Women (2.6 gm) (03-SPIRIT),KE,239.00,468.44,96.00,73.00,50.00,413.47
8ebbd592-328d-4258-aee5-752ff28bca58,MARS Matte Super Stay Lipstick | Up to 12 Hours Long Lasting | Smudge Proof and Waterproof Lipstick for Women (2.6 gm) (03-SPIRIT),MT,239.00,468.44,96.00,73.00,50.00,413.47
8ebbd592-328d-4258-aee5-752ff28bca58,MARS Matte Super Stay Lipstick | Up to 12 Hours Long Lasting | Smudge Proof and Waterproof Lipstick for Women (2.6 gm) (03-SPIRIT),US,239.00,468.44,96.00,73.00,50.00,413.47
f67cc826-db6f-401e-8e90-76100ba4fb4a,MARS Mesmereyes 16 Color Eyeshadow Palette,AL,340.00,666.40,96.00,73.00,50.00,588.20
f67cc826-db6f-401e-8e90-76100ba4fb4a,MARS Mesmereyes 16 Color Eyeshadow Palette,CH,340.00,666.40,96.00,73.00,50.00,588.20
f67cc826-db6f-401e-8e90-76100ba4fb4a,MARS Mesmereyes 16 Color Eyeshadow Palette,DE,340.00,666.40,96.00,73.00,50.00,588.20
f67cc826-db6f-401e-8e90-76100ba4fb4a,MARS Mesmereyes 16 Color Eyeshadow Palette,FR,340.00,666.40,96.00,73.00,50.00,588.20
f67cc826-db6f-401e-8e90-76100ba4fb4a,MARS Mesmereyes 16 Color Eyeshadow Palette,GB,340.00,666.40,96.00,73.00,50.00,588.20
f67cc826-db6f-401e-8e90-76100ba4fb4a,MARS Mesmereyes 16 Color Eyeshadow Palette,IE,340.00,683.40,101.00,78.00,55.00,605.20
f67cc826-db6f-401e-8e90-76100ba4fb4a,MARS Mesmereyes 16 Color Eyeshadow Palette,KE,340.00,666.40,96.00,73.00,50.00,588.20
f67cc826-db6f-401e-8e90-76100ba4fb4a,MARS Mesmereyes 16 Color Eyeshadow Palette,MT,340.00,666.40,96.00,73.00,50.00,588.20
f67cc826-db6f-401e-8e90-76100ba4fb4a,MARS Mesmereyes 16 Color Eyeshadow Palette,US,340.00,666.40,96.00,73.00,50.00,588.20
66fb0223-26e7-48ce-a921-6d53a3abaf23,MARS Micro Precision Brow Pencil with spoolie | Retractable & Easy Glide | Long Lasting & Natural finish (0.4 gm) (Black),AL,199.00,390.04,96.00,73.00,50.00,344.27
66fb0223-26e7-48ce-a921-6d53a3abaf23,MARS Micro Precision Brow Pencil with spoolie | Retractable & Easy Glide | Long Lasting & Natural finish (0.4 gm) (Black),CH,199.00,390.04,96.00,73.00,50.00,344.27
66fb0223-26e7-48ce-a921-6d53a3abaf23,MARS Micro Precision Brow Pencil with spoolie | Retractable & Easy Glide | Long Lasting & Natural finish (0.4 gm) (Black),DE,199.00,390.04,96.00,73.00,50.00,344.27
66fb0223-26e7-48ce-a921-6d53a3abaf23,MARS Micro Precision Brow Pencil with spoolie | Retractable & Easy Glide | Long Lasting & Natural finish (0.4 gm) (Black),FR,199.00,390.04,96.00,73.00,50.00,344.27
66fb0223-26e7-48ce-a921-6d53a3abaf23,MARS Micro Precision Brow Pencil with spoolie | Retractable & Easy Glide | Long Lasting & Natural finish (0.4 gm) (Black),GB,199.00,390.04,96.00,73.00,50.00,344.27
66fb0223-26e7-48ce-a921-6d53a3abaf23,MARS Micro Precision Brow Pencil with spoolie | Retractable & Easy Glide | Long Lasting & Natural finish (0.4 gm) (Black),IE,199.00,403.67,102.85,79.85,56.85,357.90
66fb0223-26e7-48ce-a921-6d53a3abaf23,MARS Micro Precision Brow Pencil with spoolie | Retractable & Easy Glide | Long Lasting & Natural finish (0.4 gm) (Black),KE,199.00,390.04,96.00,73.00,50.00,344.27
66fb0223-26e7-48ce-a921-6d53a3abaf23,MARS Micro Precision Brow Pencil with spoolie | Retractable & Easy Glide | Long Lasting & Natural finish (0.4 gm) (Black),MT,199.00,390.04,96.00,73.00,50.00,344.27
66fb0223-26e7-48ce-a921-6d53a3abaf23,MARS Micro Precision Brow Pencil with spoolie | Retractable & Easy Glide | Long Lasting & Natural finish (0.4 gm) (Black),US,199.00,390.04,96.00,73.00,50.00,344.27
f8d51eb7-4b5e-47de-88c3-a2edf724a302,MARS OH Brow Eyebrow Pencil | Micro Precision Retractable with a Spoolie | Highly Pigmented | Smudge Proof & Water Resistance | Long-Lasting | Lightweight Eyebrow Pencil (0.1 gm) (Dark Brown),AL,159.00,311.64,96.00,73.00,50.00,275.07
f8d51eb7-4b5e-47de-88c3-a2edf724a302,MARS OH Brow Eyebrow Pencil | Micro Precision Retractable with a Spoolie | Highly Pigmented | Smudge Proof & Water Resistance | Long-Lasting | Lightweight Eyebrow Pencil (0.1 gm) (Dark Brown),CH,159.00,311.64,96.00,73.00,50.00,275.07
f8d51eb7-4b5e-47de-88c3-a2edf724a302,MARS OH Brow Eyebrow Pencil | Micro Precision Retractable with a Spoolie | Highly Pigmented | Smudge Proof & Water Resistance | Long-Lasting | Lightweight Eyebrow Pencil (0.1 gm) (Dark Brown),DE,159.00,311.64,96.00,73.00,50.00,275.07
f8d51eb7-4b5e-47de-88c3-a2edf724a302,MARS OH Brow Eyebrow Pencil | Micro Precision Retractable with a Spoolie | Highly Pigmented | Smudge Proof & Water Resistance | Long-Lasting | Lightweight Eyebrow Pencil (0.1 gm) (Dark Brown),FR,159.00,311.64,96.00,73.00,50.00,275.07
f8d51eb7-4b5e-47de-88c3-a2edf724a302,MARS OH Brow Eyebrow Pencil | Micro Precision Retractable with a Spoolie | Highly Pigmented | Smudge Proof & Water Resistance | Long-Lasting | Lightweight Eyebrow Pencil (0.1 gm) (Dark Brown),GB,159.00,311.64,96.00,73.00,50.00,275.07
f8d51eb7-4b5e-47de-88c3-a2edf724a302,MARS OH Brow Eyebrow Pencil | Micro Precision Retractable with a Spoolie | Highly Pigmented | Smudge Proof & Water Resistance | Long-Lasting | Lightweight Eyebrow Pencil (0.1 gm) (Dark Brown),IE,159.00,322.53,102.85,79.85,56.85,285.96
f8d51eb7-4b5e-47de-88c3-a2edf724a302,MARS OH Brow Eyebrow Pencil | Micro Precision Retractable with a Spoolie | Highly Pigmented | Smudge Proof & Water Resistance | Long-Lasting | Lightweight Eyebrow Pencil (0.1 gm) (Dark Brown),KE,159.00,311.64,96.00,73.00,50.00,275.07
f8d51eb7-4b5e-47de-88c3-a2edf724a302,MARS OH Brow Eyebrow Pencil | Micro Precision Retractable with a Spoolie | Highly Pigmented | Smudge Proof & Water Resistance | Long-Lasting | Lightweight Eyebrow Pencil (0.1 gm) (Dark Brown),MT,159.00,311.64,96.00,73.00,50.00,275.07
f8d51eb7-4b5e-47de-88c3-a2edf724a302,MARS OH Brow Eyebrow Pencil | Micro Precision Retractable with a Spoolie | Highly Pigmented | Smudge Proof & Water Resistance | Long-Lasting | Lightweight Eyebrow Pencil (0.1 gm) (Dark Brown),US,159.00,311.64,96.00,73.00,50.00,275.07
195186b0-7801-462e-8e62-378b1dcd1877,MARS OILBLOTTER GEL COMPACT,AL,350.00,686.00,96.00,73.00,50.00,605.50
195186b0-7801-462e-8e62-378b1dcd1877,MARS OILBLOTTER GEL COMPACT,CH,350.00,686.00,96.00,73.00,50.00,605.50
195186b0-7801-462e-8e62-378b1dcd1877,MARS OILBLOTTER GEL COMPACT,DE,350.00,686.00,96.00,73.00,50.00,605.50
195186b0-7801-462e-8e62-378b1dcd1877,MARS OILBLOTTER GEL COMPACT,FR,350.00,686.00,96.00,73.00,50.00,605.50
195186b0-7801-462e-8e62-378b1dcd1877,MARS OILBLOTTER GEL COMPACT,GB,350.00,686.00,96.00,73.00,50.00,605.50
195186b0-7801-462e-8e62-378b1dcd1877,MARS OILBLOTTER GEL COMPACT,IE,350.00,703.50,101.00,78.00,55.00,623.00
195186b0-7801-462e-8e62-378b1dcd1877,MARS OILBLOTTER GEL COMPACT,KE,350.00,686.00,96.00,73.00,50.00,605.50
195186b0-7801-462e-8e62-378b1dcd1877,MARS OILBLOTTER GEL COMPACT,MT,350.00,686.00,96.00,73.00,50.00,605.50
195186b0-7801-462e-8e62-378b1dcd1877,MARS OILBLOTTER GEL COMPACT,US,350.00,686.00,96.00,73.00,50.00,605.50
0e7e1f65-29ab-4c58-ac78-b35479ea22dc,MARS Plush Velvet Lipstick,AL,229.00,448.84,96.00,73.00,50.00,396.17
0e7e1f65-29ab-4c58-ac78-b35479ea22dc,MARS Plush Velvet Lipstick,CH,229.00,448.84,96.00,73.00,50.00,396.17
0e7e1f65-29ab-4c58-ac78-b35479ea22dc,MARS Plush Velvet Lipstick,DE,229.00,448.84,96.00,73.00,50.00,396.17
0e7e1f65-29ab-4c58-ac78-b35479ea22dc,MARS Plush Velvet Lipstick,FR,229.00,448.84,96.00,73.00,50.00,396.17
0e7e1f65-29ab-4c58-ac78-b35479ea22dc,MARS Plush Velvet Lipstick,GB,229.00,448.84,96.00,73.00,50.00,396.17
0e7e1f65-29ab-4c58-ac78-b35479ea22dc,MARS Plush Velvet Lipstick,IE,229.00,460.29,101.00,78.00,55.00,407.62
0e7e1f65-29ab-4c58-ac78-b35479ea22dc,MARS Plush Velvet Lipstick,KE,229.00,448.84,96.00,73.00,50.00,396.17
0e7e1f65-29ab-4c58-ac78-b35479ea22dc,MARS Plush Velvet Lipstick,MT,229.00,448.84,96.00,73.00,50.00,396.17
0e7e1f65-29ab-4c58-ac78-b35479ea22dc,MARS Plush Velvet Lipstick,US,229.00,448.84,96.00,73.00,50.00,396.17
98e1c545-0507-4055-b398-3b1eda3ea9ef,MARS PORE CURE PRIMER,AL,306.00,599.76,96.00,73.00,50.00,529.38
98e1c545-0507-4055-b398-3b1eda3ea9ef,MARS PORE CURE PRIMER,CH,306.00,599.76,96.00,73.00,50.00,529.38
98e1c545-0507-4055-b398-3b1eda3ea9ef,MARS PORE CURE PRIMER,DE,306.00,599.76,96.00,73.00,50.00,529.38
98e1c545-0507-4055-b398-3b1eda3ea9ef,MARS PORE CURE PRIMER,FR,306.00,599.76,96.00,73.00,50.00,529.38
98e1c545-0507-4055-b398-3b1eda3ea9ef,MARS PORE CURE PRIMER,GB,306.00,599.76,96.00,73.00,50.00,529.38
98e1c545-0507-4055-b398-3b1eda3ea9ef,MARS PORE CURE PRIMER,IE,306.00,615.06,101.00,78.00,55.00,544.68
98e1c545-0507-4055-b398-3b1eda3ea9ef,MARS PORE CURE PRIMER,KE,306.00,599.76,96.00,73.00,50.00,529.38
98e1c545-0507-4055-b398-3b1eda3ea9ef,MARS PORE CURE PRIMER,MT,306.00,599.76,96.00,73.00,50.00,529.38
98e1c545-0507-4055-b398-3b1eda3ea9ef,MARS PORE CURE PRIMER,US,306.00,599.76,96.00,73.00,50.00,529.38
82062de8-5c69-4e46-8c7f-0ac3edb0c218,MARS Queen of Mattes Liquid Lipsticks (Set of 3),AL,479.00,938.84,96.00,73.00,50.00,828.67
82062de8-5c69-4e46-8c7f-0ac3edb0c218,MARS Queen of Mattes Liquid Lipsticks (Set of 3),CH,479.00,938.84,96.00,73.00,50.00,828.67
82062de8-5c69-4e46-8c7f-0ac3edb0c218,MARS Queen of Mattes Liquid Lipsticks (Set of 3),DE,479.00,938.84,96.00,73.00,50.00,828.67
82062de8-5c69-4e46-8c7f-0ac3edb0c218,MARS Queen of Mattes Liquid Lipsticks (Set of 3),FR,479.00,938.84,96.00,73.00,50.00,828.67
82062de8-5c69-4e46-8c7f-0ac3edb0c218,MARS Queen of Mattes Liquid Lipsticks (Set of 3),GB,479.00,938.84,96.00,73.00,50.00,828.67
82062de8-5c69-4e46-8c7f-0ac3edb0c218,MARS Queen of Mattes Liquid Lipsticks (Set of 3),IE,479.00,962.79,101.00,78.00,55.00,852.62
82062de8-5c69-4e46-8c7f-0ac3edb0c218,MARS Queen of Mattes Liquid Lipsticks (Set of 3),KE,479.00,938.84,96.00,73.00,50.00,828.67
82062de8-5c69-4e46-8c7f-0ac3edb0c218,MARS Queen of Mattes Liquid Lipsticks (Set of 3),MT,479.00,938.84,96.00,73.00,50.00,828.67
82062de8-5c69-4e46-8c7f-0ac3edb0c218,MARS Queen of Mattes Liquid Lipsticks (Set of 3),US,479.00,938.84,96.00,73.00,50.00,828.67
c3bc63d4-3d55-40bb-8a06-11021ddb7ca2,MARS TRIO TREAT,IE,645.00,1231.95,91.00,68.00,45.00,1083.60
abab9bbf-b745-4201-af7f-457ab907a8c9,MARS Won't Smudge Won't Budge Crayon Lipstick,AL,270.00,529.20,96.00,73.00,50.00,467.10
abab9bbf-b745-4201-af7f-457ab907a8c9,MARS Won't Smudge Won't Budge Crayon Lipstick,CH,270.00,529.20,96.00,73.00,50.00,467.10
abab9bbf-b745-4201-af7f-457ab907a8c9,MARS Won't Smudge Won't Budge Crayon Lipstick,DE,270.00,529.20,96.00,73.00,50.00,467.10
abab9bbf-b745-4201-af7f-457ab907a8c9,MARS Won't Smudge Won't Budge Crayon Lipstick,FR,270.00,529.20,96.00,73.00,50.00,467.10
abab9bbf-b745-4201-af7f-457ab907a8c9,MARS Won't Smudge Won't Budge Crayon Lipstick,GB,270.00,529.20,96.00,73.00,50.00,467.10
abab9bbf-b745-4201-af7f-457ab907a8c9,MARS Won't Smudge Won't Budge Crayon Lipstick,IE,270.00,542.70,101.00,78.00,55.00,480.60
abab9bbf-b745-4201-af7f-457ab907a8c9,MARS Won't Smudge Won't Budge Crayon Lipstick,KE,270.00,529.20,96.00,73.00,50.00,467.10
abab9bbf-b745-4201-af7f-457ab907a8c9,MARS Won't Smudge Won't Budge Crayon Lipstick,MT,270.00,529.20,96.00,73.00,50.00,467.10
abab9bbf-b745-4201-af7f-457ab907a8c9,MARS Won't Smudge Won't Budge Crayon Lipstick,US,270.00,529.20,96.00,73.00,50.00,467.10
ca49ca7a-553f-41b1-9120-a118302a9e39,MARS Won't smudge Won't budge Smooth Glide Kajal | Long Stay & Waterproof (1.4 gm) (08-Sand Dunes),AL,199.00,390.04,96.00,73.00,50.00,344.27
ca49ca7a-553f-41b1-9120-a118302a9e39,MARS Won't smudge Won't budge Smooth Glide Kajal | Long Stay & Waterproof (1.4 gm) (08-Sand Dunes),CH,199.00,390.04,96.00,73.00,50.00,344.27
ca49ca7a-553f-41b1-9120-a118302a9e39,MARS Won't smudge Won't budge Smooth Glide Kajal | Long Stay & Waterproof (1.4 gm) (08-Sand Dunes),DE,199.00,390.04,96.00,73.00,50.00,344.27
ca49ca7a-553f-41b1-9120-a118302a9e39,MARS Won't smudge Won't budge Smooth Glide Kajal | Long Stay & Waterproof (1.4 gm) (08-Sand Dunes),FR,199.00,390.04,96.00,73.00,50.00,344.27
ca49ca7a-553f-41b1-9120-a118302a9e39,MARS Won't smudge Won't budge Smooth Glide Kajal | Long Stay & Waterproof (1.4 gm) (08-Sand Dunes),GB,199.00,390.04,96.00,73.00,50.00,344.27
ca49ca7a-553f-41b1-9120-a118302a9e39,MARS Won't smudge Won't budge Smooth Glide Kajal | Long Stay & Waterproof (1.4 gm) (08-Sand Dunes),IE,199.00,403.67,102.85,79.85,56.85,357.90
ca49ca7a-553f-41b1-9120-a118302a9e39,MARS Won't smudge Won't budge Smooth Glide Kajal | Long Stay & Waterproof (1.4 gm) (08-Sand Dunes),KE,199.00,390.04,96.00,73.00,50.00,344.27
ca49ca7a-553f-41b1-9120-a118302a9e39,MARS Won't smudge Won't budge Smooth Glide Kajal | Long Stay & Waterproof (1.4 gm) (08-Sand Dunes),MT,199.00,390.04,96.00,73.00,50.00,344.27
ca49ca7a-553f-41b1-9120-a118302a9e39,MARS Won't smudge Won't budge Smooth Glide Kajal | Long Stay & Waterproof (1.4 gm) (08-Sand Dunes),US,199.00,390.04,96.00,73.00,50.00,344.27
ae342f07-9950-48ed-863c-cd67e2ca10f0,MARS ZERO FACE PRIMER,AL,234.00,458.64,96.00,73.00,50.00,404.82
ae342f07-9950-48ed-863c-cd67e2ca10f0,MARS ZERO FACE PRIMER,CH,234.00,458.64,96.00,73.00,50.00,404.82
ae342f07-9950-48ed-863c-cd67e2ca10f0,MARS ZERO FACE PRIMER,DE,234.00,458.64,96.00,73.00,50.00,404.82
ae342f07-9950-48ed-863c-cd67e2ca10f0,MARS ZERO FACE PRIMER,FR,234.00,458.64,96.00,73.00,50.00,404.82
ae342f07-9950-48ed-863c-cd67e2ca10f0,MARS ZERO FACE PRIMER,GB,234.00,458.64,96.00,73.00,50.00,404.82
ae342f07-9950-48ed-863c-cd67e2ca10f0,MARS ZERO FACE PRIMER,IE,234.00,470.34,101.00,78.00,55.00,416.52
ae342f07-9950-48ed-863c-cd67e2ca10f0,MARS ZERO FACE PRIMER,KE,234.00,458.64,96.00,73.00,50.00,404.82
ae342f07-9950-48ed-863c-cd67e2ca10f0,MARS ZERO FACE PRIMER,MT,234.00,458.64,96.00,73.00,50.00,404.82
ae342f07-9950-48ed-863c-cd67e2ca10f0,MARS ZERO FACE PRIMER,US,234.00,458.64,96.00,73.00,50.00,404.82
ec213820-af5d-4f2f-8398-6fd872eb1f0f,MARY JO K 1200W Hair Dryer | Lightweight Compact Blow Dryer | Hot & Warm Air Settings | Foldable Handle Travel Hair Dryer (MJK-3504),AL,799.00,1645.94,106.00,83.00,60.00,1462.17
ec213820-af5d-4f2f-8398-6fd872eb1f0f,MARY JO K 1200W Hair Dryer | Lightweight Compact Blow Dryer | Hot & Warm Air Settings | Foldable Handle Travel Hair Dryer (MJK-3504),CH,799.00,1645.94,106.00,83.00,60.00,1462.17
ec213820-af5d-4f2f-8398-6fd872eb1f0f,MARY JO K 1200W Hair Dryer | Lightweight Compact Blow Dryer | Hot & Warm Air Settings | Foldable Handle Travel Hair Dryer (MJK-3504),DE,799.00,1645.94,106.00,83.00,60.00,1462.17
ec213820-af5d-4f2f-8398-6fd872eb1f0f,MARY JO K 1200W Hair Dryer | Lightweight Compact Blow Dryer | Hot & Warm Air Settings | Foldable Handle Travel Hair Dryer (MJK-3504),FR,799.00,1645.94,106.00,83.00,60.00,1462.17
ec213820-af5d-4f2f-8398-6fd872eb1f0f,MARY JO K 1200W Hair Dryer | Lightweight Compact Blow Dryer | Hot & Warm Air Settings | Foldable Handle Travel Hair Dryer (MJK-3504),GB,799.00,1645.94,106.00,83.00,60.00,1462.17
ec213820-af5d-4f2f-8398-6fd872eb1f0f,MARY JO K 1200W Hair Dryer | Lightweight Compact Blow Dryer | Hot & Warm Air Settings | Foldable Handle Travel Hair Dryer (MJK-3504),IE,799.00,1685.89,111.00,88.00,65.00,1502.12
ec213820-af5d-4f2f-8398-6fd872eb1f0f,MARY JO K 1200W Hair Dryer | Lightweight Compact Blow Dryer | Hot & Warm Air Settings | Foldable Handle Travel Hair Dryer (MJK-3504),KE,799.00,1645.94,106.00,83.00,60.00,1462.17
ec213820-af5d-4f2f-8398-6fd872eb1f0f,MARY JO K 1200W Hair Dryer | Lightweight Compact Blow Dryer | Hot & Warm Air Settings | Foldable Handle Travel Hair Dryer (MJK-3504),MT,799.00,1645.94,106.00,83.00,60.00,1462.17
ec213820-af5d-4f2f-8398-6fd872eb1f0f,MARY JO K 1200W Hair Dryer | Lightweight Compact Blow Dryer | Hot & Warm Air Settings | Foldable Handle Travel Hair Dryer (MJK-3504),US,799.00,1645.94,106.00,83.00,60.00,1462.17
1384d400-06ae-4bc8-a41f-3c9c153719f8,MARY JO K 1800W Hair Dryer | Fast Drying Lightweight Blow Dryer | Compact & Travel-Friendly Hair Styling Tool,AL,948.00,2000.28,111.00,88.00,65.00,1782.24
1384d400-06ae-4bc8-a41f-3c9c153719f8,MARY JO K 1800W Hair Dryer | Fast Drying Lightweight Blow Dryer | Compact & Travel-Friendly Hair Styling Tool,CH,948.00,2000.28,111.00,88.00,65.00,1782.24
1384d400-06ae-4bc8-a41f-3c9c153719f8,MARY JO K 1800W Hair Dryer | Fast Drying Lightweight Blow Dryer | Compact & Travel-Friendly Hair Styling Tool,DE,948.00,2000.28,111.00,88.00,65.00,1782.24
1384d400-06ae-4bc8-a41f-3c9c153719f8,MARY JO K 1800W Hair Dryer | Fast Drying Lightweight Blow Dryer | Compact & Travel-Friendly Hair Styling Tool,FR,948.00,2000.28,111.00,88.00,65.00,1782.24
1384d400-06ae-4bc8-a41f-3c9c153719f8,MARY JO K 1800W Hair Dryer | Fast Drying Lightweight Blow Dryer | Compact & Travel-Friendly Hair Styling Tool,GB,948.00,2000.28,111.00,88.00,65.00,1782.24
1384d400-06ae-4bc8-a41f-3c9c153719f8,MARY JO K 1800W Hair Dryer | Fast Drying Lightweight Blow Dryer | Compact & Travel-Friendly Hair Styling Tool,IE,948.00,2189.88,131.00,108.00,85.00,1971.84
1384d400-06ae-4bc8-a41f-3c9c153719f8,MARY JO K 1800W Hair Dryer | Fast Drying Lightweight Blow Dryer | Compact & Travel-Friendly Hair Styling Tool,KE,948.00,2000.28,111.00,88.00,65.00,1782.24
1384d400-06ae-4bc8-a41f-3c9c153719f8,MARY JO K 1800W Hair Dryer | Fast Drying Lightweight Blow Dryer | Compact & Travel-Friendly Hair Styling Tool,MT,948.00,2000.28,111.00,88.00,65.00,1782.24
1384d400-06ae-4bc8-a41f-3c9c153719f8,MARY JO K 1800W Hair Dryer | Fast Drying Lightweight Blow Dryer | Compact & Travel-Friendly Hair Styling Tool,US,948.00,2000.28,111.00,88.00,65.00,1782.24
7786f4f8-978c-4ea0-ad54-4c54539da997,MARY JO K BLUSH BRUSH,AL,130.00,254.80,96.00,73.00,50.00,224.90
7786f4f8-978c-4ea0-ad54-4c54539da997,MARY JO K BLUSH BRUSH,CH,130.00,254.80,96.00,73.00,50.00,224.90
7786f4f8-978c-4ea0-ad54-4c54539da997,MARY JO K BLUSH BRUSH,DE,130.00,254.80,96.00,73.00,50.00,224.90
7786f4f8-978c-4ea0-ad54-4c54539da997,MARY JO K BLUSH BRUSH,FR,130.00,254.80,96.00,73.00,50.00,224.90
7786f4f8-978c-4ea0-ad54-4c54539da997,MARY JO K BLUSH BRUSH,GB,130.00,254.80,96.00,73.00,50.00,224.90
7786f4f8-978c-4ea0-ad54-4c54539da997,MARY JO K BLUSH BRUSH,IE,130.00,261.30,101.00,78.00,55.00,231.40
7786f4f8-978c-4ea0-ad54-4c54539da997,MARY JO K BLUSH BRUSH,KE,130.00,254.80,96.00,73.00,50.00,224.90
7786f4f8-978c-4ea0-ad54-4c54539da997,MARY JO K BLUSH BRUSH,MT,130.00,254.80,96.00,73.00,50.00,224.90
7786f4f8-978c-4ea0-ad54-4c54539da997,MARY JO K BLUSH BRUSH,US,130.00,254.80,96.00,73.00,50.00,224.90
9bd99650-23ae-4779-8684-2ba4bdeefb43,MARY JO K Hair Dryer 1200W – Compact Foldable Hair Dryer,AL,748.00,1578.28,111.00,88.00,65.00,1406.24
9bd99650-23ae-4779-8684-2ba4bdeefb43,MARY JO K Hair Dryer 1200W – Compact Foldable Hair Dryer,CH,748.00,1578.28,111.00,88.00,65.00,1406.24
9bd99650-23ae-4779-8684-2ba4bdeefb43,MARY JO K Hair Dryer 1200W – Compact Foldable Hair Dryer,DE,748.00,1578.28,111.00,88.00,65.00,1406.24
9bd99650-23ae-4779-8684-2ba4bdeefb43,MARY JO K Hair Dryer 1200W – Compact Foldable Hair Dryer,FR,748.00,1578.28,111.00,88.00,65.00,1406.24
9bd99650-23ae-4779-8684-2ba4bdeefb43,MARY JO K Hair Dryer 1200W – Compact Foldable Hair Dryer,GB,748.00,1578.28,111.00,88.00,65.00,1406.24
9bd99650-23ae-4779-8684-2ba4bdeefb43,MARY JO K Hair Dryer 1200W – Compact Foldable Hair Dryer,IE,748.00,1727.88,131.00,108.00,85.00,1555.84
9bd99650-23ae-4779-8684-2ba4bdeefb43,MARY JO K Hair Dryer 1200W – Compact Foldable Hair Dryer,KE,748.00,1578.28,111.00,88.00,65.00,1406.24
9bd99650-23ae-4779-8684-2ba4bdeefb43,MARY JO K Hair Dryer 1200W – Compact Foldable Hair Dryer,MT,748.00,1578.28,111.00,88.00,65.00,1406.24
9bd99650-23ae-4779-8684-2ba4bdeefb43,MARY JO K Hair Dryer 1200W – Compact Foldable Hair Dryer,US,748.00,1578.28,111.00,88.00,65.00,1406.24
bfdb7553-5d12-4c94-9cc9-9ac0e9c55755,MARY JO K HD BLUSHER PALETTE,AL,345.00,676.20,96.00,73.00,50.00,596.85
bfdb7553-5d12-4c94-9cc9-9ac0e9c55755,MARY JO K HD BLUSHER PALETTE,CH,345.00,676.20,96.00,73.00,50.00,596.85
bfdb7553-5d12-4c94-9cc9-9ac0e9c55755,MARY JO K HD BLUSHER PALETTE,DE,345.00,676.20,96.00,73.00,50.00,596.85
bfdb7553-5d12-4c94-9cc9-9ac0e9c55755,MARY JO K HD BLUSHER PALETTE,FR,345.00,676.20,96.00,73.00,50.00,596.85
bfdb7553-5d12-4c94-9cc9-9ac0e9c55755,MARY JO K HD BLUSHER PALETTE,GB,345.00,676.20,96.00,73.00,50.00,596.85
bfdb7553-5d12-4c94-9cc9-9ac0e9c55755,MARY JO K HD BLUSHER PALETTE,IE,345.00,693.45,101.00,78.00,55.00,614.10
bfdb7553-5d12-4c94-9cc9-9ac0e9c55755,MARY JO K HD BLUSHER PALETTE,KE,345.00,676.20,96.00,73.00,50.00,596.85
bfdb7553-5d12-4c94-9cc9-9ac0e9c55755,MARY JO K HD BLUSHER PALETTE,MT,345.00,676.20,96.00,73.00,50.00,596.85
bfdb7553-5d12-4c94-9cc9-9ac0e9c55755,MARY JO K HD BLUSHER PALETTE,US,345.00,676.20,96.00,73.00,50.00,596.85
4f62880f-ece5-4128-aaf5-7760dbe1a8aa,Mary Jo K PRIMER Pro-Primer SPF 30 / PA+++ (30 ml),AL,332.00,650.72,96.00,73.00,50.00,574.36
4f62880f-ece5-4128-aaf5-7760dbe1a8aa,Mary Jo K PRIMER Pro-Primer SPF 30 / PA+++ (30 ml),CH,332.00,650.72,96.00,73.00,50.00,574.36
4f62880f-ece5-4128-aaf5-7760dbe1a8aa,Mary Jo K PRIMER Pro-Primer SPF 30 / PA+++ (30 ml),DE,332.00,650.72,96.00,73.00,50.00,574.36
4f62880f-ece5-4128-aaf5-7760dbe1a8aa,Mary Jo K PRIMER Pro-Primer SPF 30 / PA+++ (30 ml),FR,332.00,650.72,96.00,73.00,50.00,574.36
4f62880f-ece5-4128-aaf5-7760dbe1a8aa,Mary Jo K PRIMER Pro-Primer SPF 30 / PA+++ (30 ml),GB,332.00,650.72,96.00,73.00,50.00,574.36
4f62880f-ece5-4128-aaf5-7760dbe1a8aa,Mary Jo K PRIMER Pro-Primer SPF 30 / PA+++ (30 ml),IE,332.00,667.32,101.00,78.00,55.00,590.96
4f62880f-ece5-4128-aaf5-7760dbe1a8aa,Mary Jo K PRIMER Pro-Primer SPF 30 / PA+++ (30 ml),KE,332.00,650.72,96.00,73.00,50.00,574.36
4f62880f-ece5-4128-aaf5-7760dbe1a8aa,Mary Jo K PRIMER Pro-Primer SPF 30 / PA+++ (30 ml),MT,332.00,650.72,96.00,73.00,50.00,574.36
4f62880f-ece5-4128-aaf5-7760dbe1a8aa,Mary Jo K PRIMER Pro-Primer SPF 30 / PA+++ (30 ml),US,332.00,650.72,96.00,73.00,50.00,574.36
c07608aa-3c93-4257-a00d-818858619fbf,MAXTOP 3D Massager Roller – Face & Body Sculpting Tool,AL,247.00,484.12,96.00,73.00,50.00,427.31
c07608aa-3c93-4257-a00d-818858619fbf,MAXTOP 3D Massager Roller – Face & Body Sculpting Tool,CH,247.00,484.12,96.00,73.00,50.00,427.31
c07608aa-3c93-4257-a00d-818858619fbf,MAXTOP 3D Massager Roller – Face & Body Sculpting Tool,DE,247.00,484.12,96.00,73.00,50.00,427.31
c07608aa-3c93-4257-a00d-818858619fbf,MAXTOP 3D Massager Roller – Face & Body Sculpting Tool,FR,247.00,484.12,96.00,73.00,50.00,427.31
c07608aa-3c93-4257-a00d-818858619fbf,MAXTOP 3D Massager Roller – Face & Body Sculpting Tool,GB,247.00,484.12,96.00,73.00,50.00,427.31
c07608aa-3c93-4257-a00d-818858619fbf,MAXTOP 3D Massager Roller – Face & Body Sculpting Tool,IE,247.00,496.47,101.00,78.00,55.00,439.66
c07608aa-3c93-4257-a00d-818858619fbf,MAXTOP 3D Massager Roller – Face & Body Sculpting Tool,KE,247.00,484.12,96.00,73.00,50.00,427.31
c07608aa-3c93-4257-a00d-818858619fbf,MAXTOP 3D Massager Roller – Face & Body Sculpting Tool,MT,247.00,484.12,96.00,73.00,50.00,427.31
c07608aa-3c93-4257-a00d-818858619fbf,MAXTOP 3D Massager Roller – Face & Body Sculpting Tool,US,247.00,484.12,96.00,73.00,50.00,427.31
925db955-fb45-434f-a96c-829c4d818946,Maybelline Eye Pencil Colossal Kajal Std Black,AL,323.00,633.08,96.00,73.00,50.00,558.79
925db955-fb45-434f-a96c-829c4d818946,Maybelline Eye Pencil Colossal Kajal Std Black,CH,323.00,633.08,96.00,73.00,50.00,558.79
925db955-fb45-434f-a96c-829c4d818946,Maybelline Eye Pencil Colossal Kajal Std Black,DE,323.00,633.08,96.00,73.00,50.00,558.79
925db955-fb45-434f-a96c-829c4d818946,Maybelline Eye Pencil Colossal Kajal Std Black,FR,323.00,633.08,96.00,73.00,50.00,558.79
925db955-fb45-434f-a96c-829c4d818946,Maybelline Eye Pencil Colossal Kajal Std Black,GB,323.00,633.08,96.00,73.00,50.00,558.79
925db955-fb45-434f-a96c-829c4d818946,Maybelline Eye Pencil Colossal Kajal Std Black,IE,323.00,649.23,101.00,78.00,55.00,574.94
925db955-fb45-434f-a96c-829c4d818946,Maybelline Eye Pencil Colossal Kajal Std Black,KE,323.00,633.08,96.00,73.00,50.00,558.79
925db955-fb45-434f-a96c-829c4d818946,Maybelline Eye Pencil Colossal Kajal Std Black,MT,323.00,633.08,96.00,73.00,50.00,558.79
925db955-fb45-434f-a96c-829c4d818946,Maybelline Eye Pencil Colossal Kajal Std Black,US,323.00,633.08,96.00,73.00,50.00,558.79
a8e12932-ffa5-4a1c-9cc0-3b0d5ff99725,Maybelline New York Colossal Bold Eyeliner,AL,100.00,196.00,96.00,73.00,50.00,173.00
a8e12932-ffa5-4a1c-9cc0-3b0d5ff99725,Maybelline New York Colossal Bold Eyeliner,CH,100.00,196.00,96.00,73.00,50.00,173.00
a8e12932-ffa5-4a1c-9cc0-3b0d5ff99725,Maybelline New York Colossal Bold Eyeliner,DE,100.00,196.00,96.00,73.00,50.00,173.00
a8e12932-ffa5-4a1c-9cc0-3b0d5ff99725,Maybelline New York Colossal Bold Eyeliner,FR,100.00,196.00,96.00,73.00,50.00,173.00
a8e12932-ffa5-4a1c-9cc0-3b0d5ff99725,Maybelline New York Colossal Bold Eyeliner,GB,100.00,196.00,96.00,73.00,50.00,173.00
a8e12932-ffa5-4a1c-9cc0-3b0d5ff99725,Maybelline New York Colossal Bold Eyeliner,IE,100.00,201.00,101.00,78.00,55.00,178.00
a8e12932-ffa5-4a1c-9cc0-3b0d5ff99725,Maybelline New York Colossal Bold Eyeliner,KE,100.00,196.00,96.00,73.00,50.00,173.00
a8e12932-ffa5-4a1c-9cc0-3b0d5ff99725,Maybelline New York Colossal Bold Eyeliner,MT,100.00,196.00,96.00,73.00,50.00,173.00
a8e12932-ffa5-4a1c-9cc0-3b0d5ff99725,Maybelline New York Colossal Bold Eyeliner,US,100.00,196.00,96.00,73.00,50.00,173.00
d5a35a8a-dec8-4a69-9e93-cc6c93b323ac,Maybelline New York's The Colossal Volum' Express Waterproof Mascara,AL,100.00,196.00,96.00,73.00,50.00,173.00
d5a35a8a-dec8-4a69-9e93-cc6c93b323ac,Maybelline New York's The Colossal Volum' Express Waterproof Mascara,CH,100.00,196.00,96.00,73.00,50.00,173.00
d5a35a8a-dec8-4a69-9e93-cc6c93b323ac,Maybelline New York's The Colossal Volum' Express Waterproof Mascara,DE,100.00,196.00,96.00,73.00,50.00,173.00
d5a35a8a-dec8-4a69-9e93-cc6c93b323ac,Maybelline New York's The Colossal Volum' Express Waterproof Mascara,FR,100.00,196.00,96.00,73.00,50.00,173.00
d5a35a8a-dec8-4a69-9e93-cc6c93b323ac,Maybelline New York's The Colossal Volum' Express Waterproof Mascara,GB,100.00,196.00,96.00,73.00,50.00,173.00
d5a35a8a-dec8-4a69-9e93-cc6c93b323ac,Maybelline New York's The Colossal Volum' Express Waterproof Mascara,IE,100.00,201.00,101.00,78.00,55.00,178.00
d5a35a8a-dec8-4a69-9e93-cc6c93b323ac,Maybelline New York's The Colossal Volum' Express Waterproof Mascara,KE,100.00,196.00,96.00,73.00,50.00,173.00
d5a35a8a-dec8-4a69-9e93-cc6c93b323ac,Maybelline New York's The Colossal Volum' Express Waterproof Mascara,MT,100.00,196.00,96.00,73.00,50.00,173.00
d5a35a8a-dec8-4a69-9e93-cc6c93b323ac,Maybelline New York's The Colossal Volum' Express Waterproof Mascara,US,100.00,196.00,96.00,73.00,50.00,173.00
2731d605-edb7-4d8a-8351-14cb717c0ea0,MD Alloy Model SUV Car – Diecast Toy Vehicle with Display Box,IE,347.00,801.57,131.00,108.00,85.00,721.76
e8018940-8c43-4617-bfcd-71a6c2d2fcaf,"Men’s Basic T-Shirt – Cotton Rich Fabric, Regular Fit, Soft & Breathable Everyday Wear(S-XL)",AL,425.00,833.00,96.00,73.00,50.00,735.25
e8018940-8c43-4617-bfcd-71a6c2d2fcaf,"Men’s Basic T-Shirt – Cotton Rich Fabric, Regular Fit, Soft & Breathable Everyday Wear(S-XL)",CH,425.00,833.00,96.00,73.00,50.00,735.25
e8018940-8c43-4617-bfcd-71a6c2d2fcaf,"Men’s Basic T-Shirt – Cotton Rich Fabric, Regular Fit, Soft & Breathable Everyday Wear(S-XL)",DE,425.00,833.00,96.00,73.00,50.00,735.25
e8018940-8c43-4617-bfcd-71a6c2d2fcaf,"Men’s Basic T-Shirt – Cotton Rich Fabric, Regular Fit, Soft & Breathable Everyday Wear(S-XL)",FR,425.00,833.00,96.00,73.00,50.00,735.25
e8018940-8c43-4617-bfcd-71a6c2d2fcaf,"Men’s Basic T-Shirt – Cotton Rich Fabric, Regular Fit, Soft & Breathable Everyday Wear(S-XL)",GB,425.00,833.00,96.00,73.00,50.00,735.25
e8018940-8c43-4617-bfcd-71a6c2d2fcaf,"Men’s Basic T-Shirt – Cotton Rich Fabric, Regular Fit, Soft & Breathable Everyday Wear(S-XL)",IE,425.00,854.25,101.00,78.00,55.00,756.50
e8018940-8c43-4617-bfcd-71a6c2d2fcaf,"Men’s Basic T-Shirt – Cotton Rich Fabric, Regular Fit, Soft & Breathable Everyday Wear(S-XL)",KE,425.00,833.00,96.00,73.00,50.00,735.25
e8018940-8c43-4617-bfcd-71a6c2d2fcaf,"Men’s Basic T-Shirt – Cotton Rich Fabric, Regular Fit, Soft & Breathable Everyday Wear(S-XL)",MT,425.00,833.00,96.00,73.00,50.00,735.25
e8018940-8c43-4617-bfcd-71a6c2d2fcaf,"Men’s Basic T-Shirt – Cotton Rich Fabric, Regular Fit, Soft & Breathable Everyday Wear(S-XL)",US,425.00,833.00,96.00,73.00,50.00,735.25
bad00858-2452-4316-8eef-3288465dbf99,"Men’s Bolt Vest – Cotton Sleeveless Vest, Regular Fit, Soft & Breathable Everyday Wear(S-XL)",AL,359.00,703.64,96.00,73.00,50.00,621.07
bad00858-2452-4316-8eef-3288465dbf99,"Men’s Bolt Vest – Cotton Sleeveless Vest, Regular Fit, Soft & Breathable Everyday Wear(S-XL)",CH,359.00,703.64,96.00,73.00,50.00,621.07
bad00858-2452-4316-8eef-3288465dbf99,"Men’s Bolt Vest – Cotton Sleeveless Vest, Regular Fit, Soft & Breathable Everyday Wear(S-XL)",DE,359.00,703.64,96.00,73.00,50.00,621.07
bad00858-2452-4316-8eef-3288465dbf99,"Men’s Bolt Vest – Cotton Sleeveless Vest, Regular Fit, Soft & Breathable Everyday Wear(S-XL)",FR,359.00,703.64,96.00,73.00,50.00,621.07
bad00858-2452-4316-8eef-3288465dbf99,"Men’s Bolt Vest – Cotton Sleeveless Vest, Regular Fit, Soft & Breathable Everyday Wear(S-XL)",GB,359.00,703.64,96.00,73.00,50.00,621.07
bad00858-2452-4316-8eef-3288465dbf99,"Men’s Bolt Vest – Cotton Sleeveless Vest, Regular Fit, Soft & Breathable Everyday Wear(S-XL)",IE,359.00,721.59,101.00,78.00,55.00,639.02
bad00858-2452-4316-8eef-3288465dbf99,"Men’s Bolt Vest – Cotton Sleeveless Vest, Regular Fit, Soft & Breathable Everyday Wear(S-XL)",KE,359.00,703.64,96.00,73.00,50.00,621.07
bad00858-2452-4316-8eef-3288465dbf99,"Men’s Bolt Vest – Cotton Sleeveless Vest, Regular Fit, Soft & Breathable Everyday Wear(S-XL)",MT,359.00,703.64,96.00,73.00,50.00,621.07
bad00858-2452-4316-8eef-3288465dbf99,"Men’s Bolt Vest – Cotton Sleeveless Vest, Regular Fit, Soft & Breathable Everyday Wear(S-XL)",US,359.00,703.64,96.00,73.00,50.00,621.07
29850590-d9d3-4645-b5eb-259a7b7b9c49,"Men’s Classic Vest – 100% Combed Cotton, Regular Fit, Soft & Breathable Everyday Innerwear (S-XXL) Pack of 2",IE,430.00,993.30,131.00,108.00,85.00,894.40
3db86fda-5a65-47d6-ac83-0214791f2e20,"Men’s Classic Vest – 100% Combed Cotton, Regular Fit, Soft & Breathable Everyday Innerwear(S-XXL) Pack of 1",AL,260.00,509.60,96.00,73.00,50.00,449.80
3db86fda-5a65-47d6-ac83-0214791f2e20,"Men’s Classic Vest – 100% Combed Cotton, Regular Fit, Soft & Breathable Everyday Innerwear(S-XXL) Pack of 1",CH,260.00,509.60,96.00,73.00,50.00,449.80
3db86fda-5a65-47d6-ac83-0214791f2e20,"Men’s Classic Vest – 100% Combed Cotton, Regular Fit, Soft & Breathable Everyday Innerwear(S-XXL) Pack of 1",DE,260.00,509.60,96.00,73.00,50.00,449.80
3db86fda-5a65-47d6-ac83-0214791f2e20,"Men’s Classic Vest – 100% Combed Cotton, Regular Fit, Soft & Breathable Everyday Innerwear(S-XXL) Pack of 1",FR,260.00,509.60,96.00,73.00,50.00,449.80
3db86fda-5a65-47d6-ac83-0214791f2e20,"Men’s Classic Vest – 100% Combed Cotton, Regular Fit, Soft & Breathable Everyday Innerwear(S-XXL) Pack of 1",GB,260.00,509.60,96.00,73.00,50.00,449.80
3db86fda-5a65-47d6-ac83-0214791f2e20,"Men’s Classic Vest – 100% Combed Cotton, Regular Fit, Soft & Breathable Everyday Innerwear(S-XXL) Pack of 1",IE,260.00,522.60,101.00,78.00,55.00,462.80
3db86fda-5a65-47d6-ac83-0214791f2e20,"Men’s Classic Vest – 100% Combed Cotton, Regular Fit, Soft & Breathable Everyday Innerwear(S-XXL) Pack of 1",KE,260.00,509.60,96.00,73.00,50.00,449.80
3db86fda-5a65-47d6-ac83-0214791f2e20,"Men’s Classic Vest – 100% Combed Cotton, Regular Fit, Soft & Breathable Everyday Innerwear(S-XXL) Pack of 1",MT,260.00,509.60,96.00,73.00,50.00,449.80
3db86fda-5a65-47d6-ac83-0214791f2e20,"Men’s Classic Vest – 100% Combed Cotton, Regular Fit, Soft & Breathable Everyday Innerwear(S-XXL) Pack of 1",US,260.00,509.60,96.00,73.00,50.00,449.80
e264e4be-1f49-4f06-9225-531ae0a65f13,"Men’s Dash Boxer  – Mercerised Combed Cotton Regular Fit Underwear | Comfortable, Breathable Innerwear by Crusoe",IE,659.00,1258.69,91.00,68.00,45.00,1107.12
e8a6b373-20db-434a-833a-6d5a12a9da12,"Men’s Island Boxer Shorts – Cotton Fabric, Relaxed Fit, Breathable & Comfortable Everyday Wear (S-XL), Pack of 2",IE,430.00,993.30,131.00,108.00,85.00,894.40
2ca19c01-5bf4-4c72-9882-537b571976cb,"Men’s Island Boxer Shorts – Cotton Fabric, Relaxed Fit, Breathable & Comfortable Everyday Wear(S-XL)",AL,255.00,499.80,96.00,73.00,50.00,441.15
2ca19c01-5bf4-4c72-9882-537b571976cb,"Men’s Island Boxer Shorts – Cotton Fabric, Relaxed Fit, Breathable & Comfortable Everyday Wear(S-XL)",CH,255.00,499.80,96.00,73.00,50.00,441.15
2ca19c01-5bf4-4c72-9882-537b571976cb,"Men’s Island Boxer Shorts – Cotton Fabric, Relaxed Fit, Breathable & Comfortable Everyday Wear(S-XL)",DE,255.00,499.80,96.00,73.00,50.00,441.15
2ca19c01-5bf4-4c72-9882-537b571976cb,"Men’s Island Boxer Shorts – Cotton Fabric, Relaxed Fit, Breathable & Comfortable Everyday Wear(S-XL)",FR,255.00,499.80,96.00,73.00,50.00,441.15
2ca19c01-5bf4-4c72-9882-537b571976cb,"Men’s Island Boxer Shorts – Cotton Fabric, Relaxed Fit, Breathable & Comfortable Everyday Wear(S-XL)",GB,255.00,499.80,96.00,73.00,50.00,441.15
2ca19c01-5bf4-4c72-9882-537b571976cb,"Men’s Island Boxer Shorts – Cotton Fabric, Relaxed Fit, Breathable & Comfortable Everyday Wear(S-XL)",IE,255.00,512.55,101.00,78.00,55.00,453.90
2ca19c01-5bf4-4c72-9882-537b571976cb,"Men’s Island Boxer Shorts – Cotton Fabric, Relaxed Fit, Breathable & Comfortable Everyday Wear(S-XL)",KE,255.00,499.80,96.00,73.00,50.00,441.15
2ca19c01-5bf4-4c72-9882-537b571976cb,"Men’s Island Boxer Shorts – Cotton Fabric, Relaxed Fit, Breathable & Comfortable Everyday Wear(S-XL)",MT,255.00,499.80,96.00,73.00,50.00,441.15
2ca19c01-5bf4-4c72-9882-537b571976cb,"Men’s Island Boxer Shorts – Cotton Fabric, Relaxed Fit, Breathable & Comfortable Everyday Wear(S-XL)",US,255.00,499.80,96.00,73.00,50.00,441.15
f70bc441-0660-4b22-b2e8-707019e67c44,"Men’s Jersey Vest – 100% Combed Cotton, Form-Fitting, Soft & Breathable Everyday Innerwear",AL,209.00,409.64,96.00,73.00,50.00,361.57
f70bc441-0660-4b22-b2e8-707019e67c44,"Men’s Jersey Vest – 100% Combed Cotton, Form-Fitting, Soft & Breathable Everyday Innerwear",CH,209.00,409.64,96.00,73.00,50.00,361.57
f70bc441-0660-4b22-b2e8-707019e67c44,"Men’s Jersey Vest – 100% Combed Cotton, Form-Fitting, Soft & Breathable Everyday Innerwear",DE,209.00,409.64,96.00,73.00,50.00,361.57
f70bc441-0660-4b22-b2e8-707019e67c44,"Men’s Jersey Vest – 100% Combed Cotton, Form-Fitting, Soft & Breathable Everyday Innerwear",FR,209.00,409.64,96.00,73.00,50.00,361.57
f70bc441-0660-4b22-b2e8-707019e67c44,"Men’s Jersey Vest – 100% Combed Cotton, Form-Fitting, Soft & Breathable Everyday Innerwear",GB,209.00,409.64,96.00,73.00,50.00,361.57
f70bc441-0660-4b22-b2e8-707019e67c44,"Men’s Jersey Vest – 100% Combed Cotton, Form-Fitting, Soft & Breathable Everyday Innerwear",IE,209.00,420.09,101.00,78.00,55.00,372.02
f70bc441-0660-4b22-b2e8-707019e67c44,"Men’s Jersey Vest – 100% Combed Cotton, Form-Fitting, Soft & Breathable Everyday Innerwear",KE,209.00,409.64,96.00,73.00,50.00,361.57
f70bc441-0660-4b22-b2e8-707019e67c44,"Men’s Jersey Vest – 100% Combed Cotton, Form-Fitting, Soft & Breathable Everyday Innerwear",MT,209.00,409.64,96.00,73.00,50.00,361.57
f70bc441-0660-4b22-b2e8-707019e67c44,"Men’s Jersey Vest – 100% Combed Cotton, Form-Fitting, Soft & Breathable Everyday Innerwear",US,209.00,409.64,96.00,73.00,50.00,361.57
704b2624-31f3-44ae-9440-13bd8c5b5e29,"Men’s Jersey Vest – 100% Combed Cotton, Form-Fitting, Soft & Breathable Everyday Innerwear(S-4XL) pack of 3",IE,459.00,1060.29,131.00,108.00,85.00,954.72
4757cf53-4460-4da9-9db4-1864c974157f,"Men’s Modal Brief – Cotton Modal Stretch Underwear | Ultra Soft, Flexible & Breathable Innerwear by Crusoe(S-XL)",AL,375.00,735.00,96.00,73.00,50.00,648.75
4757cf53-4460-4da9-9db4-1864c974157f,"Men’s Modal Brief – Cotton Modal Stretch Underwear | Ultra Soft, Flexible & Breathable Innerwear by Crusoe(S-XL)",CH,375.00,735.00,96.00,73.00,50.00,648.75
4757cf53-4460-4da9-9db4-1864c974157f,"Men’s Modal Brief – Cotton Modal Stretch Underwear | Ultra Soft, Flexible & Breathable Innerwear by Crusoe(S-XL)",DE,375.00,735.00,96.00,73.00,50.00,648.75
4757cf53-4460-4da9-9db4-1864c974157f,"Men’s Modal Brief – Cotton Modal Stretch Underwear | Ultra Soft, Flexible & Breathable Innerwear by Crusoe(S-XL)",FR,375.00,735.00,96.00,73.00,50.00,648.75
4757cf53-4460-4da9-9db4-1864c974157f,"Men’s Modal Brief – Cotton Modal Stretch Underwear | Ultra Soft, Flexible & Breathable Innerwear by Crusoe(S-XL)",GB,375.00,735.00,96.00,73.00,50.00,648.75
4757cf53-4460-4da9-9db4-1864c974157f,"Men’s Modal Brief – Cotton Modal Stretch Underwear | Ultra Soft, Flexible & Breathable Innerwear by Crusoe(S-XL)",IE,375.00,753.75,101.00,78.00,55.00,667.50
4757cf53-4460-4da9-9db4-1864c974157f,"Men’s Modal Brief – Cotton Modal Stretch Underwear | Ultra Soft, Flexible & Breathable Innerwear by Crusoe(S-XL)",KE,375.00,735.00,96.00,73.00,50.00,648.75
4757cf53-4460-4da9-9db4-1864c974157f,"Men’s Modal Brief – Cotton Modal Stretch Underwear | Ultra Soft, Flexible & Breathable Innerwear by Crusoe(S-XL)",MT,375.00,735.00,96.00,73.00,50.00,648.75
4757cf53-4460-4da9-9db4-1864c974157f,"Men’s Modal Brief – Cotton Modal Stretch Underwear | Ultra Soft, Flexible & Breathable Innerwear by Crusoe(S-XL)",US,375.00,735.00,96.00,73.00,50.00,648.75
36900c64-5498-45a5-a9f9-392a9302a69c,"Men’s Panel Design T-Shirt – Colorblock Graphic Tee, Premium Cotton, Regular Fit (S, M, L)",IE,750.00,1432.50,91.00,68.00,45.00,1260.00
9a5bd5d0-aa95-48d5-8b16-5509644b7d6d,Men’s Polo T-Shirt  – Cotton Rich Regular Fit | Formal & Casual Wear | Comfortable & Breathable by Crusoe( S-XXL),IE,649.00,1239.59,91.00,68.00,45.00,1090.32
1be62ef6-c28b-48bc-a4d8-98fb9dc6bd59,Men’s Premium Waffle Knit Half-Zip T-Shirt | Casual Long Sleeve Pullover | Stylish Streetwear Top,IE,949.00,1812.59,91.00,68.00,45.00,1594.32
a6d55112-f874-4666-8ef5-ff009a39967c,"Men’s Quest Boxer Shorts – Cotton Fabric, Relaxed Fit, Breathable & Everyday Comfort Wear, Pack of 2 (S-XL)",AL,595.00,1225.70,106.00,83.00,60.00,1088.85
a6d55112-f874-4666-8ef5-ff009a39967c,"Men’s Quest Boxer Shorts – Cotton Fabric, Relaxed Fit, Breathable & Everyday Comfort Wear, Pack of 2 (S-XL)",CH,595.00,1225.70,106.00,83.00,60.00,1088.85
a6d55112-f874-4666-8ef5-ff009a39967c,"Men’s Quest Boxer Shorts – Cotton Fabric, Relaxed Fit, Breathable & Everyday Comfort Wear, Pack of 2 (S-XL)",DE,595.00,1225.70,106.00,83.00,60.00,1088.85
a6d55112-f874-4666-8ef5-ff009a39967c,"Men’s Quest Boxer Shorts – Cotton Fabric, Relaxed Fit, Breathable & Everyday Comfort Wear, Pack of 2 (S-XL)",FR,595.00,1225.70,106.00,83.00,60.00,1088.85
a6d55112-f874-4666-8ef5-ff009a39967c,"Men’s Quest Boxer Shorts – Cotton Fabric, Relaxed Fit, Breathable & Everyday Comfort Wear, Pack of 2 (S-XL)",GB,595.00,1225.70,106.00,83.00,60.00,1088.85
a6d55112-f874-4666-8ef5-ff009a39967c,"Men’s Quest Boxer Shorts – Cotton Fabric, Relaxed Fit, Breathable & Everyday Comfort Wear, Pack of 2 (S-XL)",IE,595.00,1255.45,111.00,88.00,65.00,1118.60
a6d55112-f874-4666-8ef5-ff009a39967c,"Men’s Quest Boxer Shorts – Cotton Fabric, Relaxed Fit, Breathable & Everyday Comfort Wear, Pack of 2 (S-XL)",KE,595.00,1225.70,106.00,83.00,60.00,1088.85
a6d55112-f874-4666-8ef5-ff009a39967c,"Men’s Quest Boxer Shorts – Cotton Fabric, Relaxed Fit, Breathable & Everyday Comfort Wear, Pack of 2 (S-XL)",MT,595.00,1225.70,106.00,83.00,60.00,1088.85
a6d55112-f874-4666-8ef5-ff009a39967c,"Men’s Quest Boxer Shorts – Cotton Fabric, Relaxed Fit, Breathable & Everyday Comfort Wear, Pack of 2 (S-XL)",US,595.00,1225.70,106.00,83.00,60.00,1088.85
f69e1012-f526-44fd-9419-81c2cc772c34,"Men’s Quest Boxer Shorts – Cotton Fabric, Relaxed Fit, Breathable & Everyday Comfort Wear(S-XL)",AL,349.00,684.04,96.00,73.00,50.00,603.77
f69e1012-f526-44fd-9419-81c2cc772c34,"Men’s Quest Boxer Shorts – Cotton Fabric, Relaxed Fit, Breathable & Everyday Comfort Wear(S-XL)",CH,349.00,684.04,96.00,73.00,50.00,603.77
f69e1012-f526-44fd-9419-81c2cc772c34,"Men’s Quest Boxer Shorts – Cotton Fabric, Relaxed Fit, Breathable & Everyday Comfort Wear(S-XL)",DE,349.00,684.04,96.00,73.00,50.00,603.77
f69e1012-f526-44fd-9419-81c2cc772c34,"Men’s Quest Boxer Shorts – Cotton Fabric, Relaxed Fit, Breathable & Everyday Comfort Wear(S-XL)",FR,349.00,684.04,96.00,73.00,50.00,603.77
f69e1012-f526-44fd-9419-81c2cc772c34,"Men’s Quest Boxer Shorts – Cotton Fabric, Relaxed Fit, Breathable & Everyday Comfort Wear(S-XL)",GB,349.00,684.04,96.00,73.00,50.00,603.77
f69e1012-f526-44fd-9419-81c2cc772c34,"Men’s Quest Boxer Shorts – Cotton Fabric, Relaxed Fit, Breathable & Everyday Comfort Wear(S-XL)",IE,349.00,701.49,101.00,78.00,55.00,621.22
f69e1012-f526-44fd-9419-81c2cc772c34,"Men’s Quest Boxer Shorts – Cotton Fabric, Relaxed Fit, Breathable & Everyday Comfort Wear(S-XL)",KE,349.00,684.04,96.00,73.00,50.00,603.77
f69e1012-f526-44fd-9419-81c2cc772c34,"Men’s Quest Boxer Shorts – Cotton Fabric, Relaxed Fit, Breathable & Everyday Comfort Wear(S-XL)",MT,349.00,684.04,96.00,73.00,50.00,603.77
f69e1012-f526-44fd-9419-81c2cc772c34,"Men’s Quest Boxer Shorts – Cotton Fabric, Relaxed Fit, Breathable & Everyday Comfort Wear(S-XL)",US,349.00,684.04,96.00,73.00,50.00,603.77
2eec5c9f-37cb-49ee-89a2-1ac21d1a22ea,"Men’s Racerback Vest – 100% Combed Cotton, Form-Fitting, Breathable Gym & Everyday Wear(S-XL) Pack of 1",AL,319.00,625.24,96.00,73.00,50.00,551.87
2eec5c9f-37cb-49ee-89a2-1ac21d1a22ea,"Men’s Racerback Vest – 100% Combed Cotton, Form-Fitting, Breathable Gym & Everyday Wear(S-XL) Pack of 1",CH,319.00,625.24,96.00,73.00,50.00,551.87
2eec5c9f-37cb-49ee-89a2-1ac21d1a22ea,"Men’s Racerback Vest – 100% Combed Cotton, Form-Fitting, Breathable Gym & Everyday Wear(S-XL) Pack of 1",DE,319.00,625.24,96.00,73.00,50.00,551.87
2eec5c9f-37cb-49ee-89a2-1ac21d1a22ea,"Men’s Racerback Vest – 100% Combed Cotton, Form-Fitting, Breathable Gym & Everyday Wear(S-XL) Pack of 1",FR,319.00,625.24,96.00,73.00,50.00,551.87
2eec5c9f-37cb-49ee-89a2-1ac21d1a22ea,"Men’s Racerback Vest – 100% Combed Cotton, Form-Fitting, Breathable Gym & Everyday Wear(S-XL) Pack of 1",GB,319.00,625.24,96.00,73.00,50.00,551.87
2eec5c9f-37cb-49ee-89a2-1ac21d1a22ea,"Men’s Racerback Vest – 100% Combed Cotton, Form-Fitting, Breathable Gym & Everyday Wear(S-XL) Pack of 1",IE,319.00,641.19,101.00,78.00,55.00,567.82
2eec5c9f-37cb-49ee-89a2-1ac21d1a22ea,"Men’s Racerback Vest – 100% Combed Cotton, Form-Fitting, Breathable Gym & Everyday Wear(S-XL) Pack of 1",KE,319.00,625.24,96.00,73.00,50.00,551.87
2eec5c9f-37cb-49ee-89a2-1ac21d1a22ea,"Men’s Racerback Vest – 100% Combed Cotton, Form-Fitting, Breathable Gym & Everyday Wear(S-XL) Pack of 1",MT,319.00,625.24,96.00,73.00,50.00,551.87
2eec5c9f-37cb-49ee-89a2-1ac21d1a22ea,"Men’s Racerback Vest – 100% Combed Cotton, Form-Fitting, Breathable Gym & Everyday Wear(S-XL) Pack of 1",US,319.00,625.24,96.00,73.00,50.00,551.87
97f20b08-3bcf-4b7d-a79e-3de2c663f5d8,"Men’s Ribbed Knit Polo Sweatshirt – Textured Fabric, Long Sleeve, Premium Casual Wear",IE,950.00,1814.50,91.00,68.00,45.00,1596.00
570c6dae-4a1c-400b-bdca-65542898ce22,"Men’s Ribbed Knit Polo Sweatshirt – Textured Fabric, Long Sleeve, Premium Streetwear",IE,950.00,1814.50,91.00,68.00,45.00,1596.00
01d0e2b2-8419-4ddd-a9c5-c292c9ba039a,"Men’s Rodeo Boxer Shorts – Cotton Fabric, Relaxed Fit, Comfortable & Breathable Everyday Wear(S-XL)",AL,295.00,578.20,96.00,73.00,50.00,510.35
01d0e2b2-8419-4ddd-a9c5-c292c9ba039a,"Men’s Rodeo Boxer Shorts – Cotton Fabric, Relaxed Fit, Comfortable & Breathable Everyday Wear(S-XL)",CH,295.00,578.20,96.00,73.00,50.00,510.35
01d0e2b2-8419-4ddd-a9c5-c292c9ba039a,"Men’s Rodeo Boxer Shorts – Cotton Fabric, Relaxed Fit, Comfortable & Breathable Everyday Wear(S-XL)",DE,295.00,578.20,96.00,73.00,50.00,510.35
01d0e2b2-8419-4ddd-a9c5-c292c9ba039a,"Men’s Rodeo Boxer Shorts – Cotton Fabric, Relaxed Fit, Comfortable & Breathable Everyday Wear(S-XL)",FR,295.00,578.20,96.00,73.00,50.00,510.35
01d0e2b2-8419-4ddd-a9c5-c292c9ba039a,"Men’s Rodeo Boxer Shorts – Cotton Fabric, Relaxed Fit, Comfortable & Breathable Everyday Wear(S-XL)",GB,295.00,578.20,96.00,73.00,50.00,510.35
01d0e2b2-8419-4ddd-a9c5-c292c9ba039a,"Men’s Rodeo Boxer Shorts – Cotton Fabric, Relaxed Fit, Comfortable & Breathable Everyday Wear(S-XL)",IE,295.00,592.95,101.00,78.00,55.00,525.10
01d0e2b2-8419-4ddd-a9c5-c292c9ba039a,"Men’s Rodeo Boxer Shorts – Cotton Fabric, Relaxed Fit, Comfortable & Breathable Everyday Wear(S-XL)",KE,295.00,578.20,96.00,73.00,50.00,510.35
01d0e2b2-8419-4ddd-a9c5-c292c9ba039a,"Men’s Rodeo Boxer Shorts – Cotton Fabric, Relaxed Fit, Comfortable & Breathable Everyday Wear(S-XL)",MT,295.00,578.20,96.00,73.00,50.00,510.35
01d0e2b2-8419-4ddd-a9c5-c292c9ba039a,"Men’s Rodeo Boxer Shorts – Cotton Fabric, Relaxed Fit, Comfortable & Breathable Everyday Wear(S-XL)",US,295.00,578.20,96.00,73.00,50.00,510.35
5b89c8c8-a1d5-4c9f-8ca5-3a6854569da4,"Men’s Spirit Tee – Sleeveless Cotton Vest, Form-Fitting, Breathable Active Innerwear (S-XL)",AL,359.00,703.64,96.00,73.00,50.00,621.07
5b89c8c8-a1d5-4c9f-8ca5-3a6854569da4,"Men’s Spirit Tee – Sleeveless Cotton Vest, Form-Fitting, Breathable Active Innerwear (S-XL)",CH,359.00,703.64,96.00,73.00,50.00,621.07
5b89c8c8-a1d5-4c9f-8ca5-3a6854569da4,"Men’s Spirit Tee – Sleeveless Cotton Vest, Form-Fitting, Breathable Active Innerwear (S-XL)",DE,359.00,703.64,96.00,73.00,50.00,621.07
5b89c8c8-a1d5-4c9f-8ca5-3a6854569da4,"Men’s Spirit Tee – Sleeveless Cotton Vest, Form-Fitting, Breathable Active Innerwear (S-XL)",FR,359.00,703.64,96.00,73.00,50.00,621.07
5b89c8c8-a1d5-4c9f-8ca5-3a6854569da4,"Men’s Spirit Tee – Sleeveless Cotton Vest, Form-Fitting, Breathable Active Innerwear (S-XL)",GB,359.00,703.64,96.00,73.00,50.00,621.07
5b89c8c8-a1d5-4c9f-8ca5-3a6854569da4,"Men’s Spirit Tee – Sleeveless Cotton Vest, Form-Fitting, Breathable Active Innerwear (S-XL)",IE,359.00,721.59,101.00,78.00,55.00,639.02
5b89c8c8-a1d5-4c9f-8ca5-3a6854569da4,"Men’s Spirit Tee – Sleeveless Cotton Vest, Form-Fitting, Breathable Active Innerwear (S-XL)",KE,359.00,703.64,96.00,73.00,50.00,621.07
5b89c8c8-a1d5-4c9f-8ca5-3a6854569da4,"Men’s Spirit Tee – Sleeveless Cotton Vest, Form-Fitting, Breathable Active Innerwear (S-XL)",MT,359.00,703.64,96.00,73.00,50.00,621.07
5b89c8c8-a1d5-4c9f-8ca5-3a6854569da4,"Men’s Spirit Tee – Sleeveless Cotton Vest, Form-Fitting, Breathable Active Innerwear (S-XL)",US,359.00,703.64,96.00,73.00,50.00,621.07
d9af3d65-b8ef-4dfb-9a39-1c9816b8f507,"Men’s Striped Long Sleeve T-Shirt – Casual Crew Neck Cotton Tee, Soft & Breathable, Relaxed Fit",IE,649.00,1239.59,91.00,68.00,45.00,1090.32
f8f8a531-81df-44a4-ba85-6d543800dfa0,"Men’s Striped Long Sleeve T-Shirt – Casual Crew Neck Cotton Tee, Soft & Breathable, Relaxed Fit",IE,649.00,1239.59,91.00,68.00,45.00,1090.32
2f502f4a-9a8b-471b-a89a-a38547c1bd96,"Men’s Super Soft Brief – Cotton Rich Stretch Underwear | Lenzing Micro Modal Stretch Fabric| Soft, Flexible & Breathable Innerwear by Crusoe",AL,359.00,703.64,96.00,73.00,50.00,621.07
2f502f4a-9a8b-471b-a89a-a38547c1bd96,"Men’s Super Soft Brief – Cotton Rich Stretch Underwear | Lenzing Micro Modal Stretch Fabric| Soft, Flexible & Breathable Innerwear by Crusoe",CH,359.00,703.64,96.00,73.00,50.00,621.07
2f502f4a-9a8b-471b-a89a-a38547c1bd96,"Men’s Super Soft Brief – Cotton Rich Stretch Underwear | Lenzing Micro Modal Stretch Fabric| Soft, Flexible & Breathable Innerwear by Crusoe",DE,359.00,703.64,96.00,73.00,50.00,621.07
2f502f4a-9a8b-471b-a89a-a38547c1bd96,"Men’s Super Soft Brief – Cotton Rich Stretch Underwear | Lenzing Micro Modal Stretch Fabric| Soft, Flexible & Breathable Innerwear by Crusoe",FR,359.00,703.64,96.00,73.00,50.00,621.07
2f502f4a-9a8b-471b-a89a-a38547c1bd96,"Men’s Super Soft Brief – Cotton Rich Stretch Underwear | Lenzing Micro Modal Stretch Fabric| Soft, Flexible & Breathable Innerwear by Crusoe",GB,359.00,703.64,96.00,73.00,50.00,621.07
2f502f4a-9a8b-471b-a89a-a38547c1bd96,"Men’s Super Soft Brief – Cotton Rich Stretch Underwear | Lenzing Micro Modal Stretch Fabric| Soft, Flexible & Breathable Innerwear by Crusoe",IE,359.00,721.59,101.00,78.00,55.00,639.02
2f502f4a-9a8b-471b-a89a-a38547c1bd96,"Men’s Super Soft Brief – Cotton Rich Stretch Underwear | Lenzing Micro Modal Stretch Fabric| Soft, Flexible & Breathable Innerwear by Crusoe",KE,359.00,703.64,96.00,73.00,50.00,621.07
2f502f4a-9a8b-471b-a89a-a38547c1bd96,"Men’s Super Soft Brief – Cotton Rich Stretch Underwear | Lenzing Micro Modal Stretch Fabric| Soft, Flexible & Breathable Innerwear by Crusoe",MT,359.00,703.64,96.00,73.00,50.00,621.07
2f502f4a-9a8b-471b-a89a-a38547c1bd96,"Men’s Super Soft Brief – Cotton Rich Stretch Underwear | Lenzing Micro Modal Stretch Fabric| Soft, Flexible & Breathable Innerwear by Crusoe",US,359.00,703.64,96.00,73.00,50.00,621.07
0e62db3d-a6b6-43af-8c6f-7e3ec38f111e,"Men’s Track Pant – Cotton Blend, Regular Fit, Comfortable & Breathable Activewear,(S-XXL),",IE,669.00,1277.79,91.00,68.00,45.00,1123.92
d12f212f-ff78-417d-b0b0-f6cd3db467ed,MILA Beauté GLOSSGirl Hydrating Lip Gloss | High Shine Non-Sticky Gloss | Hyaluronic Acid & Mango Seed Butter | Lightweight Moisturizing Formula | Mirror Finish Lip Gloss for All Indian Skin Tones,AL,299.00,600.99,101.00,78.00,55.00,532.22
d12f212f-ff78-417d-b0b0-f6cd3db467ed,MILA Beauté GLOSSGirl Hydrating Lip Gloss | High Shine Non-Sticky Gloss | Hyaluronic Acid & Mango Seed Butter | Lightweight Moisturizing Formula | Mirror Finish Lip Gloss for All Indian Skin Tones,CH,299.00,600.99,101.00,78.00,55.00,532.22
d12f212f-ff78-417d-b0b0-f6cd3db467ed,MILA Beauté GLOSSGirl Hydrating Lip Gloss | High Shine Non-Sticky Gloss | Hyaluronic Acid & Mango Seed Butter | Lightweight Moisturizing Formula | Mirror Finish Lip Gloss for All Indian Skin Tones,DE,299.00,600.99,101.00,78.00,55.00,532.22
d12f212f-ff78-417d-b0b0-f6cd3db467ed,MILA Beauté GLOSSGirl Hydrating Lip Gloss | High Shine Non-Sticky Gloss | Hyaluronic Acid & Mango Seed Butter | Lightweight Moisturizing Formula | Mirror Finish Lip Gloss for All Indian Skin Tones,FR,299.00,630.89,111.00,88.00,65.00,562.12
d12f212f-ff78-417d-b0b0-f6cd3db467ed,MILA Beauté GLOSSGirl Hydrating Lip Gloss | High Shine Non-Sticky Gloss | Hyaluronic Acid & Mango Seed Butter | Lightweight Moisturizing Formula | Mirror Finish Lip Gloss for All Indian Skin Tones,GB,299.00,603.98,102.00,79.00,56.00,535.21
d12f212f-ff78-417d-b0b0-f6cd3db467ed,MILA Beauté GLOSSGirl Hydrating Lip Gloss | High Shine Non-Sticky Gloss | Hyaluronic Acid & Mango Seed Butter | Lightweight Moisturizing Formula | Mirror Finish Lip Gloss for All Indian Skin Tones,IE,299.00,603.98,102.00,79.00,56.00,535.21
d12f212f-ff78-417d-b0b0-f6cd3db467ed,MILA Beauté GLOSSGirl Hydrating Lip Gloss | High Shine Non-Sticky Gloss | Hyaluronic Acid & Mango Seed Butter | Lightweight Moisturizing Formula | Mirror Finish Lip Gloss for All Indian Skin Tones,KE,299.00,600.99,101.00,78.00,55.00,532.22
d12f212f-ff78-417d-b0b0-f6cd3db467ed,MILA Beauté GLOSSGirl Hydrating Lip Gloss | High Shine Non-Sticky Gloss | Hyaluronic Acid & Mango Seed Butter | Lightweight Moisturizing Formula | Mirror Finish Lip Gloss for All Indian Skin Tones,MT,299.00,645.84,116.00,93.00,70.00,577.07
d12f212f-ff78-417d-b0b0-f6cd3db467ed,MILA Beauté GLOSSGirl Hydrating Lip Gloss | High Shine Non-Sticky Gloss | Hyaluronic Acid & Mango Seed Butter | Lightweight Moisturizing Formula | Mirror Finish Lip Gloss for All Indian Skin Tones,US,299.00,639.86,114.00,91.00,68.00,571.09
ffb065a7-e0e5-4a3d-b633-1725df3ad886,MILAP Hypnot Eyes Kajal,AL,100.00,196.00,96.00,73.00,50.00,173.00
ffb065a7-e0e5-4a3d-b633-1725df3ad886,MILAP Hypnot Eyes Kajal,CH,100.00,196.00,96.00,73.00,50.00,173.00
ffb065a7-e0e5-4a3d-b633-1725df3ad886,MILAP Hypnot Eyes Kajal,DE,100.00,196.00,96.00,73.00,50.00,173.00
ffb065a7-e0e5-4a3d-b633-1725df3ad886,MILAP Hypnot Eyes Kajal,FR,100.00,196.00,96.00,73.00,50.00,173.00
ffb065a7-e0e5-4a3d-b633-1725df3ad886,MILAP Hypnot Eyes Kajal,GB,100.00,196.00,96.00,73.00,50.00,173.00
ffb065a7-e0e5-4a3d-b633-1725df3ad886,MILAP Hypnot Eyes Kajal,IE,100.00,201.00,101.00,78.00,55.00,178.00
ffb065a7-e0e5-4a3d-b633-1725df3ad886,MILAP Hypnot Eyes Kajal,KE,100.00,196.00,96.00,73.00,50.00,173.00
ffb065a7-e0e5-4a3d-b633-1725df3ad886,MILAP Hypnot Eyes Kajal,MT,100.00,196.00,96.00,73.00,50.00,173.00
ffb065a7-e0e5-4a3d-b633-1725df3ad886,MILAP Hypnot Eyes Kajal,US,100.00,196.00,96.00,73.00,50.00,173.00
1df8c580-c714-4e36-ac19-bae87469821f,Mini Retro Car Toy,AL,292.98,574.25,96.00,73.00,50.00,506.86
1df8c580-c714-4e36-ac19-bae87469821f,Mini Retro Car Toy,CH,292.98,574.25,96.00,73.00,50.00,506.86
1df8c580-c714-4e36-ac19-bae87469821f,Mini Retro Car Toy,DE,292.98,574.25,96.00,73.00,50.00,506.86
1df8c580-c714-4e36-ac19-bae87469821f,Mini Retro Car Toy,FR,292.98,574.25,96.00,73.00,50.00,506.86
1df8c580-c714-4e36-ac19-bae87469821f,Mini Retro Car Toy,GB,292.98,574.25,96.00,73.00,50.00,506.86
1df8c580-c714-4e36-ac19-bae87469821f,Mini Retro Car Toy,IE,292.98,588.90,101.00,78.00,55.00,521.51
1df8c580-c714-4e36-ac19-bae87469821f,Mini Retro Car Toy,KE,292.98,574.25,96.00,73.00,50.00,506.86
1df8c580-c714-4e36-ac19-bae87469821f,Mini Retro Car Toy,MT,292.98,574.25,96.00,73.00,50.00,506.86
1df8c580-c714-4e36-ac19-bae87469821f,Mini Retro Car Toy,US,292.98,574.25,96.00,73.00,50.00,506.86
86c1cbed-61d4-4c14-9405-833deb65f464,Monbair Wild Turmeric Powder (Kasturi Haldi) - 100 g,AL,378.00,740.88,96.00,73.00,50.00,653.94
86c1cbed-61d4-4c14-9405-833deb65f464,Monbair Wild Turmeric Powder (Kasturi Haldi) - 100 g,CH,378.00,740.88,96.00,73.00,50.00,653.94
86c1cbed-61d4-4c14-9405-833deb65f464,Monbair Wild Turmeric Powder (Kasturi Haldi) - 100 g,DE,378.00,740.88,96.00,73.00,50.00,653.94
86c1cbed-61d4-4c14-9405-833deb65f464,Monbair Wild Turmeric Powder (Kasturi Haldi) - 100 g,FR,378.00,740.88,96.00,73.00,50.00,653.94
86c1cbed-61d4-4c14-9405-833deb65f464,Monbair Wild Turmeric Powder (Kasturi Haldi) - 100 g,GB,378.00,740.88,96.00,73.00,50.00,653.94
86c1cbed-61d4-4c14-9405-833deb65f464,Monbair Wild Turmeric Powder (Kasturi Haldi) - 100 g,IE,378.00,759.78,101.00,78.00,55.00,672.84
86c1cbed-61d4-4c14-9405-833deb65f464,Monbair Wild Turmeric Powder (Kasturi Haldi) - 100 g,KE,378.00,740.88,96.00,73.00,50.00,653.94
86c1cbed-61d4-4c14-9405-833deb65f464,Monbair Wild Turmeric Powder (Kasturi Haldi) - 100 g,MT,378.00,740.88,96.00,73.00,50.00,653.94
86c1cbed-61d4-4c14-9405-833deb65f464,Monbair Wild Turmeric Powder (Kasturi Haldi) - 100 g,US,378.00,740.88,96.00,73.00,50.00,653.94
519f817a-5223-4b0e-b227-1dafc2cf1d30,"Montex Croma Top-Twist Metal Ball Pen — Gold-Finish Body, Retractable Mechanism | Premium Writing Pen for Executives, Professionals & Corporate Gifting | 1 Unit",AL,150.00,294.00,96.00,73.00,50.00,259.50
519f817a-5223-4b0e-b227-1dafc2cf1d30,"Montex Croma Top-Twist Metal Ball Pen — Gold-Finish Body, Retractable Mechanism | Premium Writing Pen for Executives, Professionals & Corporate Gifting | 1 Unit",CH,150.00,294.00,96.00,73.00,50.00,259.50
519f817a-5223-4b0e-b227-1dafc2cf1d30,"Montex Croma Top-Twist Metal Ball Pen — Gold-Finish Body, Retractable Mechanism | Premium Writing Pen for Executives, Professionals & Corporate Gifting | 1 Unit",DE,150.00,294.00,96.00,73.00,50.00,259.50
519f817a-5223-4b0e-b227-1dafc2cf1d30,"Montex Croma Top-Twist Metal Ball Pen — Gold-Finish Body, Retractable Mechanism | Premium Writing Pen for Executives, Professionals & Corporate Gifting | 1 Unit",FR,150.00,294.00,96.00,73.00,50.00,259.50
519f817a-5223-4b0e-b227-1dafc2cf1d30,"Montex Croma Top-Twist Metal Ball Pen — Gold-Finish Body, Retractable Mechanism | Premium Writing Pen for Executives, Professionals & Corporate Gifting | 1 Unit",GB,150.00,294.00,96.00,73.00,50.00,259.50
519f817a-5223-4b0e-b227-1dafc2cf1d30,"Montex Croma Top-Twist Metal Ball Pen — Gold-Finish Body, Retractable Mechanism | Premium Writing Pen for Executives, Professionals & Corporate Gifting | 1 Unit",IE,150.00,301.50,101.00,78.00,55.00,267.00
519f817a-5223-4b0e-b227-1dafc2cf1d30,"Montex Croma Top-Twist Metal Ball Pen — Gold-Finish Body, Retractable Mechanism | Premium Writing Pen for Executives, Professionals & Corporate Gifting | 1 Unit",KE,150.00,294.00,96.00,73.00,50.00,259.50
519f817a-5223-4b0e-b227-1dafc2cf1d30,"Montex Croma Top-Twist Metal Ball Pen — Gold-Finish Body, Retractable Mechanism | Premium Writing Pen for Executives, Professionals & Corporate Gifting | 1 Unit",MT,150.00,294.00,96.00,73.00,50.00,259.50
519f817a-5223-4b0e-b227-1dafc2cf1d30,"Montex Croma Top-Twist Metal Ball Pen — Gold-Finish Body, Retractable Mechanism | Premium Writing Pen for Executives, Professionals & Corporate Gifting | 1 Unit",US,150.00,294.00,96.00,73.00,50.00,259.50
e0e63d69-ed1f-4bd8-9fcb-340429b812b7,MSYAHO CARNIVAL TIME TERRACOTTA HIGHLITER,AL,150.00,294.00,96.00,73.00,50.00,259.50
e0e63d69-ed1f-4bd8-9fcb-340429b812b7,MSYAHO CARNIVAL TIME TERRACOTTA HIGHLITER,CH,150.00,294.00,96.00,73.00,50.00,259.50
e0e63d69-ed1f-4bd8-9fcb-340429b812b7,MSYAHO CARNIVAL TIME TERRACOTTA HIGHLITER,DE,150.00,294.00,96.00,73.00,50.00,259.50
e0e63d69-ed1f-4bd8-9fcb-340429b812b7,MSYAHO CARNIVAL TIME TERRACOTTA HIGHLITER,FR,150.00,294.00,96.00,73.00,50.00,259.50
e0e63d69-ed1f-4bd8-9fcb-340429b812b7,MSYAHO CARNIVAL TIME TERRACOTTA HIGHLITER,GB,150.00,294.00,96.00,73.00,50.00,259.50
e0e63d69-ed1f-4bd8-9fcb-340429b812b7,MSYAHO CARNIVAL TIME TERRACOTTA HIGHLITER,IE,150.00,301.50,101.00,78.00,55.00,267.00
e0e63d69-ed1f-4bd8-9fcb-340429b812b7,MSYAHO CARNIVAL TIME TERRACOTTA HIGHLITER,KE,150.00,294.00,96.00,73.00,50.00,259.50
e0e63d69-ed1f-4bd8-9fcb-340429b812b7,MSYAHO CARNIVAL TIME TERRACOTTA HIGHLITER,MT,150.00,294.00,96.00,73.00,50.00,259.50
e0e63d69-ed1f-4bd8-9fcb-340429b812b7,MSYAHO CARNIVAL TIME TERRACOTTA HIGHLITER,US,150.00,294.00,96.00,73.00,50.00,259.50
cba8b8f4-f255-4cb5-a5ca-ea75ed953ea1,"My Fit Make-Up Foundation for Even Skin Tone, Lightweight Liquid Face Makeup, Smooth Coverage, Daily Wear Base for Natural Finish",AL,55.00,107.80,96.00,73.00,50.00,95.15
cba8b8f4-f255-4cb5-a5ca-ea75ed953ea1,"My Fit Make-Up Foundation for Even Skin Tone, Lightweight Liquid Face Makeup, Smooth Coverage, Daily Wear Base for Natural Finish",CH,55.00,107.80,96.00,73.00,50.00,95.15
cba8b8f4-f255-4cb5-a5ca-ea75ed953ea1,"My Fit Make-Up Foundation for Even Skin Tone, Lightweight Liquid Face Makeup, Smooth Coverage, Daily Wear Base for Natural Finish",DE,55.00,107.80,96.00,73.00,50.00,95.15
cba8b8f4-f255-4cb5-a5ca-ea75ed953ea1,"My Fit Make-Up Foundation for Even Skin Tone, Lightweight Liquid Face Makeup, Smooth Coverage, Daily Wear Base for Natural Finish",FR,55.00,107.80,96.00,73.00,50.00,95.15
cba8b8f4-f255-4cb5-a5ca-ea75ed953ea1,"My Fit Make-Up Foundation for Even Skin Tone, Lightweight Liquid Face Makeup, Smooth Coverage, Daily Wear Base for Natural Finish",GB,55.00,107.80,96.00,73.00,50.00,95.15
cba8b8f4-f255-4cb5-a5ca-ea75ed953ea1,"My Fit Make-Up Foundation for Even Skin Tone, Lightweight Liquid Face Makeup, Smooth Coverage, Daily Wear Base for Natural Finish",IE,55.00,110.55,101.00,78.00,55.00,97.90
cba8b8f4-f255-4cb5-a5ca-ea75ed953ea1,"My Fit Make-Up Foundation for Even Skin Tone, Lightweight Liquid Face Makeup, Smooth Coverage, Daily Wear Base for Natural Finish",KE,55.00,107.80,96.00,73.00,50.00,95.15
cba8b8f4-f255-4cb5-a5ca-ea75ed953ea1,"My Fit Make-Up Foundation for Even Skin Tone, Lightweight Liquid Face Makeup, Smooth Coverage, Daily Wear Base for Natural Finish",MT,55.00,107.80,96.00,73.00,50.00,95.15
cba8b8f4-f255-4cb5-a5ca-ea75ed953ea1,"My Fit Make-Up Foundation for Even Skin Tone, Lightweight Liquid Face Makeup, Smooth Coverage, Daily Wear Base for Natural Finish",US,55.00,107.80,96.00,73.00,50.00,95.15
2ad4674e-4072-40fa-9f8c-0372a1c8f91a,MYSORE SANDAL SOAP,AL,35.00,68.60,96.00,73.00,50.00,60.55
2ad4674e-4072-40fa-9f8c-0372a1c8f91a,MYSORE SANDAL SOAP,CH,35.00,68.60,96.00,73.00,50.00,60.55
2ad4674e-4072-40fa-9f8c-0372a1c8f91a,MYSORE SANDAL SOAP,DE,35.00,68.60,96.00,73.00,50.00,60.55
2ad4674e-4072-40fa-9f8c-0372a1c8f91a,MYSORE SANDAL SOAP,FR,35.00,68.60,96.00,73.00,50.00,60.55
2ad4674e-4072-40fa-9f8c-0372a1c8f91a,MYSORE SANDAL SOAP,GB,35.00,68.60,96.00,73.00,50.00,60.55
2ad4674e-4072-40fa-9f8c-0372a1c8f91a,MYSORE SANDAL SOAP,IE,35.00,70.35,101.00,78.00,55.00,62.30
2ad4674e-4072-40fa-9f8c-0372a1c8f91a,MYSORE SANDAL SOAP,KE,35.00,68.60,96.00,73.00,50.00,60.55
2ad4674e-4072-40fa-9f8c-0372a1c8f91a,MYSORE SANDAL SOAP,MT,35.00,68.60,96.00,73.00,50.00,60.55
2ad4674e-4072-40fa-9f8c-0372a1c8f91a,MYSORE SANDAL SOAP,US,35.00,68.60,96.00,73.00,50.00,60.55
8152c2e7-0214-434e-a2f9-3b7fe8a1c01f,Nature’s Essence Daily De-Tan Day Serum Cream (30 g),AL,50.00,98.00,96.00,73.00,50.00,86.50
8152c2e7-0214-434e-a2f9-3b7fe8a1c01f,Nature’s Essence Daily De-Tan Day Serum Cream (30 g),CH,50.00,98.00,96.00,73.00,50.00,86.50
8152c2e7-0214-434e-a2f9-3b7fe8a1c01f,Nature’s Essence Daily De-Tan Day Serum Cream (30 g),DE,50.00,98.00,96.00,73.00,50.00,86.50
8152c2e7-0214-434e-a2f9-3b7fe8a1c01f,Nature’s Essence Daily De-Tan Day Serum Cream (30 g),FR,50.00,98.00,96.00,73.00,50.00,86.50
8152c2e7-0214-434e-a2f9-3b7fe8a1c01f,Nature’s Essence Daily De-Tan Day Serum Cream (30 g),GB,50.00,98.00,96.00,73.00,50.00,86.50
8152c2e7-0214-434e-a2f9-3b7fe8a1c01f,Nature’s Essence Daily De-Tan Day Serum Cream (30 g),IE,50.00,100.50,101.00,78.00,55.00,89.00
8152c2e7-0214-434e-a2f9-3b7fe8a1c01f,Nature’s Essence Daily De-Tan Day Serum Cream (30 g),KE,50.00,98.00,96.00,73.00,50.00,86.50
8152c2e7-0214-434e-a2f9-3b7fe8a1c01f,Nature’s Essence Daily De-Tan Day Serum Cream (30 g),MT,50.00,98.00,96.00,73.00,50.00,86.50
8152c2e7-0214-434e-a2f9-3b7fe8a1c01f,Nature’s Essence Daily De-Tan Day Serum Cream (30 g),US,50.00,98.00,96.00,73.00,50.00,86.50
fb511947-7ca7-4600-b170-d7a4c9076e7f,"Nature’s Essence SunBAN Sunscreen & Tan Block Lotion SPF 30 PA+++ | Non-Sticky, Non-Oily | UVA & UVB Protection | 30ml",AL,78.00,152.88,96.00,73.00,50.00,134.94
fb511947-7ca7-4600-b170-d7a4c9076e7f,"Nature’s Essence SunBAN Sunscreen & Tan Block Lotion SPF 30 PA+++ | Non-Sticky, Non-Oily | UVA & UVB Protection | 30ml",CH,78.00,152.88,96.00,73.00,50.00,134.94
fb511947-7ca7-4600-b170-d7a4c9076e7f,"Nature’s Essence SunBAN Sunscreen & Tan Block Lotion SPF 30 PA+++ | Non-Sticky, Non-Oily | UVA & UVB Protection | 30ml",DE,78.00,152.88,96.00,73.00,50.00,134.94
fb511947-7ca7-4600-b170-d7a4c9076e7f,"Nature’s Essence SunBAN Sunscreen & Tan Block Lotion SPF 30 PA+++ | Non-Sticky, Non-Oily | UVA & UVB Protection | 30ml",FR,78.00,152.88,96.00,73.00,50.00,134.94
fb511947-7ca7-4600-b170-d7a4c9076e7f,"Nature’s Essence SunBAN Sunscreen & Tan Block Lotion SPF 30 PA+++ | Non-Sticky, Non-Oily | UVA & UVB Protection | 30ml",GB,78.00,152.88,96.00,73.00,50.00,134.94
fb511947-7ca7-4600-b170-d7a4c9076e7f,"Nature’s Essence SunBAN Sunscreen & Tan Block Lotion SPF 30 PA+++ | Non-Sticky, Non-Oily | UVA & UVB Protection | 30ml",IE,78.00,156.78,101.00,78.00,55.00,138.84
fb511947-7ca7-4600-b170-d7a4c9076e7f,"Nature’s Essence SunBAN Sunscreen & Tan Block Lotion SPF 30 PA+++ | Non-Sticky, Non-Oily | UVA & UVB Protection | 30ml",KE,78.00,152.88,96.00,73.00,50.00,134.94
fb511947-7ca7-4600-b170-d7a4c9076e7f,"Nature’s Essence SunBAN Sunscreen & Tan Block Lotion SPF 30 PA+++ | Non-Sticky, Non-Oily | UVA & UVB Protection | 30ml",MT,78.00,152.88,96.00,73.00,50.00,134.94
fb511947-7ca7-4600-b170-d7a4c9076e7f,"Nature’s Essence SunBAN Sunscreen & Tan Block Lotion SPF 30 PA+++ | Non-Sticky, Non-Oily | UVA & UVB Protection | 30ml",US,78.00,152.88,96.00,73.00,50.00,134.94
65fd37e1-5f20-4ec3-9c64-6ccb4b65f4a9,Navratna Ayurvedic Oil Cool (90 ml),AL,76.50,149.94,96.00,73.00,50.00,132.35
65fd37e1-5f20-4ec3-9c64-6ccb4b65f4a9,Navratna Ayurvedic Oil Cool (90 ml),CH,76.50,149.94,96.00,73.00,50.00,132.35
65fd37e1-5f20-4ec3-9c64-6ccb4b65f4a9,Navratna Ayurvedic Oil Cool (90 ml),DE,76.50,149.94,96.00,73.00,50.00,132.35
65fd37e1-5f20-4ec3-9c64-6ccb4b65f4a9,Navratna Ayurvedic Oil Cool (90 ml),FR,76.50,149.94,96.00,73.00,50.00,132.35
65fd37e1-5f20-4ec3-9c64-6ccb4b65f4a9,Navratna Ayurvedic Oil Cool (90 ml),GB,76.50,149.94,96.00,73.00,50.00,132.35
65fd37e1-5f20-4ec3-9c64-6ccb4b65f4a9,Navratna Ayurvedic Oil Cool (90 ml),IE,76.50,153.78,101.02,78.02,55.02,136.18
65fd37e1-5f20-4ec3-9c64-6ccb4b65f4a9,Navratna Ayurvedic Oil Cool (90 ml),KE,76.50,149.94,96.00,73.00,50.00,132.35
65fd37e1-5f20-4ec3-9c64-6ccb4b65f4a9,Navratna Ayurvedic Oil Cool (90 ml),MT,76.50,149.94,96.00,73.00,50.00,132.35
65fd37e1-5f20-4ec3-9c64-6ccb4b65f4a9,Navratna Ayurvedic Oil Cool (90 ml),US,76.50,149.94,96.00,73.00,50.00,132.35
105f9e54-9f69-4c1d-819f-fe10a3bc3b49,Neo Bright Colour Guard Liquid 100ml | Color Protector for Clothes | Prevents Color Fading | Fabric Care Solution for Bright & Long-Lasting Colors,AL,123.00,241.08,96.00,73.00,50.00,212.79
105f9e54-9f69-4c1d-819f-fe10a3bc3b49,Neo Bright Colour Guard Liquid 100ml | Color Protector for Clothes | Prevents Color Fading | Fabric Care Solution for Bright & Long-Lasting Colors,CH,123.00,241.08,96.00,73.00,50.00,212.79
105f9e54-9f69-4c1d-819f-fe10a3bc3b49,Neo Bright Colour Guard Liquid 100ml | Color Protector for Clothes | Prevents Color Fading | Fabric Care Solution for Bright & Long-Lasting Colors,DE,123.00,241.08,96.00,73.00,50.00,212.79
105f9e54-9f69-4c1d-819f-fe10a3bc3b49,Neo Bright Colour Guard Liquid 100ml | Color Protector for Clothes | Prevents Color Fading | Fabric Care Solution for Bright & Long-Lasting Colors,FR,123.00,241.08,96.00,73.00,50.00,212.79
105f9e54-9f69-4c1d-819f-fe10a3bc3b49,Neo Bright Colour Guard Liquid 100ml | Color Protector for Clothes | Prevents Color Fading | Fabric Care Solution for Bright & Long-Lasting Colors,GB,123.00,241.08,96.00,73.00,50.00,212.79
105f9e54-9f69-4c1d-819f-fe10a3bc3b49,Neo Bright Colour Guard Liquid 100ml | Color Protector for Clothes | Prevents Color Fading | Fabric Care Solution for Bright & Long-Lasting Colors,IE,123.00,247.23,101.00,78.00,55.00,218.94
105f9e54-9f69-4c1d-819f-fe10a3bc3b49,Neo Bright Colour Guard Liquid 100ml | Color Protector for Clothes | Prevents Color Fading | Fabric Care Solution for Bright & Long-Lasting Colors,KE,123.00,241.08,96.00,73.00,50.00,212.79
105f9e54-9f69-4c1d-819f-fe10a3bc3b49,Neo Bright Colour Guard Liquid 100ml | Color Protector for Clothes | Prevents Color Fading | Fabric Care Solution for Bright & Long-Lasting Colors,MT,123.00,241.08,96.00,73.00,50.00,212.79
105f9e54-9f69-4c1d-819f-fe10a3bc3b49,Neo Bright Colour Guard Liquid 100ml | Color Protector for Clothes | Prevents Color Fading | Fabric Care Solution for Bright & Long-Lasting Colors,US,123.00,241.08,96.00,73.00,50.00,212.79
4483c4f4-4b5e-4015-8c97-d9c85fdaf8d8,New Balance 9060 Premium Sales Copy,AL,3399.00,6492.09,91.00,68.00,45.00,5710.32
4483c4f4-4b5e-4015-8c97-d9c85fdaf8d8,New Balance 9060 Premium Sales Copy,CH,3399.00,6492.09,91.00,68.00,45.00,5710.32
4483c4f4-4b5e-4015-8c97-d9c85fdaf8d8,New Balance 9060 Premium Sales Copy,DE,3399.00,6492.09,91.00,68.00,45.00,5710.32
4483c4f4-4b5e-4015-8c97-d9c85fdaf8d8,New Balance 9060 Premium Sales Copy,FR,3399.00,6492.09,91.00,68.00,45.00,5710.32
4483c4f4-4b5e-4015-8c97-d9c85fdaf8d8,New Balance 9060 Premium Sales Copy,GB,3399.00,6492.09,91.00,68.00,45.00,5710.32
4483c4f4-4b5e-4015-8c97-d9c85fdaf8d8,New Balance 9060 Premium Sales Copy,IE,3399.00,6831.99,101.00,78.00,55.00,6050.22
4483c4f4-4b5e-4015-8c97-d9c85fdaf8d8,New Balance 9060 Premium Sales Copy,KE,3399.00,6492.09,91.00,68.00,45.00,5710.32
4483c4f4-4b5e-4015-8c97-d9c85fdaf8d8,New Balance 9060 Premium Sales Copy,MT,3399.00,6492.09,91.00,68.00,45.00,5710.32
4483c4f4-4b5e-4015-8c97-d9c85fdaf8d8,New Balance 9060 Premium Sales Copy,US,3399.00,6492.09,91.00,68.00,45.00,5710.32
87d8d3e0-4479-473e-9f5d-c23826cb6804,Newborn Baby Kettuduppu,AL,399.00,782.04,96.00,73.00,50.00,690.27
87d8d3e0-4479-473e-9f5d-c23826cb6804,Newborn Baby Kettuduppu,CH,399.00,782.04,96.00,73.00,50.00,690.27
87d8d3e0-4479-473e-9f5d-c23826cb6804,Newborn Baby Kettuduppu,DE,399.00,782.04,96.00,73.00,50.00,690.27
87d8d3e0-4479-473e-9f5d-c23826cb6804,Newborn Baby Kettuduppu,FR,399.00,782.04,96.00,73.00,50.00,690.27
87d8d3e0-4479-473e-9f5d-c23826cb6804,Newborn Baby Kettuduppu,GB,399.00,782.04,96.00,73.00,50.00,690.27
87d8d3e0-4479-473e-9f5d-c23826cb6804,Newborn Baby Kettuduppu,IE,399.00,801.99,101.00,78.00,55.00,710.22
87d8d3e0-4479-473e-9f5d-c23826cb6804,Newborn Baby Kettuduppu,KE,399.00,782.04,96.00,73.00,50.00,690.27
87d8d3e0-4479-473e-9f5d-c23826cb6804,Newborn Baby Kettuduppu,MT,399.00,782.04,96.00,73.00,50.00,690.27
87d8d3e0-4479-473e-9f5d-c23826cb6804,Newborn Baby Kettuduppu,US,399.00,782.04,96.00,73.00,50.00,690.27
136d9d1a-df00-416d-a668-07284798d6b8,NIVEA CREME 30 ML,AL,139.00,272.44,96.00,73.00,50.00,240.47
136d9d1a-df00-416d-a668-07284798d6b8,NIVEA CREME 30 ML,CH,139.00,272.44,96.00,73.00,50.00,240.47
136d9d1a-df00-416d-a668-07284798d6b8,NIVEA CREME 30 ML,DE,139.00,272.44,96.00,73.00,50.00,240.47
136d9d1a-df00-416d-a668-07284798d6b8,NIVEA CREME 30 ML,FR,139.00,272.44,96.00,73.00,50.00,240.47
136d9d1a-df00-416d-a668-07284798d6b8,NIVEA CREME 30 ML,GB,139.00,272.44,96.00,73.00,50.00,240.47
136d9d1a-df00-416d-a668-07284798d6b8,NIVEA CREME 30 ML,IE,139.00,279.39,101.00,78.00,55.00,247.42
136d9d1a-df00-416d-a668-07284798d6b8,NIVEA CREME 30 ML,KE,139.00,272.44,96.00,73.00,50.00,240.47
136d9d1a-df00-416d-a668-07284798d6b8,NIVEA CREME 30 ML,MT,139.00,272.44,96.00,73.00,50.00,240.47
136d9d1a-df00-416d-a668-07284798d6b8,NIVEA CREME 30 ML,US,139.00,272.44,96.00,73.00,50.00,240.47
f314a71c-b4fb-4560-8a41-ec057a8c2fc9,NIVEA Shea Smooth Body Lotion | 72h Moisture | With Shea Butter & Deep Nourish Serum | For Dry Skin | Smooth & Soft Skin Care,IE,329.00,759.99,131.00,108.00,85.00,684.32
095ac758-2337-4431-821d-5d9120311efb,NIVEA SOFT LIGHT MOISTURIZING CREAM,AL,260.00,509.60,96.00,73.00,50.00,449.80
095ac758-2337-4431-821d-5d9120311efb,NIVEA SOFT LIGHT MOISTURIZING CREAM,CH,260.00,509.60,96.00,73.00,50.00,449.80
095ac758-2337-4431-821d-5d9120311efb,NIVEA SOFT LIGHT MOISTURIZING CREAM,DE,260.00,509.60,96.00,73.00,50.00,449.80
095ac758-2337-4431-821d-5d9120311efb,NIVEA SOFT LIGHT MOISTURIZING CREAM,FR,260.00,509.60,96.00,73.00,50.00,449.80
095ac758-2337-4431-821d-5d9120311efb,NIVEA SOFT LIGHT MOISTURIZING CREAM,GB,260.00,509.60,96.00,73.00,50.00,449.80
095ac758-2337-4431-821d-5d9120311efb,NIVEA SOFT LIGHT MOISTURIZING CREAM,IE,260.00,522.60,101.00,78.00,55.00,462.80
095ac758-2337-4431-821d-5d9120311efb,NIVEA SOFT LIGHT MOISTURIZING CREAM,KE,260.00,509.60,96.00,73.00,50.00,449.80
095ac758-2337-4431-821d-5d9120311efb,NIVEA SOFT LIGHT MOISTURIZING CREAM,MT,260.00,509.60,96.00,73.00,50.00,449.80
095ac758-2337-4431-821d-5d9120311efb,NIVEA SOFT LIGHT MOISTURIZING CREAM,US,260.00,509.60,96.00,73.00,50.00,449.80
30b4e20b-7b7a-416f-b4ab-5b374e1f7d1b,"NY Bae Pro Strobe Cream 3-in-1 Highlighter Moisturizer Primer, Pink Topaz, Radiant Glow Illuminating Cream for Smooth Makeup Base & Hydrated Skin",AL,225.00,441.00,96.00,73.00,50.00,389.25
30b4e20b-7b7a-416f-b4ab-5b374e1f7d1b,"NY Bae Pro Strobe Cream 3-in-1 Highlighter Moisturizer Primer, Pink Topaz, Radiant Glow Illuminating Cream for Smooth Makeup Base & Hydrated Skin",CH,225.00,441.00,96.00,73.00,50.00,389.25
30b4e20b-7b7a-416f-b4ab-5b374e1f7d1b,"NY Bae Pro Strobe Cream 3-in-1 Highlighter Moisturizer Primer, Pink Topaz, Radiant Glow Illuminating Cream for Smooth Makeup Base & Hydrated Skin",DE,225.00,441.00,96.00,73.00,50.00,389.25
30b4e20b-7b7a-416f-b4ab-5b374e1f7d1b,"NY Bae Pro Strobe Cream 3-in-1 Highlighter Moisturizer Primer, Pink Topaz, Radiant Glow Illuminating Cream for Smooth Makeup Base & Hydrated Skin",FR,225.00,441.00,96.00,73.00,50.00,389.25
30b4e20b-7b7a-416f-b4ab-5b374e1f7d1b,"NY Bae Pro Strobe Cream 3-in-1 Highlighter Moisturizer Primer, Pink Topaz, Radiant Glow Illuminating Cream for Smooth Makeup Base & Hydrated Skin",GB,225.00,441.00,96.00,73.00,50.00,389.25
30b4e20b-7b7a-416f-b4ab-5b374e1f7d1b,"NY Bae Pro Strobe Cream 3-in-1 Highlighter Moisturizer Primer, Pink Topaz, Radiant Glow Illuminating Cream for Smooth Makeup Base & Hydrated Skin",IE,225.00,452.25,101.00,78.00,55.00,400.50
30b4e20b-7b7a-416f-b4ab-5b374e1f7d1b,"NY Bae Pro Strobe Cream 3-in-1 Highlighter Moisturizer Primer, Pink Topaz, Radiant Glow Illuminating Cream for Smooth Makeup Base & Hydrated Skin",KE,225.00,441.00,96.00,73.00,50.00,389.25
30b4e20b-7b7a-416f-b4ab-5b374e1f7d1b,"NY Bae Pro Strobe Cream 3-in-1 Highlighter Moisturizer Primer, Pink Topaz, Radiant Glow Illuminating Cream for Smooth Makeup Base & Hydrated Skin",MT,225.00,441.00,96.00,73.00,50.00,389.25
30b4e20b-7b7a-416f-b4ab-5b374e1f7d1b,"NY Bae Pro Strobe Cream 3-in-1 Highlighter Moisturizer Primer, Pink Topaz, Radiant Glow Illuminating Cream for Smooth Makeup Base & Hydrated Skin",US,225.00,441.00,96.00,73.00,50.00,389.25
aed46cae-5f99-4c2b-b44e-391027f1fe33,Olay Natural Aura Instant Glow Cream,AL,197.00,386.12,96.00,73.00,50.00,340.81
aed46cae-5f99-4c2b-b44e-391027f1fe33,Olay Natural Aura Instant Glow Cream,CH,197.00,386.12,96.00,73.00,50.00,340.81
aed46cae-5f99-4c2b-b44e-391027f1fe33,Olay Natural Aura Instant Glow Cream,DE,197.00,386.12,96.00,73.00,50.00,340.81
aed46cae-5f99-4c2b-b44e-391027f1fe33,Olay Natural Aura Instant Glow Cream,FR,197.00,386.12,96.00,73.00,50.00,340.81
aed46cae-5f99-4c2b-b44e-391027f1fe33,Olay Natural Aura Instant Glow Cream,GB,197.00,386.12,96.00,73.00,50.00,340.81
aed46cae-5f99-4c2b-b44e-391027f1fe33,Olay Natural Aura Instant Glow Cream,IE,197.00,395.97,101.00,78.00,55.00,350.66
aed46cae-5f99-4c2b-b44e-391027f1fe33,Olay Natural Aura Instant Glow Cream,KE,197.00,386.12,96.00,73.00,50.00,340.81
aed46cae-5f99-4c2b-b44e-391027f1fe33,Olay Natural Aura Instant Glow Cream,MT,197.00,386.12,96.00,73.00,50.00,340.81
aed46cae-5f99-4c2b-b44e-391027f1fe33,Olay Natural Aura Instant Glow Cream,US,197.00,386.12,96.00,73.00,50.00,340.81
9948a0a8-92cb-40c7-acbb-e240fb74d2a2,Old Spice Original After Shave Lotion (50 ml),AL,134.10,262.83,96.00,73.00,50.00,231.99
9948a0a8-92cb-40c7-acbb-e240fb74d2a2,Old Spice Original After Shave Lotion (50 ml),CH,134.10,262.83,96.00,73.00,50.00,231.99
9948a0a8-92cb-40c7-acbb-e240fb74d2a2,Old Spice Original After Shave Lotion (50 ml),DE,134.10,262.83,96.00,73.00,50.00,231.99
9948a0a8-92cb-40c7-acbb-e240fb74d2a2,Old Spice Original After Shave Lotion (50 ml),FR,134.10,262.83,96.00,73.00,50.00,231.99
9948a0a8-92cb-40c7-acbb-e240fb74d2a2,Old Spice Original After Shave Lotion (50 ml),GB,134.10,262.83,96.00,73.00,50.00,231.99
9948a0a8-92cb-40c7-acbb-e240fb74d2a2,Old Spice Original After Shave Lotion (50 ml),IE,134.10,269.54,101.00,78.00,55.00,238.70
9948a0a8-92cb-40c7-acbb-e240fb74d2a2,Old Spice Original After Shave Lotion (50 ml),KE,134.10,262.83,96.00,73.00,50.00,231.99
9948a0a8-92cb-40c7-acbb-e240fb74d2a2,Old Spice Original After Shave Lotion (50 ml),MT,134.10,262.83,96.00,73.00,50.00,231.99
9948a0a8-92cb-40c7-acbb-e240fb74d2a2,Old Spice Original After Shave Lotion (50 ml),US,134.10,262.83,96.00,73.00,50.00,231.99
63b2cf7e-92de-49a2-8103-c7445b04972a,PAMPERS COMPLETE SKIN COMFORT ANTI-RASH BLANKET LARGE19 PANT,AL,399.00,782.04,96.00,73.00,50.00,690.27
63b2cf7e-92de-49a2-8103-c7445b04972a,PAMPERS COMPLETE SKIN COMFORT ANTI-RASH BLANKET LARGE19 PANT,CH,399.00,782.04,96.00,73.00,50.00,690.27
63b2cf7e-92de-49a2-8103-c7445b04972a,PAMPERS COMPLETE SKIN COMFORT ANTI-RASH BLANKET LARGE19 PANT,DE,399.00,782.04,96.00,73.00,50.00,690.27
63b2cf7e-92de-49a2-8103-c7445b04972a,PAMPERS COMPLETE SKIN COMFORT ANTI-RASH BLANKET LARGE19 PANT,FR,399.00,782.04,96.00,73.00,50.00,690.27
63b2cf7e-92de-49a2-8103-c7445b04972a,PAMPERS COMPLETE SKIN COMFORT ANTI-RASH BLANKET LARGE19 PANT,GB,399.00,782.04,96.00,73.00,50.00,690.27
63b2cf7e-92de-49a2-8103-c7445b04972a,PAMPERS COMPLETE SKIN COMFORT ANTI-RASH BLANKET LARGE19 PANT,IE,399.00,801.99,101.00,78.00,55.00,710.22
63b2cf7e-92de-49a2-8103-c7445b04972a,PAMPERS COMPLETE SKIN COMFORT ANTI-RASH BLANKET LARGE19 PANT,KE,399.00,782.04,96.00,73.00,50.00,690.27
63b2cf7e-92de-49a2-8103-c7445b04972a,PAMPERS COMPLETE SKIN COMFORT ANTI-RASH BLANKET LARGE19 PANT,MT,399.00,782.04,96.00,73.00,50.00,690.27
63b2cf7e-92de-49a2-8103-c7445b04972a,PAMPERS COMPLETE SKIN COMFORT ANTI-RASH BLANKET LARGE19 PANT,US,399.00,782.04,96.00,73.00,50.00,690.27
7508444b-3f1b-411f-b024-1cd27bba16e2,PAMPERS COMPLETE SKIN COMFORT ANTI-RASH BLANKET MEDIUM PANT,AL,399.00,782.04,96.00,73.00,50.00,690.27
7508444b-3f1b-411f-b024-1cd27bba16e2,PAMPERS COMPLETE SKIN COMFORT ANTI-RASH BLANKET MEDIUM PANT,CH,399.00,782.04,96.00,73.00,50.00,690.27
7508444b-3f1b-411f-b024-1cd27bba16e2,PAMPERS COMPLETE SKIN COMFORT ANTI-RASH BLANKET MEDIUM PANT,DE,399.00,782.04,96.00,73.00,50.00,690.27
7508444b-3f1b-411f-b024-1cd27bba16e2,PAMPERS COMPLETE SKIN COMFORT ANTI-RASH BLANKET MEDIUM PANT,FR,399.00,782.04,96.00,73.00,50.00,690.27
7508444b-3f1b-411f-b024-1cd27bba16e2,PAMPERS COMPLETE SKIN COMFORT ANTI-RASH BLANKET MEDIUM PANT,GB,399.00,782.04,96.00,73.00,50.00,690.27
7508444b-3f1b-411f-b024-1cd27bba16e2,PAMPERS COMPLETE SKIN COMFORT ANTI-RASH BLANKET MEDIUM PANT,IE,399.00,801.99,101.00,78.00,55.00,710.22
7508444b-3f1b-411f-b024-1cd27bba16e2,PAMPERS COMPLETE SKIN COMFORT ANTI-RASH BLANKET MEDIUM PANT,KE,399.00,782.04,96.00,73.00,50.00,690.27
7508444b-3f1b-411f-b024-1cd27bba16e2,PAMPERS COMPLETE SKIN COMFORT ANTI-RASH BLANKET MEDIUM PANT,MT,399.00,782.04,96.00,73.00,50.00,690.27
7508444b-3f1b-411f-b024-1cd27bba16e2,PAMPERS COMPLETE SKIN COMFORT ANTI-RASH BLANKET MEDIUM PANT,US,399.00,782.04,96.00,73.00,50.00,690.27
0923b221-bf8e-41a5-a1bf-a117fd231bc7,PAMPERS Complete skin comfort ANTI-RASH BLANKET SMALL PANTS,AL,399.00,782.04,96.00,73.00,50.00,690.27
0923b221-bf8e-41a5-a1bf-a117fd231bc7,PAMPERS Complete skin comfort ANTI-RASH BLANKET SMALL PANTS,CH,399.00,782.04,96.00,73.00,50.00,690.27
0923b221-bf8e-41a5-a1bf-a117fd231bc7,PAMPERS Complete skin comfort ANTI-RASH BLANKET SMALL PANTS,DE,399.00,782.04,96.00,73.00,50.00,690.27
0923b221-bf8e-41a5-a1bf-a117fd231bc7,PAMPERS Complete skin comfort ANTI-RASH BLANKET SMALL PANTS,FR,399.00,782.04,96.00,73.00,50.00,690.27
0923b221-bf8e-41a5-a1bf-a117fd231bc7,PAMPERS Complete skin comfort ANTI-RASH BLANKET SMALL PANTS,GB,399.00,782.04,96.00,73.00,50.00,690.27
0923b221-bf8e-41a5-a1bf-a117fd231bc7,PAMPERS Complete skin comfort ANTI-RASH BLANKET SMALL PANTS,IE,399.00,801.99,101.00,78.00,55.00,710.22
0923b221-bf8e-41a5-a1bf-a117fd231bc7,PAMPERS Complete skin comfort ANTI-RASH BLANKET SMALL PANTS,KE,399.00,782.04,96.00,73.00,50.00,690.27
0923b221-bf8e-41a5-a1bf-a117fd231bc7,PAMPERS Complete skin comfort ANTI-RASH BLANKET SMALL PANTS,MT,399.00,782.04,96.00,73.00,50.00,690.27
0923b221-bf8e-41a5-a1bf-a117fd231bc7,PAMPERS Complete skin comfort ANTI-RASH BLANKET SMALL PANTS,US,399.00,782.04,96.00,73.00,50.00,690.27
0ccf0cc5-978a-44e2-9080-adf65cbd80bd,"Parachute Advanced Coconut & Rosemary Hair Cream, Anti-Hairfall Formula with Vitamin E, Deep Nourishing Hair Cream for Strong, Smooth Hair, Daily Use",AL,140.00,274.40,96.00,73.00,50.00,242.20
0ccf0cc5-978a-44e2-9080-adf65cbd80bd,"Parachute Advanced Coconut & Rosemary Hair Cream, Anti-Hairfall Formula with Vitamin E, Deep Nourishing Hair Cream for Strong, Smooth Hair, Daily Use",CH,140.00,274.40,96.00,73.00,50.00,242.20
0ccf0cc5-978a-44e2-9080-adf65cbd80bd,"Parachute Advanced Coconut & Rosemary Hair Cream, Anti-Hairfall Formula with Vitamin E, Deep Nourishing Hair Cream for Strong, Smooth Hair, Daily Use",DE,140.00,274.40,96.00,73.00,50.00,242.20
0ccf0cc5-978a-44e2-9080-adf65cbd80bd,"Parachute Advanced Coconut & Rosemary Hair Cream, Anti-Hairfall Formula with Vitamin E, Deep Nourishing Hair Cream for Strong, Smooth Hair, Daily Use",FR,140.00,274.40,96.00,73.00,50.00,242.20
0ccf0cc5-978a-44e2-9080-adf65cbd80bd,"Parachute Advanced Coconut & Rosemary Hair Cream, Anti-Hairfall Formula with Vitamin E, Deep Nourishing Hair Cream for Strong, Smooth Hair, Daily Use",GB,140.00,274.40,96.00,73.00,50.00,242.20
0ccf0cc5-978a-44e2-9080-adf65cbd80bd,"Parachute Advanced Coconut & Rosemary Hair Cream, Anti-Hairfall Formula with Vitamin E, Deep Nourishing Hair Cream for Strong, Smooth Hair, Daily Use",IE,140.00,281.40,101.00,78.00,55.00,249.20
0ccf0cc5-978a-44e2-9080-adf65cbd80bd,"Parachute Advanced Coconut & Rosemary Hair Cream, Anti-Hairfall Formula with Vitamin E, Deep Nourishing Hair Cream for Strong, Smooth Hair, Daily Use",KE,140.00,274.40,96.00,73.00,50.00,242.20
0ccf0cc5-978a-44e2-9080-adf65cbd80bd,"Parachute Advanced Coconut & Rosemary Hair Cream, Anti-Hairfall Formula with Vitamin E, Deep Nourishing Hair Cream for Strong, Smooth Hair, Daily Use",MT,140.00,274.40,96.00,73.00,50.00,242.20
0ccf0cc5-978a-44e2-9080-adf65cbd80bd,"Parachute Advanced Coconut & Rosemary Hair Cream, Anti-Hairfall Formula with Vitamin E, Deep Nourishing Hair Cream for Strong, Smooth Hair, Daily Use",US,140.00,274.40,96.00,73.00,50.00,242.20
59df9a29-e58c-4232-a0b7-fdb9331fc3ba,"Parachute Advanced Men Anti-Hairfall Hair Cream with Almond, After Shower Non-Greasy Hair Styling Cream, Strengthens Hair & Reduces Hair Fall, Daily Use",AL,100.00,196.00,96.00,73.00,50.00,173.00
59df9a29-e58c-4232-a0b7-fdb9331fc3ba,"Parachute Advanced Men Anti-Hairfall Hair Cream with Almond, After Shower Non-Greasy Hair Styling Cream, Strengthens Hair & Reduces Hair Fall, Daily Use",CH,100.00,196.00,96.00,73.00,50.00,173.00
59df9a29-e58c-4232-a0b7-fdb9331fc3ba,"Parachute Advanced Men Anti-Hairfall Hair Cream with Almond, After Shower Non-Greasy Hair Styling Cream, Strengthens Hair & Reduces Hair Fall, Daily Use",DE,100.00,196.00,96.00,73.00,50.00,173.00
59df9a29-e58c-4232-a0b7-fdb9331fc3ba,"Parachute Advanced Men Anti-Hairfall Hair Cream with Almond, After Shower Non-Greasy Hair Styling Cream, Strengthens Hair & Reduces Hair Fall, Daily Use",FR,100.00,196.00,96.00,73.00,50.00,173.00
59df9a29-e58c-4232-a0b7-fdb9331fc3ba,"Parachute Advanced Men Anti-Hairfall Hair Cream with Almond, After Shower Non-Greasy Hair Styling Cream, Strengthens Hair & Reduces Hair Fall, Daily Use",GB,100.00,196.00,96.00,73.00,50.00,173.00
59df9a29-e58c-4232-a0b7-fdb9331fc3ba,"Parachute Advanced Men Anti-Hairfall Hair Cream with Almond, After Shower Non-Greasy Hair Styling Cream, Strengthens Hair & Reduces Hair Fall, Daily Use",IE,100.00,201.00,101.00,78.00,55.00,178.00
59df9a29-e58c-4232-a0b7-fdb9331fc3ba,"Parachute Advanced Men Anti-Hairfall Hair Cream with Almond, After Shower Non-Greasy Hair Styling Cream, Strengthens Hair & Reduces Hair Fall, Daily Use",KE,100.00,196.00,96.00,73.00,50.00,173.00
59df9a29-e58c-4232-a0b7-fdb9331fc3ba,"Parachute Advanced Men Anti-Hairfall Hair Cream with Almond, After Shower Non-Greasy Hair Styling Cream, Strengthens Hair & Reduces Hair Fall, Daily Use",MT,100.00,196.00,96.00,73.00,50.00,173.00
59df9a29-e58c-4232-a0b7-fdb9331fc3ba,"Parachute Advanced Men Anti-Hairfall Hair Cream with Almond, After Shower Non-Greasy Hair Styling Cream, Strengthens Hair & Reduces Hair Fall, Daily Use",US,100.00,196.00,96.00,73.00,50.00,173.00
ad4d04fb-e327-42c2-95b0-c6f10204ce4d,Parachute Advansed Almond Enriched Coconut Hair Oil (200 ml),AL,144.00,282.24,96.00,73.00,50.00,249.12
ad4d04fb-e327-42c2-95b0-c6f10204ce4d,Parachute Advansed Almond Enriched Coconut Hair Oil (200 ml),CH,144.00,282.24,96.00,73.00,50.00,249.12
ad4d04fb-e327-42c2-95b0-c6f10204ce4d,Parachute Advansed Almond Enriched Coconut Hair Oil (200 ml),DE,144.00,282.24,96.00,73.00,50.00,249.12
ad4d04fb-e327-42c2-95b0-c6f10204ce4d,Parachute Advansed Almond Enriched Coconut Hair Oil (200 ml),FR,144.00,282.24,96.00,73.00,50.00,249.12
ad4d04fb-e327-42c2-95b0-c6f10204ce4d,Parachute Advansed Almond Enriched Coconut Hair Oil (200 ml),GB,144.00,282.24,96.00,73.00,50.00,249.12
ad4d04fb-e327-42c2-95b0-c6f10204ce4d,Parachute Advansed Almond Enriched Coconut Hair Oil (200 ml),IE,144.00,289.44,101.00,78.00,55.00,256.32
ad4d04fb-e327-42c2-95b0-c6f10204ce4d,Parachute Advansed Almond Enriched Coconut Hair Oil (200 ml),KE,144.00,282.24,96.00,73.00,50.00,249.12
ad4d04fb-e327-42c2-95b0-c6f10204ce4d,Parachute Advansed Almond Enriched Coconut Hair Oil (200 ml),MT,144.00,282.24,96.00,73.00,50.00,249.12
ad4d04fb-e327-42c2-95b0-c6f10204ce4d,Parachute Advansed Almond Enriched Coconut Hair Oil (200 ml),US,144.00,282.24,96.00,73.00,50.00,249.12
68e46f5b-cf33-4abd-a498-b50c710b06b9,Parachute Advansed Ayurvedic Coconut Hair Oil (90 ml),AL,75.60,148.18,96.01,73.01,50.01,130.79
68e46f5b-cf33-4abd-a498-b50c710b06b9,Parachute Advansed Ayurvedic Coconut Hair Oil (90 ml),CH,75.60,148.18,96.01,73.01,50.01,130.79
68e46f5b-cf33-4abd-a498-b50c710b06b9,Parachute Advansed Ayurvedic Coconut Hair Oil (90 ml),DE,75.60,148.18,96.01,73.01,50.01,130.79
68e46f5b-cf33-4abd-a498-b50c710b06b9,Parachute Advansed Ayurvedic Coconut Hair Oil (90 ml),FR,75.60,148.18,96.01,73.01,50.01,130.79
68e46f5b-cf33-4abd-a498-b50c710b06b9,Parachute Advansed Ayurvedic Coconut Hair Oil (90 ml),GB,75.60,148.18,96.01,73.01,50.01,130.79
68e46f5b-cf33-4abd-a498-b50c710b06b9,Parachute Advansed Ayurvedic Coconut Hair Oil (90 ml),IE,75.60,151.96,101.01,78.01,55.01,134.57
68e46f5b-cf33-4abd-a498-b50c710b06b9,Parachute Advansed Ayurvedic Coconut Hair Oil (90 ml),KE,75.60,148.18,96.01,73.01,50.01,130.79
68e46f5b-cf33-4abd-a498-b50c710b06b9,Parachute Advansed Ayurvedic Coconut Hair Oil (90 ml),MT,75.60,148.18,96.01,73.01,50.01,130.79
68e46f5b-cf33-4abd-a498-b50c710b06b9,Parachute Advansed Ayurvedic Coconut Hair Oil (90 ml),US,75.60,148.18,96.01,73.01,50.01,130.79
5ac5d9c1-6981-4393-aec0-9fe3a0392204,Parachute Advansed Bhringraj & Hibiscus Enriched Coconut Hair Oil (Hair Fall Control) - 200 ml,AL,144.00,282.24,96.00,73.00,50.00,249.12
5ac5d9c1-6981-4393-aec0-9fe3a0392204,Parachute Advansed Bhringraj & Hibiscus Enriched Coconut Hair Oil (Hair Fall Control) - 200 ml,CH,144.00,282.24,96.00,73.00,50.00,249.12
5ac5d9c1-6981-4393-aec0-9fe3a0392204,Parachute Advansed Bhringraj & Hibiscus Enriched Coconut Hair Oil (Hair Fall Control) - 200 ml,DE,144.00,282.24,96.00,73.00,50.00,249.12
5ac5d9c1-6981-4393-aec0-9fe3a0392204,Parachute Advansed Bhringraj & Hibiscus Enriched Coconut Hair Oil (Hair Fall Control) - 200 ml,FR,144.00,282.24,96.00,73.00,50.00,249.12
5ac5d9c1-6981-4393-aec0-9fe3a0392204,Parachute Advansed Bhringraj & Hibiscus Enriched Coconut Hair Oil (Hair Fall Control) - 200 ml,GB,144.00,282.24,96.00,73.00,50.00,249.12
5ac5d9c1-6981-4393-aec0-9fe3a0392204,Parachute Advansed Bhringraj & Hibiscus Enriched Coconut Hair Oil (Hair Fall Control) - 200 ml,IE,144.00,289.44,101.00,78.00,55.00,256.32
5ac5d9c1-6981-4393-aec0-9fe3a0392204,Parachute Advansed Bhringraj & Hibiscus Enriched Coconut Hair Oil (Hair Fall Control) - 200 ml,KE,144.00,282.24,96.00,73.00,50.00,249.12
5ac5d9c1-6981-4393-aec0-9fe3a0392204,Parachute Advansed Bhringraj & Hibiscus Enriched Coconut Hair Oil (Hair Fall Control) - 200 ml,MT,144.00,282.24,96.00,73.00,50.00,249.12
5ac5d9c1-6981-4393-aec0-9fe3a0392204,Parachute Advansed Bhringraj & Hibiscus Enriched Coconut Hair Oil (Hair Fall Control) - 200 ml,US,144.00,282.24,96.00,73.00,50.00,249.12
7945a5cd-4d46-41bf-b5d9-d0c7adac18ae,PAW PATROL JIGSWA PUZZLE,AL,75.00,147.00,96.00,73.00,50.00,129.75
7945a5cd-4d46-41bf-b5d9-d0c7adac18ae,PAW PATROL JIGSWA PUZZLE,CH,75.00,147.00,96.00,73.00,50.00,129.75
7945a5cd-4d46-41bf-b5d9-d0c7adac18ae,PAW PATROL JIGSWA PUZZLE,DE,75.00,147.00,96.00,73.00,50.00,129.75
7945a5cd-4d46-41bf-b5d9-d0c7adac18ae,PAW PATROL JIGSWA PUZZLE,FR,75.00,147.00,96.00,73.00,50.00,129.75
7945a5cd-4d46-41bf-b5d9-d0c7adac18ae,PAW PATROL JIGSWA PUZZLE,GB,75.00,147.00,96.00,73.00,50.00,129.75
7945a5cd-4d46-41bf-b5d9-d0c7adac18ae,PAW PATROL JIGSWA PUZZLE,IE,75.00,150.75,101.00,78.00,55.00,133.50
7945a5cd-4d46-41bf-b5d9-d0c7adac18ae,PAW PATROL JIGSWA PUZZLE,KE,75.00,147.00,96.00,73.00,50.00,129.75
7945a5cd-4d46-41bf-b5d9-d0c7adac18ae,PAW PATROL JIGSWA PUZZLE,MT,75.00,147.00,96.00,73.00,50.00,129.75
7945a5cd-4d46-41bf-b5d9-d0c7adac18ae,PAW PATROL JIGSWA PUZZLE,US,75.00,147.00,96.00,73.00,50.00,129.75
61629f86-bcfa-4c6a-b338-bbb402fb5dc8,PEARS Original Glycerin Bar Oil-Clear Glow,AL,50.00,98.00,96.00,73.00,50.00,86.50
61629f86-bcfa-4c6a-b338-bbb402fb5dc8,PEARS Original Glycerin Bar Oil-Clear Glow,CH,50.00,98.00,96.00,73.00,50.00,86.50
61629f86-bcfa-4c6a-b338-bbb402fb5dc8,PEARS Original Glycerin Bar Oil-Clear Glow,DE,50.00,98.00,96.00,73.00,50.00,86.50
61629f86-bcfa-4c6a-b338-bbb402fb5dc8,PEARS Original Glycerin Bar Oil-Clear Glow,FR,50.00,98.00,96.00,73.00,50.00,86.50
61629f86-bcfa-4c6a-b338-bbb402fb5dc8,PEARS Original Glycerin Bar Oil-Clear Glow,GB,50.00,98.00,96.00,73.00,50.00,86.50
61629f86-bcfa-4c6a-b338-bbb402fb5dc8,PEARS Original Glycerin Bar Oil-Clear Glow,IE,50.00,100.50,101.00,78.00,55.00,89.00
61629f86-bcfa-4c6a-b338-bbb402fb5dc8,PEARS Original Glycerin Bar Oil-Clear Glow,KE,50.00,98.00,96.00,73.00,50.00,86.50
61629f86-bcfa-4c6a-b338-bbb402fb5dc8,PEARS Original Glycerin Bar Oil-Clear Glow,MT,50.00,98.00,96.00,73.00,50.00,86.50
61629f86-bcfa-4c6a-b338-bbb402fb5dc8,PEARS Original Glycerin Bar Oil-Clear Glow,US,50.00,98.00,96.00,73.00,50.00,86.50
9e413fd9-e3cb-467d-a352-77ac24d331d4,PEARS Original Glycerin Bar Pure & Gentle Glow,AL,32.00,62.72,96.00,73.00,50.00,55.36
9e413fd9-e3cb-467d-a352-77ac24d331d4,PEARS Original Glycerin Bar Pure & Gentle Glow,CH,32.00,62.72,96.00,73.00,50.00,55.36
9e413fd9-e3cb-467d-a352-77ac24d331d4,PEARS Original Glycerin Bar Pure & Gentle Glow,DE,32.00,62.72,96.00,73.00,50.00,55.36
9e413fd9-e3cb-467d-a352-77ac24d331d4,PEARS Original Glycerin Bar Pure & Gentle Glow,FR,32.00,62.72,96.00,73.00,50.00,55.36
9e413fd9-e3cb-467d-a352-77ac24d331d4,PEARS Original Glycerin Bar Pure & Gentle Glow,GB,32.00,62.72,96.00,73.00,50.00,55.36
9e413fd9-e3cb-467d-a352-77ac24d331d4,PEARS Original Glycerin Bar Pure & Gentle Glow,IE,32.00,64.32,101.00,78.00,55.00,56.96
9e413fd9-e3cb-467d-a352-77ac24d331d4,PEARS Original Glycerin Bar Pure & Gentle Glow,KE,32.00,62.72,96.00,73.00,50.00,55.36
9e413fd9-e3cb-467d-a352-77ac24d331d4,PEARS Original Glycerin Bar Pure & Gentle Glow,MT,32.00,62.72,96.00,73.00,50.00,55.36
9e413fd9-e3cb-467d-a352-77ac24d331d4,PEARS Original Glycerin Bar Pure & Gentle Glow,US,32.00,62.72,96.00,73.00,50.00,55.36
6e995094-395f-41e9-9bd9-39f0b7cd50f0,Plastic Hair Comb (Wide Tooth Comb),AL,36.00,70.56,96.00,73.00,50.00,62.28
6e995094-395f-41e9-9bd9-39f0b7cd50f0,Plastic Hair Comb (Wide Tooth Comb),CH,36.00,70.56,96.00,73.00,50.00,62.28
6e995094-395f-41e9-9bd9-39f0b7cd50f0,Plastic Hair Comb (Wide Tooth Comb),DE,36.00,70.56,96.00,73.00,50.00,62.28
6e995094-395f-41e9-9bd9-39f0b7cd50f0,Plastic Hair Comb (Wide Tooth Comb),FR,36.00,70.56,96.00,73.00,50.00,62.28
6e995094-395f-41e9-9bd9-39f0b7cd50f0,Plastic Hair Comb (Wide Tooth Comb),GB,36.00,70.56,96.00,73.00,50.00,62.28
6e995094-395f-41e9-9bd9-39f0b7cd50f0,Plastic Hair Comb (Wide Tooth Comb),IE,36.00,72.36,101.00,78.00,55.00,64.08
6e995094-395f-41e9-9bd9-39f0b7cd50f0,Plastic Hair Comb (Wide Tooth Comb),KE,36.00,70.56,96.00,73.00,50.00,62.28
6e995094-395f-41e9-9bd9-39f0b7cd50f0,Plastic Hair Comb (Wide Tooth Comb),MT,36.00,70.56,96.00,73.00,50.00,62.28
6e995094-395f-41e9-9bd9-39f0b7cd50f0,Plastic Hair Comb (Wide Tooth Comb),US,36.00,70.56,96.00,73.00,50.00,62.28
32ef30f9-1dbe-4f43-ad0d-e30ba73dd8eb,Plum 1% Encapsulated Salicylic Acid AHA Foaming Face Wash | Anti-Acne | Smoothens Skin | 110 ml,AL,276.25,541.46,96.00,73.00,50.00,477.92
32ef30f9-1dbe-4f43-ad0d-e30ba73dd8eb,Plum 1% Encapsulated Salicylic Acid AHA Foaming Face Wash | Anti-Acne | Smoothens Skin | 110 ml,CH,276.25,541.46,96.00,73.00,50.00,477.92
32ef30f9-1dbe-4f43-ad0d-e30ba73dd8eb,Plum 1% Encapsulated Salicylic Acid AHA Foaming Face Wash | Anti-Acne | Smoothens Skin | 110 ml,DE,276.25,541.46,96.00,73.00,50.00,477.92
32ef30f9-1dbe-4f43-ad0d-e30ba73dd8eb,Plum 1% Encapsulated Salicylic Acid AHA Foaming Face Wash | Anti-Acne | Smoothens Skin | 110 ml,FR,276.25,541.46,96.00,73.00,50.00,477.92
32ef30f9-1dbe-4f43-ad0d-e30ba73dd8eb,Plum 1% Encapsulated Salicylic Acid AHA Foaming Face Wash | Anti-Acne | Smoothens Skin | 110 ml,GB,276.25,541.46,96.00,73.00,50.00,477.92
32ef30f9-1dbe-4f43-ad0d-e30ba73dd8eb,Plum 1% Encapsulated Salicylic Acid AHA Foaming Face Wash | Anti-Acne | Smoothens Skin | 110 ml,IE,276.25,555.27,101.00,78.00,55.00,491.73
32ef30f9-1dbe-4f43-ad0d-e30ba73dd8eb,Plum 1% Encapsulated Salicylic Acid AHA Foaming Face Wash | Anti-Acne | Smoothens Skin | 110 ml,KE,276.25,541.46,96.00,73.00,50.00,477.92
32ef30f9-1dbe-4f43-ad0d-e30ba73dd8eb,Plum 1% Encapsulated Salicylic Acid AHA Foaming Face Wash | Anti-Acne | Smoothens Skin | 110 ml,MT,276.25,541.46,96.00,73.00,50.00,477.92
32ef30f9-1dbe-4f43-ad0d-e30ba73dd8eb,Plum 1% Encapsulated Salicylic Acid AHA Foaming Face Wash | Anti-Acne | Smoothens Skin | 110 ml,US,276.25,541.46,96.00,73.00,50.00,477.92
30a66901-08ec-437c-bc55-eee441dda873,Plum 1% Salicylic Acid Clearly Gentle Gel Face Wash with Blueberry | Anti-Acne | 100% Vegan | 100 ml,AL,276.25,541.46,96.00,73.00,50.00,477.92
30a66901-08ec-437c-bc55-eee441dda873,Plum 1% Salicylic Acid Clearly Gentle Gel Face Wash with Blueberry | Anti-Acne | 100% Vegan | 100 ml,CH,276.25,541.46,96.00,73.00,50.00,477.92
30a66901-08ec-437c-bc55-eee441dda873,Plum 1% Salicylic Acid Clearly Gentle Gel Face Wash with Blueberry | Anti-Acne | 100% Vegan | 100 ml,DE,276.25,541.46,96.00,73.00,50.00,477.92
30a66901-08ec-437c-bc55-eee441dda873,Plum 1% Salicylic Acid Clearly Gentle Gel Face Wash with Blueberry | Anti-Acne | 100% Vegan | 100 ml,FR,276.25,541.46,96.00,73.00,50.00,477.92
30a66901-08ec-437c-bc55-eee441dda873,Plum 1% Salicylic Acid Clearly Gentle Gel Face Wash with Blueberry | Anti-Acne | 100% Vegan | 100 ml,GB,276.25,541.46,96.00,73.00,50.00,477.92
30a66901-08ec-437c-bc55-eee441dda873,Plum 1% Salicylic Acid Clearly Gentle Gel Face Wash with Blueberry | Anti-Acne | 100% Vegan | 100 ml,IE,276.25,555.27,101.00,78.00,55.00,491.73
30a66901-08ec-437c-bc55-eee441dda873,Plum 1% Salicylic Acid Clearly Gentle Gel Face Wash with Blueberry | Anti-Acne | 100% Vegan | 100 ml,KE,276.25,541.46,96.00,73.00,50.00,477.92
30a66901-08ec-437c-bc55-eee441dda873,Plum 1% Salicylic Acid Clearly Gentle Gel Face Wash with Blueberry | Anti-Acne | 100% Vegan | 100 ml,MT,276.25,541.46,96.00,73.00,50.00,477.92
30a66901-08ec-437c-bc55-eee441dda873,Plum 1% Salicylic Acid Clearly Gentle Gel Face Wash with Blueberry | Anti-Acne | 100% Vegan | 100 ml,US,276.25,541.46,96.00,73.00,50.00,477.92
908d06d4-0f6d-4bd7-9245-dcfc1bf926f8,Plum 10% Niacinamide Face Serum | With Rice Water & Squalane | Brightens Skin | Fragrance-Free | 10 ml,AL,211.65,414.84,96.00,73.00,50.00,366.16
908d06d4-0f6d-4bd7-9245-dcfc1bf926f8,Plum 10% Niacinamide Face Serum | With Rice Water & Squalane | Brightens Skin | Fragrance-Free | 10 ml,CH,211.65,414.84,96.00,73.00,50.00,366.16
908d06d4-0f6d-4bd7-9245-dcfc1bf926f8,Plum 10% Niacinamide Face Serum | With Rice Water & Squalane | Brightens Skin | Fragrance-Free | 10 ml,DE,211.65,414.84,96.00,73.00,50.00,366.16
908d06d4-0f6d-4bd7-9245-dcfc1bf926f8,Plum 10% Niacinamide Face Serum | With Rice Water & Squalane | Brightens Skin | Fragrance-Free | 10 ml,FR,211.65,414.84,96.00,73.00,50.00,366.16
908d06d4-0f6d-4bd7-9245-dcfc1bf926f8,Plum 10% Niacinamide Face Serum | With Rice Water & Squalane | Brightens Skin | Fragrance-Free | 10 ml,GB,211.65,414.84,96.00,73.00,50.00,366.16
908d06d4-0f6d-4bd7-9245-dcfc1bf926f8,Plum 10% Niacinamide Face Serum | With Rice Water & Squalane | Brightens Skin | Fragrance-Free | 10 ml,IE,211.65,425.42,101.00,78.00,55.00,376.74
908d06d4-0f6d-4bd7-9245-dcfc1bf926f8,Plum 10% Niacinamide Face Serum | With Rice Water & Squalane | Brightens Skin | Fragrance-Free | 10 ml,KE,211.65,414.84,96.00,73.00,50.00,366.16
908d06d4-0f6d-4bd7-9245-dcfc1bf926f8,Plum 10% Niacinamide Face Serum | With Rice Water & Squalane | Brightens Skin | Fragrance-Free | 10 ml,MT,211.65,414.84,96.00,73.00,50.00,366.16
908d06d4-0f6d-4bd7-9245-dcfc1bf926f8,Plum 10% Niacinamide Face Serum | With Rice Water & Squalane | Brightens Skin | Fragrance-Free | 10 ml,US,211.65,414.84,96.00,73.00,50.00,366.16
0a65e19b-7ac2-405f-afef-eccbb45a5e37,Plum 15% Vitamin C Face Serum | Boosts Glow | Reduces Dark Spots & Hyperpigmentation | Fragrance-Free | 10 ml,AL,254.15,498.14,96.00,73.00,50.00,439.69
0a65e19b-7ac2-405f-afef-eccbb45a5e37,Plum 15% Vitamin C Face Serum | Boosts Glow | Reduces Dark Spots & Hyperpigmentation | Fragrance-Free | 10 ml,CH,254.15,498.14,96.00,73.00,50.00,439.69
0a65e19b-7ac2-405f-afef-eccbb45a5e37,Plum 15% Vitamin C Face Serum | Boosts Glow | Reduces Dark Spots & Hyperpigmentation | Fragrance-Free | 10 ml,DE,254.15,498.14,96.00,73.00,50.00,439.69
0a65e19b-7ac2-405f-afef-eccbb45a5e37,Plum 15% Vitamin C Face Serum | Boosts Glow | Reduces Dark Spots & Hyperpigmentation | Fragrance-Free | 10 ml,FR,254.15,498.14,96.00,73.00,50.00,439.69
0a65e19b-7ac2-405f-afef-eccbb45a5e37,Plum 15% Vitamin C Face Serum | Boosts Glow | Reduces Dark Spots & Hyperpigmentation | Fragrance-Free | 10 ml,GB,254.15,498.14,96.00,73.00,50.00,439.69
0a65e19b-7ac2-405f-afef-eccbb45a5e37,Plum 15% Vitamin C Face Serum | Boosts Glow | Reduces Dark Spots & Hyperpigmentation | Fragrance-Free | 10 ml,IE,254.15,510.83,101.00,78.00,55.00,452.38
0a65e19b-7ac2-405f-afef-eccbb45a5e37,Plum 15% Vitamin C Face Serum | Boosts Glow | Reduces Dark Spots & Hyperpigmentation | Fragrance-Free | 10 ml,KE,254.15,498.14,96.00,73.00,50.00,439.69
0a65e19b-7ac2-405f-afef-eccbb45a5e37,Plum 15% Vitamin C Face Serum | Boosts Glow | Reduces Dark Spots & Hyperpigmentation | Fragrance-Free | 10 ml,MT,254.15,498.14,96.00,73.00,50.00,439.69
0a65e19b-7ac2-405f-afef-eccbb45a5e37,Plum 15% Vitamin C Face Serum | Boosts Glow | Reduces Dark Spots & Hyperpigmentation | Fragrance-Free | 10 ml,US,254.15,498.14,96.00,73.00,50.00,439.69
493f3e73-6c38-4ccf-996f-189d1806c504,Plum 5% Niacinamide Face Serum With Amino Acid | Fades Blemishes | Brightens Skin | Beginner-Friendly | 30 ml,IE,509.15,972.47,91.00,68.00,45.00,855.37
bb3ddd3b-4cb2-4213-94a0-a88a34dbec4d,"Plum Cica & Hyaluronic Acid Aqua-Light Sunscreen SPF 50 PA+++ | Lightweight, Hydrating & Non-Greasy | 50g",AL,397.00,778.12,96.00,73.00,50.00,686.81
bb3ddd3b-4cb2-4213-94a0-a88a34dbec4d,"Plum Cica & Hyaluronic Acid Aqua-Light Sunscreen SPF 50 PA+++ | Lightweight, Hydrating & Non-Greasy | 50g",CH,397.00,778.12,96.00,73.00,50.00,686.81
bb3ddd3b-4cb2-4213-94a0-a88a34dbec4d,"Plum Cica & Hyaluronic Acid Aqua-Light Sunscreen SPF 50 PA+++ | Lightweight, Hydrating & Non-Greasy | 50g",DE,397.00,778.12,96.00,73.00,50.00,686.81
bb3ddd3b-4cb2-4213-94a0-a88a34dbec4d,"Plum Cica & Hyaluronic Acid Aqua-Light Sunscreen SPF 50 PA+++ | Lightweight, Hydrating & Non-Greasy | 50g",FR,397.00,778.12,96.00,73.00,50.00,686.81
bb3ddd3b-4cb2-4213-94a0-a88a34dbec4d,"Plum Cica & Hyaluronic Acid Aqua-Light Sunscreen SPF 50 PA+++ | Lightweight, Hydrating & Non-Greasy | 50g",GB,397.00,778.12,96.00,73.00,50.00,686.81
bb3ddd3b-4cb2-4213-94a0-a88a34dbec4d,"Plum Cica & Hyaluronic Acid Aqua-Light Sunscreen SPF 50 PA+++ | Lightweight, Hydrating & Non-Greasy | 50g",IE,397.00,797.97,101.00,78.00,55.00,706.66
bb3ddd3b-4cb2-4213-94a0-a88a34dbec4d,"Plum Cica & Hyaluronic Acid Aqua-Light Sunscreen SPF 50 PA+++ | Lightweight, Hydrating & Non-Greasy | 50g",KE,397.00,778.12,96.00,73.00,50.00,686.81
bb3ddd3b-4cb2-4213-94a0-a88a34dbec4d,"Plum Cica & Hyaluronic Acid Aqua-Light Sunscreen SPF 50 PA+++ | Lightweight, Hydrating & Non-Greasy | 50g",MT,397.00,778.12,96.00,73.00,50.00,686.81
bb3ddd3b-4cb2-4213-94a0-a88a34dbec4d,"Plum Cica & Hyaluronic Acid Aqua-Light Sunscreen SPF 50 PA+++ | Lightweight, Hydrating & Non-Greasy | 50g",US,397.00,778.12,96.00,73.00,50.00,686.81
28ecdf07-e24e-451b-bdb0-2193e605cd53,Plum Eye-Swear-By Kohl Kajal - Deep Black (0.35 gm),AL,399.00,782.04,96.00,73.00,50.00,690.27
28ecdf07-e24e-451b-bdb0-2193e605cd53,Plum Eye-Swear-By Kohl Kajal - Deep Black (0.35 gm),CH,399.00,782.04,96.00,73.00,50.00,690.27
28ecdf07-e24e-451b-bdb0-2193e605cd53,Plum Eye-Swear-By Kohl Kajal - Deep Black (0.35 gm),DE,399.00,782.04,96.00,73.00,50.00,690.27
28ecdf07-e24e-451b-bdb0-2193e605cd53,Plum Eye-Swear-By Kohl Kajal - Deep Black (0.35 gm),FR,399.00,782.04,96.00,73.00,50.00,690.27
28ecdf07-e24e-451b-bdb0-2193e605cd53,Plum Eye-Swear-By Kohl Kajal - Deep Black (0.35 gm),GB,399.00,782.04,96.00,73.00,50.00,690.27
28ecdf07-e24e-451b-bdb0-2193e605cd53,Plum Eye-Swear-By Kohl Kajal - Deep Black (0.35 gm),IE,399.00,809.38,102.85,79.85,56.85,717.61
28ecdf07-e24e-451b-bdb0-2193e605cd53,Plum Eye-Swear-By Kohl Kajal - Deep Black (0.35 gm),KE,399.00,782.04,96.00,73.00,50.00,690.27
28ecdf07-e24e-451b-bdb0-2193e605cd53,Plum Eye-Swear-By Kohl Kajal - Deep Black (0.35 gm),MT,399.00,782.04,96.00,73.00,50.00,690.27
28ecdf07-e24e-451b-bdb0-2193e605cd53,Plum Eye-Swear-By Kohl Kajal - Deep Black (0.35 gm),US,399.00,782.04,96.00,73.00,50.00,690.27
827179ab-1010-4f7c-bdfe-2db6ec529554,Plum Green Tea Oil-Free Moisturizer 50ml – Lightweight Hydration for Oily & Acne-Prone Skin | Non-Comedogenic & Vegan,AL,468.00,917.28,96.00,73.00,50.00,809.64
827179ab-1010-4f7c-bdfe-2db6ec529554,Plum Green Tea Oil-Free Moisturizer 50ml – Lightweight Hydration for Oily & Acne-Prone Skin | Non-Comedogenic & Vegan,CH,468.00,917.28,96.00,73.00,50.00,809.64
827179ab-1010-4f7c-bdfe-2db6ec529554,Plum Green Tea Oil-Free Moisturizer 50ml – Lightweight Hydration for Oily & Acne-Prone Skin | Non-Comedogenic & Vegan,DE,468.00,917.28,96.00,73.00,50.00,809.64
827179ab-1010-4f7c-bdfe-2db6ec529554,Plum Green Tea Oil-Free Moisturizer 50ml – Lightweight Hydration for Oily & Acne-Prone Skin | Non-Comedogenic & Vegan,FR,468.00,917.28,96.00,73.00,50.00,809.64
827179ab-1010-4f7c-bdfe-2db6ec529554,Plum Green Tea Oil-Free Moisturizer 50ml – Lightweight Hydration for Oily & Acne-Prone Skin | Non-Comedogenic & Vegan,GB,468.00,917.28,96.00,73.00,50.00,809.64
827179ab-1010-4f7c-bdfe-2db6ec529554,Plum Green Tea Oil-Free Moisturizer 50ml – Lightweight Hydration for Oily & Acne-Prone Skin | Non-Comedogenic & Vegan,IE,468.00,940.68,101.00,78.00,55.00,833.04
827179ab-1010-4f7c-bdfe-2db6ec529554,Plum Green Tea Oil-Free Moisturizer 50ml – Lightweight Hydration for Oily & Acne-Prone Skin | Non-Comedogenic & Vegan,KE,468.00,917.28,96.00,73.00,50.00,809.64
827179ab-1010-4f7c-bdfe-2db6ec529554,Plum Green Tea Oil-Free Moisturizer 50ml – Lightweight Hydration for Oily & Acne-Prone Skin | Non-Comedogenic & Vegan,MT,468.00,917.28,96.00,73.00,50.00,809.64
827179ab-1010-4f7c-bdfe-2db6ec529554,Plum Green Tea Oil-Free Moisturizer 50ml – Lightweight Hydration for Oily & Acne-Prone Skin | Non-Comedogenic & Vegan,US,468.00,917.28,96.00,73.00,50.00,809.64
2375a1ee-932b-4e7a-bb08-7902037a5aa1,Plum Green Tea Pore Cleansing Face Wash | Acne & Oily Skin | 100% Vegan | 100 ml,AL,242.25,474.82,96.00,73.00,50.00,419.10
2375a1ee-932b-4e7a-bb08-7902037a5aa1,Plum Green Tea Pore Cleansing Face Wash | Acne & Oily Skin | 100% Vegan | 100 ml,CH,242.25,474.82,96.00,73.00,50.00,419.10
2375a1ee-932b-4e7a-bb08-7902037a5aa1,Plum Green Tea Pore Cleansing Face Wash | Acne & Oily Skin | 100% Vegan | 100 ml,DE,242.25,474.82,96.00,73.00,50.00,419.10
2375a1ee-932b-4e7a-bb08-7902037a5aa1,Plum Green Tea Pore Cleansing Face Wash | Acne & Oily Skin | 100% Vegan | 100 ml,FR,242.25,474.82,96.00,73.00,50.00,419.10
2375a1ee-932b-4e7a-bb08-7902037a5aa1,Plum Green Tea Pore Cleansing Face Wash | Acne & Oily Skin | 100% Vegan | 100 ml,GB,242.25,474.82,96.00,73.00,50.00,419.10
2375a1ee-932b-4e7a-bb08-7902037a5aa1,Plum Green Tea Pore Cleansing Face Wash | Acne & Oily Skin | 100% Vegan | 100 ml,IE,242.25,486.93,101.00,78.00,55.00,431.21
2375a1ee-932b-4e7a-bb08-7902037a5aa1,Plum Green Tea Pore Cleansing Face Wash | Acne & Oily Skin | 100% Vegan | 100 ml,KE,242.25,474.82,96.00,73.00,50.00,419.10
2375a1ee-932b-4e7a-bb08-7902037a5aa1,Plum Green Tea Pore Cleansing Face Wash | Acne & Oily Skin | 100% Vegan | 100 ml,MT,242.25,474.82,96.00,73.00,50.00,419.10
2375a1ee-932b-4e7a-bb08-7902037a5aa1,Plum Green Tea Pore Cleansing Face Wash | Acne & Oily Skin | 100% Vegan | 100 ml,US,242.25,474.82,96.00,73.00,50.00,419.10
8375ce32-706c-4298-8291-f40d70f78536,Plum Mandarin & 15% Vitamin C Face Serum (20 ml) | Glow Boost | Brightening & Even Skin Tone | Fragrance-Free,IE,548.00,1046.68,91.00,68.00,45.00,920.64
9b94a06b-4f81-4827-b567-e16ea029bc15,Plum Saffron & Papaya Glow Bright Gel Face Wash | Brightens Dull Skin | Gentle & Non-Drying | 100 ml,AL,233.75,458.15,96.00,73.00,50.00,404.39
9b94a06b-4f81-4827-b567-e16ea029bc15,Plum Saffron & Papaya Glow Bright Gel Face Wash | Brightens Dull Skin | Gentle & Non-Drying | 100 ml,CH,233.75,458.15,96.00,73.00,50.00,404.39
9b94a06b-4f81-4827-b567-e16ea029bc15,Plum Saffron & Papaya Glow Bright Gel Face Wash | Brightens Dull Skin | Gentle & Non-Drying | 100 ml,DE,233.75,458.15,96.00,73.00,50.00,404.39
9b94a06b-4f81-4827-b567-e16ea029bc15,Plum Saffron & Papaya Glow Bright Gel Face Wash | Brightens Dull Skin | Gentle & Non-Drying | 100 ml,FR,233.75,458.15,96.00,73.00,50.00,404.39
9b94a06b-4f81-4827-b567-e16ea029bc15,Plum Saffron & Papaya Glow Bright Gel Face Wash | Brightens Dull Skin | Gentle & Non-Drying | 100 ml,GB,233.75,458.15,96.00,73.00,50.00,404.39
9b94a06b-4f81-4827-b567-e16ea029bc15,Plum Saffron & Papaya Glow Bright Gel Face Wash | Brightens Dull Skin | Gentle & Non-Drying | 100 ml,IE,233.75,469.83,101.00,78.00,55.00,416.07
9b94a06b-4f81-4827-b567-e16ea029bc15,Plum Saffron & Papaya Glow Bright Gel Face Wash | Brightens Dull Skin | Gentle & Non-Drying | 100 ml,KE,233.75,458.15,96.00,73.00,50.00,404.39
9b94a06b-4f81-4827-b567-e16ea029bc15,Plum Saffron & Papaya Glow Bright Gel Face Wash | Brightens Dull Skin | Gentle & Non-Drying | 100 ml,MT,233.75,458.15,96.00,73.00,50.00,404.39
9b94a06b-4f81-4827-b567-e16ea029bc15,Plum Saffron & Papaya Glow Bright Gel Face Wash | Brightens Dull Skin | Gentle & Non-Drying | 100 ml,US,233.75,458.15,96.00,73.00,50.00,404.39
faf7be74-5832-47c9-a9af-f1edff4b43ea,Plum Salicylic & Lactic Acid Gel Moisturizer,IE,523.00,998.93,91.00,68.00,45.00,878.64
caa10bde-bb80-444c-bd82-b7b8bbd4c7b6,Plum thinkDERMA 2% Alpha Arbutin & Hyaluronic Acid Face Serum | Fades Tan | Brightens Skin | Fragrance-Free | 30 ml,IE,509.15,972.47,91.00,68.00,45.00,855.37
c02d4f0a-f19f-433f-81dc-b98d78362f9e,Plum Vitamin C Foaming Face Wash with Mandarin | Brightens Skin | Reduces Dark Spots | 110 ml,AL,318.75,624.75,96.00,73.00,50.00,551.44
c02d4f0a-f19f-433f-81dc-b98d78362f9e,Plum Vitamin C Foaming Face Wash with Mandarin | Brightens Skin | Reduces Dark Spots | 110 ml,CH,318.75,624.75,96.00,73.00,50.00,551.44
c02d4f0a-f19f-433f-81dc-b98d78362f9e,Plum Vitamin C Foaming Face Wash with Mandarin | Brightens Skin | Reduces Dark Spots | 110 ml,DE,318.75,624.75,96.00,73.00,50.00,551.44
c02d4f0a-f19f-433f-81dc-b98d78362f9e,Plum Vitamin C Foaming Face Wash with Mandarin | Brightens Skin | Reduces Dark Spots | 110 ml,FR,318.75,624.75,96.00,73.00,50.00,551.44
c02d4f0a-f19f-433f-81dc-b98d78362f9e,Plum Vitamin C Foaming Face Wash with Mandarin | Brightens Skin | Reduces Dark Spots | 110 ml,GB,318.75,624.75,96.00,73.00,50.00,551.44
c02d4f0a-f19f-433f-81dc-b98d78362f9e,Plum Vitamin C Foaming Face Wash with Mandarin | Brightens Skin | Reduces Dark Spots | 110 ml,IE,318.75,640.68,101.00,78.00,55.00,567.37
c02d4f0a-f19f-433f-81dc-b98d78362f9e,Plum Vitamin C Foaming Face Wash with Mandarin | Brightens Skin | Reduces Dark Spots | 110 ml,KE,318.75,624.75,96.00,73.00,50.00,551.44
c02d4f0a-f19f-433f-81dc-b98d78362f9e,Plum Vitamin C Foaming Face Wash with Mandarin | Brightens Skin | Reduces Dark Spots | 110 ml,MT,318.75,624.75,96.00,73.00,50.00,551.44
c02d4f0a-f19f-433f-81dc-b98d78362f9e,Plum Vitamin C Foaming Face Wash with Mandarin | Brightens Skin | Reduces Dark Spots | 110 ml,US,318.75,624.75,96.00,73.00,50.00,551.44
7b0e586f-c7f7-4b57-8113-c0284d78c206,POND’S BB+ Cream Instant Spot Coverage + Light Make-up Glow SPF 30 PA++ – Natural Shade,AL,186.00,364.56,96.00,73.00,50.00,321.78
7b0e586f-c7f7-4b57-8113-c0284d78c206,POND’S BB+ Cream Instant Spot Coverage + Light Make-up Glow SPF 30 PA++ – Natural Shade,CH,186.00,364.56,96.00,73.00,50.00,321.78
7b0e586f-c7f7-4b57-8113-c0284d78c206,POND’S BB+ Cream Instant Spot Coverage + Light Make-up Glow SPF 30 PA++ – Natural Shade,DE,186.00,364.56,96.00,73.00,50.00,321.78
7b0e586f-c7f7-4b57-8113-c0284d78c206,POND’S BB+ Cream Instant Spot Coverage + Light Make-up Glow SPF 30 PA++ – Natural Shade,FR,186.00,364.56,96.00,73.00,50.00,321.78
7b0e586f-c7f7-4b57-8113-c0284d78c206,POND’S BB+ Cream Instant Spot Coverage + Light Make-up Glow SPF 30 PA++ – Natural Shade,GB,186.00,364.56,96.00,73.00,50.00,321.78
7b0e586f-c7f7-4b57-8113-c0284d78c206,POND’S BB+ Cream Instant Spot Coverage + Light Make-up Glow SPF 30 PA++ – Natural Shade,IE,186.00,373.86,101.00,78.00,55.00,331.08
7b0e586f-c7f7-4b57-8113-c0284d78c206,POND’S BB+ Cream Instant Spot Coverage + Light Make-up Glow SPF 30 PA++ – Natural Shade,KE,186.00,364.56,96.00,73.00,50.00,321.78
7b0e586f-c7f7-4b57-8113-c0284d78c206,POND’S BB+ Cream Instant Spot Coverage + Light Make-up Glow SPF 30 PA++ – Natural Shade,MT,186.00,364.56,96.00,73.00,50.00,321.78
7b0e586f-c7f7-4b57-8113-c0284d78c206,POND’S BB+ Cream Instant Spot Coverage + Light Make-up Glow SPF 30 PA++ – Natural Shade,US,186.00,364.56,96.00,73.00,50.00,321.78
08879fa6-7ef2-4b5a-9334-f982ee76ad86,POND’S BB+ Cream Natural Shade SPF 30 PA++,AL,187.00,366.52,96.00,73.00,50.00,323.51
08879fa6-7ef2-4b5a-9334-f982ee76ad86,POND’S BB+ Cream Natural Shade SPF 30 PA++,CH,187.00,366.52,96.00,73.00,50.00,323.51
08879fa6-7ef2-4b5a-9334-f982ee76ad86,POND’S BB+ Cream Natural Shade SPF 30 PA++,DE,187.00,366.52,96.00,73.00,50.00,323.51
08879fa6-7ef2-4b5a-9334-f982ee76ad86,POND’S BB+ Cream Natural Shade SPF 30 PA++,FR,187.00,366.52,96.00,73.00,50.00,323.51
08879fa6-7ef2-4b5a-9334-f982ee76ad86,POND’S BB+ Cream Natural Shade SPF 30 PA++,GB,187.00,366.52,96.00,73.00,50.00,323.51
08879fa6-7ef2-4b5a-9334-f982ee76ad86,POND’S BB+ Cream Natural Shade SPF 30 PA++,IE,187.00,375.87,101.00,78.00,55.00,332.86
08879fa6-7ef2-4b5a-9334-f982ee76ad86,POND’S BB+ Cream Natural Shade SPF 30 PA++,KE,187.00,366.52,96.00,73.00,50.00,323.51
08879fa6-7ef2-4b5a-9334-f982ee76ad86,POND’S BB+ Cream Natural Shade SPF 30 PA++,MT,187.00,366.52,96.00,73.00,50.00,323.51
08879fa6-7ef2-4b5a-9334-f982ee76ad86,POND’S BB+ Cream Natural Shade SPF 30 PA++,US,187.00,366.52,96.00,73.00,50.00,323.51
3f4e8410-d4ac-4819-b372-b42083c20337,Pond’s Bright Miracle BB+ Cream | 9g | Light Foundation Cream | 3% Niacinamide | SPF 30 PA++ | Natural Finish | All-in-One Face Cream,AL,98.00,192.08,96.00,73.00,50.00,169.54
3f4e8410-d4ac-4819-b372-b42083c20337,Pond’s Bright Miracle BB+ Cream | 9g | Light Foundation Cream | 3% Niacinamide | SPF 30 PA++ | Natural Finish | All-in-One Face Cream,CH,98.00,192.08,96.00,73.00,50.00,169.54
3f4e8410-d4ac-4819-b372-b42083c20337,Pond’s Bright Miracle BB+ Cream | 9g | Light Foundation Cream | 3% Niacinamide | SPF 30 PA++ | Natural Finish | All-in-One Face Cream,DE,98.00,192.08,96.00,73.00,50.00,169.54
3f4e8410-d4ac-4819-b372-b42083c20337,Pond’s Bright Miracle BB+ Cream | 9g | Light Foundation Cream | 3% Niacinamide | SPF 30 PA++ | Natural Finish | All-in-One Face Cream,FR,98.00,192.08,96.00,73.00,50.00,169.54
3f4e8410-d4ac-4819-b372-b42083c20337,Pond’s Bright Miracle BB+ Cream | 9g | Light Foundation Cream | 3% Niacinamide | SPF 30 PA++ | Natural Finish | All-in-One Face Cream,GB,98.00,192.08,96.00,73.00,50.00,169.54
3f4e8410-d4ac-4819-b372-b42083c20337,Pond’s Bright Miracle BB+ Cream | 9g | Light Foundation Cream | 3% Niacinamide | SPF 30 PA++ | Natural Finish | All-in-One Face Cream,IE,98.00,196.98,101.00,78.00,55.00,174.44
3f4e8410-d4ac-4819-b372-b42083c20337,Pond’s Bright Miracle BB+ Cream | 9g | Light Foundation Cream | 3% Niacinamide | SPF 30 PA++ | Natural Finish | All-in-One Face Cream,KE,98.00,192.08,96.00,73.00,50.00,169.54
3f4e8410-d4ac-4819-b372-b42083c20337,Pond’s Bright Miracle BB+ Cream | 9g | Light Foundation Cream | 3% Niacinamide | SPF 30 PA++ | Natural Finish | All-in-One Face Cream,MT,98.00,192.08,96.00,73.00,50.00,169.54
3f4e8410-d4ac-4819-b372-b42083c20337,Pond’s Bright Miracle BB+ Cream | 9g | Light Foundation Cream | 3% Niacinamide | SPF 30 PA++ | Natural Finish | All-in-One Face Cream,US,98.00,192.08,96.00,73.00,50.00,169.54
4712414b-c138-4635-88d2-5d8a9914a3f9,POND'S HYDRA MIRACLE LIGHT MOISTURISER WITH CERA-HYAMINO,AL,55.00,107.80,96.00,73.00,50.00,95.15
4712414b-c138-4635-88d2-5d8a9914a3f9,POND'S HYDRA MIRACLE LIGHT MOISTURISER WITH CERA-HYAMINO,CH,55.00,107.80,96.00,73.00,50.00,95.15
4712414b-c138-4635-88d2-5d8a9914a3f9,POND'S HYDRA MIRACLE LIGHT MOISTURISER WITH CERA-HYAMINO,DE,55.00,107.80,96.00,73.00,50.00,95.15
4712414b-c138-4635-88d2-5d8a9914a3f9,POND'S HYDRA MIRACLE LIGHT MOISTURISER WITH CERA-HYAMINO,FR,55.00,107.80,96.00,73.00,50.00,95.15
4712414b-c138-4635-88d2-5d8a9914a3f9,POND'S HYDRA MIRACLE LIGHT MOISTURISER WITH CERA-HYAMINO,GB,55.00,107.80,96.00,73.00,50.00,95.15
4712414b-c138-4635-88d2-5d8a9914a3f9,POND'S HYDRA MIRACLE LIGHT MOISTURISER WITH CERA-HYAMINO,IE,55.00,110.55,101.00,78.00,55.00,97.90
4712414b-c138-4635-88d2-5d8a9914a3f9,POND'S HYDRA MIRACLE LIGHT MOISTURISER WITH CERA-HYAMINO,KE,55.00,107.80,96.00,73.00,50.00,95.15
4712414b-c138-4635-88d2-5d8a9914a3f9,POND'S HYDRA MIRACLE LIGHT MOISTURISER WITH CERA-HYAMINO,MT,55.00,107.80,96.00,73.00,50.00,95.15
4712414b-c138-4635-88d2-5d8a9914a3f9,POND'S HYDRA MIRACLE LIGHT MOISTURISER WITH CERA-HYAMINO,US,55.00,107.80,96.00,73.00,50.00,95.15
76d0f6a4-0a7e-46fb-9e08-d55bf7f684fa,POND'S HYDRA MIRACLE SUPER LIGHT GEL | 50ML | 25ML | Lightweight | Non-oily moisturizer,AL,175.00,343.00,96.00,73.00,50.00,302.75
76d0f6a4-0a7e-46fb-9e08-d55bf7f684fa,POND'S HYDRA MIRACLE SUPER LIGHT GEL | 50ML | 25ML | Lightweight | Non-oily moisturizer,CH,175.00,343.00,96.00,73.00,50.00,302.75
76d0f6a4-0a7e-46fb-9e08-d55bf7f684fa,POND'S HYDRA MIRACLE SUPER LIGHT GEL | 50ML | 25ML | Lightweight | Non-oily moisturizer,DE,175.00,343.00,96.00,73.00,50.00,302.75
76d0f6a4-0a7e-46fb-9e08-d55bf7f684fa,POND'S HYDRA MIRACLE SUPER LIGHT GEL | 50ML | 25ML | Lightweight | Non-oily moisturizer,FR,175.00,343.00,96.00,73.00,50.00,302.75
76d0f6a4-0a7e-46fb-9e08-d55bf7f684fa,POND'S HYDRA MIRACLE SUPER LIGHT GEL | 50ML | 25ML | Lightweight | Non-oily moisturizer,GB,175.00,343.00,96.00,73.00,50.00,302.75
76d0f6a4-0a7e-46fb-9e08-d55bf7f684fa,POND'S HYDRA MIRACLE SUPER LIGHT GEL | 50ML | 25ML | Lightweight | Non-oily moisturizer,IE,175.00,351.75,101.00,78.00,55.00,311.50
76d0f6a4-0a7e-46fb-9e08-d55bf7f684fa,POND'S HYDRA MIRACLE SUPER LIGHT GEL | 50ML | 25ML | Lightweight | Non-oily moisturizer,KE,175.00,343.00,96.00,73.00,50.00,302.75
76d0f6a4-0a7e-46fb-9e08-d55bf7f684fa,POND'S HYDRA MIRACLE SUPER LIGHT GEL | 50ML | 25ML | Lightweight | Non-oily moisturizer,MT,175.00,343.00,96.00,73.00,50.00,302.75
76d0f6a4-0a7e-46fb-9e08-d55bf7f684fa,POND'S HYDRA MIRACLE SUPER LIGHT GEL | 50ML | 25ML | Lightweight | Non-oily moisturizer,US,175.00,343.00,96.00,73.00,50.00,302.75
3eda8452-8a97-4f45-a0e1-4bb57203f502,"POND’S Niacinamide Soft Glowing Skin Nourishing Body Lotion | Non-Sticky Formula | For Soft, Radiant Skin | Daily Moisturizer for All Skin Types",IE,378.00,873.18,131.00,108.00,85.00,786.24
4b31b28c-70fb-4eb7-906e-821f1831651f,Pond’s Skin Institute Bright Beauty Light Crème – 23g – Niasorcinol Spot Repair Formula with UV Filter – Fades Dark Spots & Brightens Skin – Travel Friendly Size,AL,104.00,203.84,96.00,73.00,50.00,179.92
4b31b28c-70fb-4eb7-906e-821f1831651f,Pond’s Skin Institute Bright Beauty Light Crème – 23g – Niasorcinol Spot Repair Formula with UV Filter – Fades Dark Spots & Brightens Skin – Travel Friendly Size,CH,104.00,203.84,96.00,73.00,50.00,179.92
4b31b28c-70fb-4eb7-906e-821f1831651f,Pond’s Skin Institute Bright Beauty Light Crème – 23g – Niasorcinol Spot Repair Formula with UV Filter – Fades Dark Spots & Brightens Skin – Travel Friendly Size,DE,104.00,203.84,96.00,73.00,50.00,179.92
4b31b28c-70fb-4eb7-906e-821f1831651f,Pond’s Skin Institute Bright Beauty Light Crème – 23g – Niasorcinol Spot Repair Formula with UV Filter – Fades Dark Spots & Brightens Skin – Travel Friendly Size,FR,104.00,203.84,96.00,73.00,50.00,179.92
4b31b28c-70fb-4eb7-906e-821f1831651f,Pond’s Skin Institute Bright Beauty Light Crème – 23g – Niasorcinol Spot Repair Formula with UV Filter – Fades Dark Spots & Brightens Skin – Travel Friendly Size,GB,104.00,203.84,96.00,73.00,50.00,179.92
4b31b28c-70fb-4eb7-906e-821f1831651f,Pond’s Skin Institute Bright Beauty Light Crème – 23g – Niasorcinol Spot Repair Formula with UV Filter – Fades Dark Spots & Brightens Skin – Travel Friendly Size,IE,104.00,210.97,102.86,79.86,56.86,187.05
4b31b28c-70fb-4eb7-906e-821f1831651f,Pond’s Skin Institute Bright Beauty Light Crème – 23g – Niasorcinol Spot Repair Formula with UV Filter – Fades Dark Spots & Brightens Skin – Travel Friendly Size,KE,104.00,203.84,96.00,73.00,50.00,179.92
4b31b28c-70fb-4eb7-906e-821f1831651f,Pond’s Skin Institute Bright Beauty Light Crème – 23g – Niasorcinol Spot Repair Formula with UV Filter – Fades Dark Spots & Brightens Skin – Travel Friendly Size,MT,104.00,203.84,96.00,73.00,50.00,179.92
4b31b28c-70fb-4eb7-906e-821f1831651f,Pond’s Skin Institute Bright Beauty Light Crème – 23g – Niasorcinol Spot Repair Formula with UV Filter – Fades Dark Spots & Brightens Skin – Travel Friendly Size,US,104.00,203.84,96.00,73.00,50.00,179.92
5fed4d60-ee67-4519-9476-6559626b9122,Pond’s Sun Miracle Protect & Bright Sunscreen SPF 35 PA+++ (Niacinamide),AL,73.00,143.08,96.00,73.00,50.00,126.29
5fed4d60-ee67-4519-9476-6559626b9122,Pond’s Sun Miracle Protect & Bright Sunscreen SPF 35 PA+++ (Niacinamide),CH,73.00,143.08,96.00,73.00,50.00,126.29
5fed4d60-ee67-4519-9476-6559626b9122,Pond’s Sun Miracle Protect & Bright Sunscreen SPF 35 PA+++ (Niacinamide),DE,73.00,143.08,96.00,73.00,50.00,126.29
5fed4d60-ee67-4519-9476-6559626b9122,Pond’s Sun Miracle Protect & Bright Sunscreen SPF 35 PA+++ (Niacinamide),FR,73.00,143.08,96.00,73.00,50.00,126.29
5fed4d60-ee67-4519-9476-6559626b9122,Pond’s Sun Miracle Protect & Bright Sunscreen SPF 35 PA+++ (Niacinamide),GB,73.00,143.08,96.00,73.00,50.00,126.29
5fed4d60-ee67-4519-9476-6559626b9122,Pond’s Sun Miracle Protect & Bright Sunscreen SPF 35 PA+++ (Niacinamide),IE,73.00,146.73,101.00,78.00,55.00,129.94
5fed4d60-ee67-4519-9476-6559626b9122,Pond’s Sun Miracle Protect & Bright Sunscreen SPF 35 PA+++ (Niacinamide),KE,73.00,143.08,96.00,73.00,50.00,126.29
5fed4d60-ee67-4519-9476-6559626b9122,Pond’s Sun Miracle Protect & Bright Sunscreen SPF 35 PA+++ (Niacinamide),MT,73.00,143.08,96.00,73.00,50.00,126.29
5fed4d60-ee67-4519-9476-6559626b9122,Pond’s Sun Miracle Protect & Bright Sunscreen SPF 35 PA+++ (Niacinamide),US,73.00,143.08,96.00,73.00,50.00,126.29
129f03b4-6e5d-44fa-8a61-f0bd1cddc0e0,POND'S YOUTHFUL MRACLE Hexyl Retinol complex Renew &Repair Day cream SPF15PA++,AL,135.00,264.60,96.00,73.00,50.00,233.55
129f03b4-6e5d-44fa-8a61-f0bd1cddc0e0,POND'S YOUTHFUL MRACLE Hexyl Retinol complex Renew &Repair Day cream SPF15PA++,CH,135.00,264.60,96.00,73.00,50.00,233.55
129f03b4-6e5d-44fa-8a61-f0bd1cddc0e0,POND'S YOUTHFUL MRACLE Hexyl Retinol complex Renew &Repair Day cream SPF15PA++,DE,135.00,264.60,96.00,73.00,50.00,233.55
129f03b4-6e5d-44fa-8a61-f0bd1cddc0e0,POND'S YOUTHFUL MRACLE Hexyl Retinol complex Renew &Repair Day cream SPF15PA++,FR,135.00,264.60,96.00,73.00,50.00,233.55
129f03b4-6e5d-44fa-8a61-f0bd1cddc0e0,POND'S YOUTHFUL MRACLE Hexyl Retinol complex Renew &Repair Day cream SPF15PA++,GB,135.00,264.60,96.00,73.00,50.00,233.55
129f03b4-6e5d-44fa-8a61-f0bd1cddc0e0,POND'S YOUTHFUL MRACLE Hexyl Retinol complex Renew &Repair Day cream SPF15PA++,IE,135.00,271.35,101.00,78.00,55.00,240.30
129f03b4-6e5d-44fa-8a61-f0bd1cddc0e0,POND'S YOUTHFUL MRACLE Hexyl Retinol complex Renew &Repair Day cream SPF15PA++,KE,135.00,264.60,96.00,73.00,50.00,233.55
129f03b4-6e5d-44fa-8a61-f0bd1cddc0e0,POND'S YOUTHFUL MRACLE Hexyl Retinol complex Renew &Repair Day cream SPF15PA++,MT,135.00,264.60,96.00,73.00,50.00,233.55
129f03b4-6e5d-44fa-8a61-f0bd1cddc0e0,POND'S YOUTHFUL MRACLE Hexyl Retinol complex Renew &Repair Day cream SPF15PA++,US,135.00,264.60,96.00,73.00,50.00,233.55
033ebb24-84f5-48ba-b478-c3386598e3a3,Premium Cotton Bedsheet,AL,1850.00,3903.50,111.00,88.00,65.00,3478.00
033ebb24-84f5-48ba-b478-c3386598e3a3,Premium Cotton Bedsheet,CH,1850.00,3903.50,111.00,88.00,65.00,3478.00
033ebb24-84f5-48ba-b478-c3386598e3a3,Premium Cotton Bedsheet,DE,1850.00,3903.50,111.00,88.00,65.00,3478.00
033ebb24-84f5-48ba-b478-c3386598e3a3,Premium Cotton Bedsheet,FR,1850.00,3903.50,111.00,88.00,65.00,3478.00
033ebb24-84f5-48ba-b478-c3386598e3a3,Premium Cotton Bedsheet,GB,1850.00,3903.50,111.00,88.00,65.00,3478.00
033ebb24-84f5-48ba-b478-c3386598e3a3,Premium Cotton Bedsheet,KE,1850.00,3903.50,111.00,88.00,65.00,3478.00
033ebb24-84f5-48ba-b478-c3386598e3a3,Premium Cotton Bedsheet,MT,1850.00,3903.50,111.00,88.00,65.00,3478.00
033ebb24-84f5-48ba-b478-c3386598e3a3,Premium Cotton Bedsheet,US,1850.00,3903.50,111.00,88.00,65.00,3478.00
5edf4055-f3cf-4382-b3cb-89904ecc2290,Premium Cotton Crew Neck T-Shirt for Men,IE,679.00,1296.89,91.00,68.00,45.00,1140.72
61604d57-f1f5-49fc-baaa-4cf8adce7d46,Premium Cotton Crew Neck T-Shirt for Men,IE,679.00,1296.89,91.00,68.00,45.00,1140.72
0a8cc074-25bf-4447-a9b6-39d1754e36d7,Premium White Casual Sneakers for Men & Women | Stylish Everyday Shoes | Comfortable Lace-Up Design | Durable Sole,AL,2099.00,4428.89,111.00,88.00,65.00,3946.12
0a8cc074-25bf-4447-a9b6-39d1754e36d7,Premium White Casual Sneakers for Men & Women | Stylish Everyday Shoes | Comfortable Lace-Up Design | Durable Sole,CH,2099.00,4428.89,111.00,88.00,65.00,3946.12
0a8cc074-25bf-4447-a9b6-39d1754e36d7,Premium White Casual Sneakers for Men & Women | Stylish Everyday Shoes | Comfortable Lace-Up Design | Durable Sole,DE,2099.00,4428.89,111.00,88.00,65.00,3946.12
0a8cc074-25bf-4447-a9b6-39d1754e36d7,Premium White Casual Sneakers for Men & Women | Stylish Everyday Shoes | Comfortable Lace-Up Design | Durable Sole,FR,2099.00,4428.89,111.00,88.00,65.00,3946.12
0a8cc074-25bf-4447-a9b6-39d1754e36d7,Premium White Casual Sneakers for Men & Women | Stylish Everyday Shoes | Comfortable Lace-Up Design | Durable Sole,GB,2099.00,4428.89,111.00,88.00,65.00,3946.12
0a8cc074-25bf-4447-a9b6-39d1754e36d7,Premium White Casual Sneakers for Men & Women | Stylish Everyday Shoes | Comfortable Lace-Up Design | Durable Sole,IE,2099.00,4638.79,121.00,98.00,75.00,4156.02
0a8cc074-25bf-4447-a9b6-39d1754e36d7,Premium White Casual Sneakers for Men & Women | Stylish Everyday Shoes | Comfortable Lace-Up Design | Durable Sole,KE,2099.00,4428.89,111.00,88.00,65.00,3946.12
0a8cc074-25bf-4447-a9b6-39d1754e36d7,Premium White Casual Sneakers for Men & Women | Stylish Everyday Shoes | Comfortable Lace-Up Design | Durable Sole,MT,2099.00,4428.89,111.00,88.00,65.00,3946.12
0a8cc074-25bf-4447-a9b6-39d1754e36d7,Premium White Casual Sneakers for Men & Women | Stylish Everyday Shoes | Comfortable Lace-Up Design | Durable Sole,US,2099.00,4428.89,111.00,88.00,65.00,3946.12
c888a1bf-5b0b-4c7c-a053-9bbb39a2e88a,Product Title Women’s Cotton Floral Printed Midi Dress with Lining & Sleeves,AL,810.00,1564.37,93.13,70.13,47.13,1378.07
c888a1bf-5b0b-4c7c-a053-9bbb39a2e88a,Product Title Women’s Cotton Floral Printed Midi Dress with Lining & Sleeves,CH,810.00,1564.37,93.13,70.13,47.13,1378.07
c888a1bf-5b0b-4c7c-a053-9bbb39a2e88a,Product Title Women’s Cotton Floral Printed Midi Dress with Lining & Sleeves,DE,810.00,1701.00,110.00,87.00,64.00,1514.70
c888a1bf-5b0b-4c7c-a053-9bbb39a2e88a,Product Title Women’s Cotton Floral Printed Midi Dress with Lining & Sleeves,FR,810.00,1790.10,121.00,98.00,75.00,1603.80
c888a1bf-5b0b-4c7c-a053-9bbb39a2e88a,Product Title Women’s Cotton Floral Printed Midi Dress with Lining & Sleeves,GB,810.00,1709.10,111.00,88.00,65.00,1522.80
c888a1bf-5b0b-4c7c-a053-9bbb39a2e88a,Product Title Women’s Cotton Floral Printed Midi Dress with Lining & Sleeves,IE,810.00,1709.10,111.00,88.00,65.00,1522.80
c888a1bf-5b0b-4c7c-a053-9bbb39a2e88a,Product Title Women’s Cotton Floral Printed Midi Dress with Lining & Sleeves,KE,810.00,1564.37,93.13,70.13,47.13,1378.07
c888a1bf-5b0b-4c7c-a053-9bbb39a2e88a,Product Title Women’s Cotton Floral Printed Midi Dress with Lining & Sleeves,MT,810.00,1846.80,128.00,105.00,82.00,1660.50
c888a1bf-5b0b-4c7c-a053-9bbb39a2e88a,Product Title Women’s Cotton Floral Printed Midi Dress with Lining & Sleeves,US,810.00,1814.40,124.00,101.00,78.00,1628.10
26bc2cda-f065-4001-a5a3-e08bed5e1be8,Prophecy PH-6831 1800W Hair Dryer |,AL,749.00,1542.94,106.00,83.00,60.00,1370.67
26bc2cda-f065-4001-a5a3-e08bed5e1be8,Prophecy PH-6831 1800W Hair Dryer |,CH,749.00,1542.94,106.00,83.00,60.00,1370.67
26bc2cda-f065-4001-a5a3-e08bed5e1be8,Prophecy PH-6831 1800W Hair Dryer |,DE,749.00,1542.94,106.00,83.00,60.00,1370.67
26bc2cda-f065-4001-a5a3-e08bed5e1be8,Prophecy PH-6831 1800W Hair Dryer |,FR,749.00,1542.94,106.00,83.00,60.00,1370.67
26bc2cda-f065-4001-a5a3-e08bed5e1be8,Prophecy PH-6831 1800W Hair Dryer |,GB,749.00,1542.94,106.00,83.00,60.00,1370.67
26bc2cda-f065-4001-a5a3-e08bed5e1be8,Prophecy PH-6831 1800W Hair Dryer |,IE,749.00,1580.39,111.00,88.00,65.00,1408.12
26bc2cda-f065-4001-a5a3-e08bed5e1be8,Prophecy PH-6831 1800W Hair Dryer |,KE,749.00,1542.94,106.00,83.00,60.00,1370.67
26bc2cda-f065-4001-a5a3-e08bed5e1be8,Prophecy PH-6831 1800W Hair Dryer |,MT,749.00,1542.94,106.00,83.00,60.00,1370.67
26bc2cda-f065-4001-a5a3-e08bed5e1be8,Prophecy PH-6831 1800W Hair Dryer |,US,749.00,1542.94,106.00,83.00,60.00,1370.67
c753b24f-da09-4f01-afb6-c4e179e48bf3,Racing Style Die-Cast Toy Car,AL,108.00,211.68,96.00,73.00,50.00,186.84
c753b24f-da09-4f01-afb6-c4e179e48bf3,Racing Style Die-Cast Toy Car,CH,108.00,211.68,96.00,73.00,50.00,186.84
c753b24f-da09-4f01-afb6-c4e179e48bf3,Racing Style Die-Cast Toy Car,DE,108.00,211.68,96.00,73.00,50.00,186.84
c753b24f-da09-4f01-afb6-c4e179e48bf3,Racing Style Die-Cast Toy Car,FR,108.00,211.68,96.00,73.00,50.00,186.84
c753b24f-da09-4f01-afb6-c4e179e48bf3,Racing Style Die-Cast Toy Car,GB,108.00,211.68,96.00,73.00,50.00,186.84
c753b24f-da09-4f01-afb6-c4e179e48bf3,Racing Style Die-Cast Toy Car,IE,108.00,217.08,101.00,78.00,55.00,192.24
c753b24f-da09-4f01-afb6-c4e179e48bf3,Racing Style Die-Cast Toy Car,KE,108.00,211.68,96.00,73.00,50.00,186.84
c753b24f-da09-4f01-afb6-c4e179e48bf3,Racing Style Die-Cast Toy Car,MT,108.00,211.68,96.00,73.00,50.00,186.84
c753b24f-da09-4f01-afb6-c4e179e48bf3,Racing Style Die-Cast Toy Car,US,108.00,211.68,96.00,73.00,50.00,186.84
0799aac9-6549-47ec-ad03-a878956dc720,Racing Style Mini Car,IE,969.99,1852.69,91.00,68.00,45.00,1629.59
b45232ab-4f52-4114-8b4e-5a59bcdbe6be,Rasasi Blue Lady Pour Femme Deodorant Body Spray for Women 200ml,AL,346.00,678.16,96.00,73.00,50.00,598.58
b45232ab-4f52-4114-8b4e-5a59bcdbe6be,Rasasi Blue Lady Pour Femme Deodorant Body Spray for Women 200ml,CH,346.00,678.16,96.00,73.00,50.00,598.58
b45232ab-4f52-4114-8b4e-5a59bcdbe6be,Rasasi Blue Lady Pour Femme Deodorant Body Spray for Women 200ml,DE,346.00,678.16,96.00,73.00,50.00,598.58
b45232ab-4f52-4114-8b4e-5a59bcdbe6be,Rasasi Blue Lady Pour Femme Deodorant Body Spray for Women 200ml,FR,346.00,678.16,96.00,73.00,50.00,598.58
b45232ab-4f52-4114-8b4e-5a59bcdbe6be,Rasasi Blue Lady Pour Femme Deodorant Body Spray for Women 200ml,GB,346.00,678.16,96.00,73.00,50.00,598.58
b45232ab-4f52-4114-8b4e-5a59bcdbe6be,Rasasi Blue Lady Pour Femme Deodorant Body Spray for Women 200ml,IE,346.00,695.46,101.00,78.00,55.00,615.88
b45232ab-4f52-4114-8b4e-5a59bcdbe6be,Rasasi Blue Lady Pour Femme Deodorant Body Spray for Women 200ml,KE,346.00,678.16,96.00,73.00,50.00,598.58
b45232ab-4f52-4114-8b4e-5a59bcdbe6be,Rasasi Blue Lady Pour Femme Deodorant Body Spray for Women 200ml,MT,346.00,678.16,96.00,73.00,50.00,598.58
b45232ab-4f52-4114-8b4e-5a59bcdbe6be,Rasasi Blue Lady Pour Femme Deodorant Body Spray for Women 200ml,US,346.00,678.16,96.00,73.00,50.00,598.58
796899d4-b81b-4a47-ab5a-3ddbd53d38e8,Red Crystal Floral Stud Earrings for Women,AL,314.00,615.44,96.00,73.00,50.00,543.22
796899d4-b81b-4a47-ab5a-3ddbd53d38e8,Red Crystal Floral Stud Earrings for Women,CH,314.00,615.44,96.00,73.00,50.00,543.22
796899d4-b81b-4a47-ab5a-3ddbd53d38e8,Red Crystal Floral Stud Earrings for Women,DE,314.00,615.44,96.00,73.00,50.00,543.22
796899d4-b81b-4a47-ab5a-3ddbd53d38e8,Red Crystal Floral Stud Earrings for Women,FR,314.00,615.44,96.00,73.00,50.00,543.22
796899d4-b81b-4a47-ab5a-3ddbd53d38e8,Red Crystal Floral Stud Earrings for Women,GB,314.00,615.44,96.00,73.00,50.00,543.22
796899d4-b81b-4a47-ab5a-3ddbd53d38e8,Red Crystal Floral Stud Earrings for Women,IE,314.00,631.14,101.00,78.00,55.00,558.92
796899d4-b81b-4a47-ab5a-3ddbd53d38e8,Red Crystal Floral Stud Earrings for Women,KE,314.00,615.44,96.00,73.00,50.00,543.22
796899d4-b81b-4a47-ab5a-3ddbd53d38e8,Red Crystal Floral Stud Earrings for Women,MT,314.00,615.44,96.00,73.00,50.00,543.22
796899d4-b81b-4a47-ab5a-3ddbd53d38e8,Red Crystal Floral Stud Earrings for Women,US,314.00,615.44,96.00,73.00,50.00,543.22
be9d8a6f-149f-4814-946a-5b5bbf3b44f6,Red Stone Leaf Drop Earrings for Women |  Statement Dangle Earrings,AL,328.00,642.88,96.00,73.00,50.00,567.44
be9d8a6f-149f-4814-946a-5b5bbf3b44f6,Red Stone Leaf Drop Earrings for Women |  Statement Dangle Earrings,CH,328.00,642.88,96.00,73.00,50.00,567.44
be9d8a6f-149f-4814-946a-5b5bbf3b44f6,Red Stone Leaf Drop Earrings for Women |  Statement Dangle Earrings,DE,328.00,642.88,96.00,73.00,50.00,567.44
be9d8a6f-149f-4814-946a-5b5bbf3b44f6,Red Stone Leaf Drop Earrings for Women |  Statement Dangle Earrings,FR,328.00,642.88,96.00,73.00,50.00,567.44
be9d8a6f-149f-4814-946a-5b5bbf3b44f6,Red Stone Leaf Drop Earrings for Women |  Statement Dangle Earrings,GB,328.00,642.88,96.00,73.00,50.00,567.44
be9d8a6f-149f-4814-946a-5b5bbf3b44f6,Red Stone Leaf Drop Earrings for Women |  Statement Dangle Earrings,IE,328.00,659.28,101.00,78.00,55.00,583.84
be9d8a6f-149f-4814-946a-5b5bbf3b44f6,Red Stone Leaf Drop Earrings for Women |  Statement Dangle Earrings,KE,328.00,642.88,96.00,73.00,50.00,567.44
be9d8a6f-149f-4814-946a-5b5bbf3b44f6,Red Stone Leaf Drop Earrings for Women |  Statement Dangle Earrings,MT,328.00,642.88,96.00,73.00,50.00,567.44
be9d8a6f-149f-4814-946a-5b5bbf3b44f6,Red Stone Leaf Drop Earrings for Women |  Statement Dangle Earrings,US,328.00,642.88,96.00,73.00,50.00,567.44
6ad32fce-e393-4052-a638-1835c667de2c,"Refresh+ On the Go Set of 3 Perfume Body Mist, 3 x 20 ml for Women Perfume Set For Women I Long Lasting Fragrance Warm, Sweet & Floral Fragrance | Double Duty Mist for Hair & Body",IE,549.00,1048.59,91.00,68.00,45.00,922.32
34edbb32-5343-4d6b-8b8e-dca9803eb5d9,Refresh+ Sun Kissed Vanilla Perfume Body Mist Warm Vanilla Fragrance | Long- Lasting Fragrance | Double Duty Mist for Hair & Body | Non-Irritating & Hydrating | Skin Friendly (150 ml),AL,449.00,880.04,96.00,73.00,50.00,776.77
34edbb32-5343-4d6b-8b8e-dca9803eb5d9,Refresh+ Sun Kissed Vanilla Perfume Body Mist Warm Vanilla Fragrance | Long- Lasting Fragrance | Double Duty Mist for Hair & Body | Non-Irritating & Hydrating | Skin Friendly (150 ml),CH,449.00,880.04,96.00,73.00,50.00,776.77
34edbb32-5343-4d6b-8b8e-dca9803eb5d9,Refresh+ Sun Kissed Vanilla Perfume Body Mist Warm Vanilla Fragrance | Long- Lasting Fragrance | Double Duty Mist for Hair & Body | Non-Irritating & Hydrating | Skin Friendly (150 ml),DE,449.00,880.04,96.00,73.00,50.00,776.77
34edbb32-5343-4d6b-8b8e-dca9803eb5d9,Refresh+ Sun Kissed Vanilla Perfume Body Mist Warm Vanilla Fragrance | Long- Lasting Fragrance | Double Duty Mist for Hair & Body | Non-Irritating & Hydrating | Skin Friendly (150 ml),FR,449.00,880.04,96.00,73.00,50.00,776.77
34edbb32-5343-4d6b-8b8e-dca9803eb5d9,Refresh+ Sun Kissed Vanilla Perfume Body Mist Warm Vanilla Fragrance | Long- Lasting Fragrance | Double Duty Mist for Hair & Body | Non-Irritating & Hydrating | Skin Friendly (150 ml),GB,449.00,880.04,96.00,73.00,50.00,776.77
34edbb32-5343-4d6b-8b8e-dca9803eb5d9,Refresh+ Sun Kissed Vanilla Perfume Body Mist Warm Vanilla Fragrance | Long- Lasting Fragrance | Double Duty Mist for Hair & Body | Non-Irritating & Hydrating | Skin Friendly (150 ml),IE,449.00,902.49,101.00,78.00,55.00,799.22
34edbb32-5343-4d6b-8b8e-dca9803eb5d9,Refresh+ Sun Kissed Vanilla Perfume Body Mist Warm Vanilla Fragrance | Long- Lasting Fragrance | Double Duty Mist for Hair & Body | Non-Irritating & Hydrating | Skin Friendly (150 ml),KE,449.00,880.04,96.00,73.00,50.00,776.77
34edbb32-5343-4d6b-8b8e-dca9803eb5d9,Refresh+ Sun Kissed Vanilla Perfume Body Mist Warm Vanilla Fragrance | Long- Lasting Fragrance | Double Duty Mist for Hair & Body | Non-Irritating & Hydrating | Skin Friendly (150 ml),MT,449.00,880.04,96.00,73.00,50.00,776.77
34edbb32-5343-4d6b-8b8e-dca9803eb5d9,Refresh+ Sun Kissed Vanilla Perfume Body Mist Warm Vanilla Fragrance | Long- Lasting Fragrance | Double Duty Mist for Hair & Body | Non-Irritating & Hydrating | Skin Friendly (150 ml),US,449.00,880.04,96.00,73.00,50.00,776.77
c3253f91-18f1-4442-a398-cd137e3e1e67,Refreshing Body Wash,AL,100.00,196.00,96.00,73.00,50.00,173.00
c3253f91-18f1-4442-a398-cd137e3e1e67,Refreshing Body Wash,CH,100.00,196.00,96.00,73.00,50.00,173.00
c3253f91-18f1-4442-a398-cd137e3e1e67,Refreshing Body Wash,DE,100.00,196.00,96.00,73.00,50.00,173.00
c3253f91-18f1-4442-a398-cd137e3e1e67,Refreshing Body Wash,FR,100.00,196.00,96.00,73.00,50.00,173.00
c3253f91-18f1-4442-a398-cd137e3e1e67,Refreshing Body Wash,GB,100.00,196.00,96.00,73.00,50.00,173.00
c3253f91-18f1-4442-a398-cd137e3e1e67,Refreshing Body Wash,IE,100.00,201.00,101.00,78.00,55.00,178.00
c3253f91-18f1-4442-a398-cd137e3e1e67,Refreshing Body Wash,KE,100.00,196.00,96.00,73.00,50.00,173.00
c3253f91-18f1-4442-a398-cd137e3e1e67,Refreshing Body Wash,MT,100.00,196.00,96.00,73.00,50.00,173.00
c3253f91-18f1-4442-a398-cd137e3e1e67,Refreshing Body Wash,US,100.00,196.00,96.00,73.00,50.00,173.00
4d52c716-c0c2-4ecb-8fd4-7b8be78d3fab,"Remote Control Helicopter 3.5 Channel RC Toy with Controller & USB Charging, Easy to Fly Stable Flight Helicopter for Kids (Yellow)",IE,348.00,705.92,102.85,79.85,56.85,625.88
811202d7-2114-489b-86ce-89a1b0972230,Rin Fabric Whitener Liquid 500ml | Brightens White Clothes | Advanced Whitening Formula,IE,89.00,180.54,102.85,79.85,56.85,160.07
6f7b9590-03aa-4fbe-9d7e-1dd2f933c9bf,Santoor Gentle Hand Wash Fresh (Sweet Lime Peel & Tulsi) 2 Bottle pack,AL,99.00,194.04,96.00,73.00,50.00,171.27
6f7b9590-03aa-4fbe-9d7e-1dd2f933c9bf,Santoor Gentle Hand Wash Fresh (Sweet Lime Peel & Tulsi) 2 Bottle pack,CH,99.00,194.04,96.00,73.00,50.00,171.27
6f7b9590-03aa-4fbe-9d7e-1dd2f933c9bf,Santoor Gentle Hand Wash Fresh (Sweet Lime Peel & Tulsi) 2 Bottle pack,DE,99.00,194.04,96.00,73.00,50.00,171.27
6f7b9590-03aa-4fbe-9d7e-1dd2f933c9bf,Santoor Gentle Hand Wash Fresh (Sweet Lime Peel & Tulsi) 2 Bottle pack,FR,99.00,194.04,96.00,73.00,50.00,171.27
6f7b9590-03aa-4fbe-9d7e-1dd2f933c9bf,Santoor Gentle Hand Wash Fresh (Sweet Lime Peel & Tulsi) 2 Bottle pack,GB,99.00,194.04,96.00,73.00,50.00,171.27
6f7b9590-03aa-4fbe-9d7e-1dd2f933c9bf,Santoor Gentle Hand Wash Fresh (Sweet Lime Peel & Tulsi) 2 Bottle pack,IE,99.00,198.99,101.00,78.00,55.00,176.22
6f7b9590-03aa-4fbe-9d7e-1dd2f933c9bf,Santoor Gentle Hand Wash Fresh (Sweet Lime Peel & Tulsi) 2 Bottle pack,KE,99.00,194.04,96.00,73.00,50.00,171.27
6f7b9590-03aa-4fbe-9d7e-1dd2f933c9bf,Santoor Gentle Hand Wash Fresh (Sweet Lime Peel & Tulsi) 2 Bottle pack,MT,99.00,194.04,96.00,73.00,50.00,171.27
6f7b9590-03aa-4fbe-9d7e-1dd2f933c9bf,Santoor Gentle Hand Wash Fresh (Sweet Lime Peel & Tulsi) 2 Bottle pack,US,99.00,194.04,96.00,73.00,50.00,171.27
8178035e-8c55-4f1f-990d-0e82e05edc8e,Santoor Sandal & Turmeric Soap – Skin Moisturising Bath Soap,AL,38.50,75.45,95.97,72.97,49.97,66.59
8178035e-8c55-4f1f-990d-0e82e05edc8e,Santoor Sandal & Turmeric Soap – Skin Moisturising Bath Soap,CH,38.50,75.45,95.97,72.97,49.97,66.59
8178035e-8c55-4f1f-990d-0e82e05edc8e,Santoor Sandal & Turmeric Soap – Skin Moisturising Bath Soap,DE,38.50,75.45,95.97,72.97,49.97,66.59
8178035e-8c55-4f1f-990d-0e82e05edc8e,Santoor Sandal & Turmeric Soap – Skin Moisturising Bath Soap,FR,38.50,75.45,95.97,72.97,49.97,66.59
8178035e-8c55-4f1f-990d-0e82e05edc8e,Santoor Sandal & Turmeric Soap – Skin Moisturising Bath Soap,GB,38.50,75.45,95.97,72.97,49.97,66.59
8178035e-8c55-4f1f-990d-0e82e05edc8e,Santoor Sandal & Turmeric Soap – Skin Moisturising Bath Soap,IE,38.50,77.40,101.04,78.04,55.04,68.55
8178035e-8c55-4f1f-990d-0e82e05edc8e,Santoor Sandal & Turmeric Soap – Skin Moisturising Bath Soap,KE,38.50,75.45,95.97,72.97,49.97,66.59
8178035e-8c55-4f1f-990d-0e82e05edc8e,Santoor Sandal & Turmeric Soap – Skin Moisturising Bath Soap,MT,38.50,75.45,95.97,72.97,49.97,66.59
8178035e-8c55-4f1f-990d-0e82e05edc8e,Santoor Sandal & Turmeric Soap – Skin Moisturising Bath Soap,US,38.50,75.45,95.97,72.97,49.97,66.59
a3bf9cd4-2938-4ebb-89ef-ee99ef9abb41,Sebamed Baby powder with Olive oil 100g,AL,373.00,731.08,96.00,73.00,50.00,645.29
a3bf9cd4-2938-4ebb-89ef-ee99ef9abb41,Sebamed Baby powder with Olive oil 100g,CH,373.00,731.08,96.00,73.00,50.00,645.29
a3bf9cd4-2938-4ebb-89ef-ee99ef9abb41,Sebamed Baby powder with Olive oil 100g,DE,373.00,731.08,96.00,73.00,50.00,645.29
a3bf9cd4-2938-4ebb-89ef-ee99ef9abb41,Sebamed Baby powder with Olive oil 100g,FR,373.00,731.08,96.00,73.00,50.00,645.29
a3bf9cd4-2938-4ebb-89ef-ee99ef9abb41,Sebamed Baby powder with Olive oil 100g,GB,373.00,731.08,96.00,73.00,50.00,645.29
a3bf9cd4-2938-4ebb-89ef-ee99ef9abb41,Sebamed Baby powder with Olive oil 100g,IE,373.00,749.73,101.00,78.00,55.00,663.94
a3bf9cd4-2938-4ebb-89ef-ee99ef9abb41,Sebamed Baby powder with Olive oil 100g,KE,373.00,731.08,96.00,73.00,50.00,645.29
a3bf9cd4-2938-4ebb-89ef-ee99ef9abb41,Sebamed Baby powder with Olive oil 100g,MT,373.00,731.08,96.00,73.00,50.00,645.29
a3bf9cd4-2938-4ebb-89ef-ee99ef9abb41,Sebamed Baby powder with Olive oil 100g,US,373.00,731.08,96.00,73.00,50.00,645.29
83302892-87e2-4326-8132-f733ad0c3f80,"Shape Strive Metal Ball Pen — Premium Marble-Finish Body | Smooth Ballpoint Writing Pen for Professionals, Gifting & Daily Use | Single Unit, Gift Box Packaging",AL,150.00,294.00,96.00,73.00,50.00,259.50
83302892-87e2-4326-8132-f733ad0c3f80,"Shape Strive Metal Ball Pen — Premium Marble-Finish Body | Smooth Ballpoint Writing Pen for Professionals, Gifting & Daily Use | Single Unit, Gift Box Packaging",CH,150.00,294.00,96.00,73.00,50.00,259.50
83302892-87e2-4326-8132-f733ad0c3f80,"Shape Strive Metal Ball Pen — Premium Marble-Finish Body | Smooth Ballpoint Writing Pen for Professionals, Gifting & Daily Use | Single Unit, Gift Box Packaging",DE,150.00,294.00,96.00,73.00,50.00,259.50
83302892-87e2-4326-8132-f733ad0c3f80,"Shape Strive Metal Ball Pen — Premium Marble-Finish Body | Smooth Ballpoint Writing Pen for Professionals, Gifting & Daily Use | Single Unit, Gift Box Packaging",FR,150.00,294.00,96.00,73.00,50.00,259.50
83302892-87e2-4326-8132-f733ad0c3f80,"Shape Strive Metal Ball Pen — Premium Marble-Finish Body | Smooth Ballpoint Writing Pen for Professionals, Gifting & Daily Use | Single Unit, Gift Box Packaging",GB,150.00,294.00,96.00,73.00,50.00,259.50
83302892-87e2-4326-8132-f733ad0c3f80,"Shape Strive Metal Ball Pen — Premium Marble-Finish Body | Smooth Ballpoint Writing Pen for Professionals, Gifting & Daily Use | Single Unit, Gift Box Packaging",IE,150.00,301.50,101.00,78.00,55.00,267.00
83302892-87e2-4326-8132-f733ad0c3f80,"Shape Strive Metal Ball Pen — Premium Marble-Finish Body | Smooth Ballpoint Writing Pen for Professionals, Gifting & Daily Use | Single Unit, Gift Box Packaging",KE,150.00,294.00,96.00,73.00,50.00,259.50
83302892-87e2-4326-8132-f733ad0c3f80,"Shape Strive Metal Ball Pen — Premium Marble-Finish Body | Smooth Ballpoint Writing Pen for Professionals, Gifting & Daily Use | Single Unit, Gift Box Packaging",MT,150.00,294.00,96.00,73.00,50.00,259.50
83302892-87e2-4326-8132-f733ad0c3f80,"Shape Strive Metal Ball Pen — Premium Marble-Finish Body | Smooth Ballpoint Writing Pen for Professionals, Gifting & Daily Use | Single Unit, Gift Box Packaging",US,150.00,294.00,96.00,73.00,50.00,259.50
937dd099-dd5f-4f2a-9aa1-248fad815f45,Shishu Anand Baby Wet Wipes with Aloe Vera & Indian Lotus – Clinically Tested Alcohol-Free & Paraben-Free Gentle Cleansing Wipes for Sensitive Skin,AL,119.00,233.24,96.00,73.00,50.00,205.87
937dd099-dd5f-4f2a-9aa1-248fad815f45,Shishu Anand Baby Wet Wipes with Aloe Vera & Indian Lotus – Clinically Tested Alcohol-Free & Paraben-Free Gentle Cleansing Wipes for Sensitive Skin,CH,119.00,233.24,96.00,73.00,50.00,205.87
937dd099-dd5f-4f2a-9aa1-248fad815f45,Shishu Anand Baby Wet Wipes with Aloe Vera & Indian Lotus – Clinically Tested Alcohol-Free & Paraben-Free Gentle Cleansing Wipes for Sensitive Skin,DE,119.00,233.24,96.00,73.00,50.00,205.87
937dd099-dd5f-4f2a-9aa1-248fad815f45,Shishu Anand Baby Wet Wipes with Aloe Vera & Indian Lotus – Clinically Tested Alcohol-Free & Paraben-Free Gentle Cleansing Wipes for Sensitive Skin,FR,119.00,233.24,96.00,73.00,50.00,205.87
937dd099-dd5f-4f2a-9aa1-248fad815f45,Shishu Anand Baby Wet Wipes with Aloe Vera & Indian Lotus – Clinically Tested Alcohol-Free & Paraben-Free Gentle Cleansing Wipes for Sensitive Skin,GB,119.00,233.24,96.00,73.00,50.00,205.87
937dd099-dd5f-4f2a-9aa1-248fad815f45,Shishu Anand Baby Wet Wipes with Aloe Vera & Indian Lotus – Clinically Tested Alcohol-Free & Paraben-Free Gentle Cleansing Wipes for Sensitive Skin,IE,119.00,239.19,101.00,78.00,55.00,211.82
937dd099-dd5f-4f2a-9aa1-248fad815f45,Shishu Anand Baby Wet Wipes with Aloe Vera & Indian Lotus – Clinically Tested Alcohol-Free & Paraben-Free Gentle Cleansing Wipes for Sensitive Skin,KE,119.00,233.24,96.00,73.00,50.00,205.87
937dd099-dd5f-4f2a-9aa1-248fad815f45,Shishu Anand Baby Wet Wipes with Aloe Vera & Indian Lotus – Clinically Tested Alcohol-Free & Paraben-Free Gentle Cleansing Wipes for Sensitive Skin,MT,119.00,233.24,96.00,73.00,50.00,205.87
937dd099-dd5f-4f2a-9aa1-248fad815f45,Shishu Anand Baby Wet Wipes with Aloe Vera & Indian Lotus – Clinically Tested Alcohol-Free & Paraben-Free Gentle Cleansing Wipes for Sensitive Skin,US,119.00,233.24,96.00,73.00,50.00,205.87
37739f1a-cc21-4f4d-b2af-7ccd63cc359c,Shower Gel,AL,100.00,196.00,96.00,73.00,50.00,173.00
37739f1a-cc21-4f4d-b2af-7ccd63cc359c,Shower Gel,CH,100.00,196.00,96.00,73.00,50.00,173.00
37739f1a-cc21-4f4d-b2af-7ccd63cc359c,Shower Gel,DE,100.00,196.00,96.00,73.00,50.00,173.00
37739f1a-cc21-4f4d-b2af-7ccd63cc359c,Shower Gel,FR,100.00,196.00,96.00,73.00,50.00,173.00
37739f1a-cc21-4f4d-b2af-7ccd63cc359c,Shower Gel,GB,100.00,196.00,96.00,73.00,50.00,173.00
37739f1a-cc21-4f4d-b2af-7ccd63cc359c,Shower Gel,IE,100.00,201.00,101.00,78.00,55.00,178.00
37739f1a-cc21-4f4d-b2af-7ccd63cc359c,Shower Gel,KE,100.00,196.00,96.00,73.00,50.00,173.00
37739f1a-cc21-4f4d-b2af-7ccd63cc359c,Shower Gel,MT,100.00,196.00,96.00,73.00,50.00,173.00
37739f1a-cc21-4f4d-b2af-7ccd63cc359c,Shower Gel,US,100.00,196.00,96.00,73.00,50.00,173.00
bc2065a0-1abe-4ef6-926f-2d34fd7c3bb2,"SiSO Hair Colour Shampoo Based Sachet Pack of 5 | Natural Black 1.0 | No Ammonia Hair Colour | Easy 5 Minute Hair Colour Shampoo | Enriched with Aloe Vera, Apple, Rose & Rosemary Extracts | 10ml Each",AL,58.99,118.57,101.00,78.00,55.00,105.00
bc2065a0-1abe-4ef6-926f-2d34fd7c3bb2,"SiSO Hair Colour Shampoo Based Sachet Pack of 5 | Natural Black 1.0 | No Ammonia Hair Colour | Easy 5 Minute Hair Colour Shampoo | Enriched with Aloe Vera, Apple, Rose & Rosemary Extracts | 10ml Each",CH,58.99,118.57,101.00,78.00,55.00,105.00
bc2065a0-1abe-4ef6-926f-2d34fd7c3bb2,"SiSO Hair Colour Shampoo Based Sachet Pack of 5 | Natural Black 1.0 | No Ammonia Hair Colour | Easy 5 Minute Hair Colour Shampoo | Enriched with Aloe Vera, Apple, Rose & Rosemary Extracts | 10ml Each",DE,58.99,252.48,328.00,305.00,282.00,238.91
bc2065a0-1abe-4ef6-926f-2d34fd7c3bb2,"SiSO Hair Colour Shampoo Based Sachet Pack of 5 | Natural Black 1.0 | No Ammonia Hair Colour | Easy 5 Minute Hair Colour Shampoo | Enriched with Aloe Vera, Apple, Rose & Rosemary Extracts | 10ml Each",FR,58.99,263.10,346.01,323.01,300.01,249.53
bc2065a0-1abe-4ef6-926f-2d34fd7c3bb2,"SiSO Hair Colour Shampoo Based Sachet Pack of 5 | Natural Black 1.0 | No Ammonia Hair Colour | Easy 5 Minute Hair Colour Shampoo | Enriched with Aloe Vera, Apple, Rose & Rosemary Extracts | 10ml Each",GB,58.99,227.71,286.01,263.01,240.01,214.14
bc2065a0-1abe-4ef6-926f-2d34fd7c3bb2,"SiSO Hair Colour Shampoo Based Sachet Pack of 5 | Natural Black 1.0 | No Ammonia Hair Colour | Easy 5 Minute Hair Colour Shampoo | Enriched with Aloe Vera, Apple, Rose & Rosemary Extracts | 10ml Each",IE,58.99,227.71,286.01,263.01,240.01,214.14
bc2065a0-1abe-4ef6-926f-2d34fd7c3bb2,"SiSO Hair Colour Shampoo Based Sachet Pack of 5 | Natural Black 1.0 | No Ammonia Hair Colour | Easy 5 Minute Hair Colour Shampoo | Enriched with Aloe Vera, Apple, Rose & Rosemary Extracts | 10ml Each",KE,58.99,118.57,101.00,78.00,55.00,105.00
bc2065a0-1abe-4ef6-926f-2d34fd7c3bb2,"SiSO Hair Colour Shampoo Based Sachet Pack of 5 | Natural Black 1.0 | No Ammonia Hair Colour | Easy 5 Minute Hair Colour Shampoo | Enriched with Aloe Vera, Apple, Rose & Rosemary Extracts | 10ml Each",MT,58.99,292.59,396.00,373.00,350.00,279.02
bc2065a0-1abe-4ef6-926f-2d34fd7c3bb2,"SiSO Hair Colour Shampoo Based Sachet Pack of 5 | Natural Black 1.0 | No Ammonia Hair Colour | Easy 5 Minute Hair Colour Shampoo | Enriched with Aloe Vera, Apple, Rose & Rosemary Extracts | 10ml Each",US,58.99,268.41,355.01,332.01,309.01,254.84
870bfac3-9e66-4d8f-be42-a70cad5339f3,"SiSO Hair Colour Shampoo Sachet Pack of 5 | Natural Black 1.0 Hair Colour | Ammonia Free Shampoo Based Hair Dye | 5 Minute Instant Hair Colour | Enriched with Aloe Vera, Apple, Rose & Rosemary Extracts | 20ml Each",AL,169.00,339.69,101.00,78.00,55.00,300.82
870bfac3-9e66-4d8f-be42-a70cad5339f3,"SiSO Hair Colour Shampoo Sachet Pack of 5 | Natural Black 1.0 Hair Colour | Ammonia Free Shampoo Based Hair Dye | 5 Minute Instant Hair Colour | Enriched with Aloe Vera, Apple, Rose & Rosemary Extracts | 20ml Each",CH,169.00,339.69,101.00,78.00,55.00,300.82
870bfac3-9e66-4d8f-be42-a70cad5339f3,"SiSO Hair Colour Shampoo Sachet Pack of 5 | Natural Black 1.0 Hair Colour | Ammonia Free Shampoo Based Hair Dye | 5 Minute Instant Hair Colour | Enriched with Aloe Vera, Apple, Rose & Rosemary Extracts | 20ml Each",DE,169.00,433.19,156.33,133.33,110.33,394.32
870bfac3-9e66-4d8f-be42-a70cad5339f3,"SiSO Hair Colour Shampoo Sachet Pack of 5 | Natural Black 1.0 Hair Colour | Ammonia Free Shampoo Based Hair Dye | 5 Minute Instant Hair Colour | Enriched with Aloe Vera, Apple, Rose & Rosemary Extracts | 20ml Each",FR,169.00,464.99,175.14,152.14,129.14,426.12
870bfac3-9e66-4d8f-be42-a70cad5339f3,"SiSO Hair Colour Shampoo Sachet Pack of 5 | Natural Black 1.0 Hair Colour | Ammonia Free Shampoo Based Hair Dye | 5 Minute Instant Hair Colour | Enriched with Aloe Vera, Apple, Rose & Rosemary Extracts | 20ml Each",GB,169.00,431.60,155.38,132.38,109.38,392.73
870bfac3-9e66-4d8f-be42-a70cad5339f3,"SiSO Hair Colour Shampoo Sachet Pack of 5 | Natural Black 1.0 Hair Colour | Ammonia Free Shampoo Based Hair Dye | 5 Minute Instant Hair Colour | Enriched with Aloe Vera, Apple, Rose & Rosemary Extracts | 20ml Each",IE,169.00,431.60,155.38,132.38,109.38,392.73
870bfac3-9e66-4d8f-be42-a70cad5339f3,"SiSO Hair Colour Shampoo Sachet Pack of 5 | Natural Black 1.0 Hair Colour | Ammonia Free Shampoo Based Hair Dye | 5 Minute Instant Hair Colour | Enriched with Aloe Vera, Apple, Rose & Rosemary Extracts | 20ml Each",KE,169.00,339.69,101.00,78.00,55.00,300.82
870bfac3-9e66-4d8f-be42-a70cad5339f3,"SiSO Hair Colour Shampoo Sachet Pack of 5 | Natural Black 1.0 Hair Colour | Ammonia Free Shampoo Based Hair Dye | 5 Minute Instant Hair Colour | Enriched with Aloe Vera, Apple, Rose & Rosemary Extracts | 20ml Each",MT,169.00,498.38,194.90,171.90,148.90,459.51
870bfac3-9e66-4d8f-be42-a70cad5339f3,"SiSO Hair Colour Shampoo Sachet Pack of 5 | Natural Black 1.0 Hair Colour | Ammonia Free Shampoo Based Hair Dye | 5 Minute Instant Hair Colour | Enriched with Aloe Vera, Apple, Rose & Rosemary Extracts | 20ml Each",US,169.00,487.25,188.31,165.31,142.31,448.38
04070ee1-a0f8-449c-ad02-8846feb77bc4,SKIN1004 Centella Poremizing Light Gel Cream (75 ml),AL,1390.00,2716.70,95.45,72.45,49.45,2397.00
04070ee1-a0f8-449c-ad02-8846feb77bc4,SKIN1004 Centella Poremizing Light Gel Cream (75 ml),CH,1390.00,2716.70,95.45,72.45,49.45,2397.00
04070ee1-a0f8-449c-ad02-8846feb77bc4,SKIN1004 Centella Poremizing Light Gel Cream (75 ml),DE,1390.00,2716.70,95.45,72.45,49.45,2397.00
04070ee1-a0f8-449c-ad02-8846feb77bc4,SKIN1004 Centella Poremizing Light Gel Cream (75 ml),FR,1390.00,2716.70,95.45,72.45,49.45,2397.00
04070ee1-a0f8-449c-ad02-8846feb77bc4,SKIN1004 Centella Poremizing Light Gel Cream (75 ml),GB,1390.00,2716.70,95.45,72.45,49.45,2397.00
04070ee1-a0f8-449c-ad02-8846feb77bc4,SKIN1004 Centella Poremizing Light Gel Cream (75 ml),IE,1390.00,2716.70,95.45,72.45,49.45,2397.00
04070ee1-a0f8-449c-ad02-8846feb77bc4,SKIN1004 Centella Poremizing Light Gel Cream (75 ml),KE,1390.00,2716.70,95.45,72.45,49.45,2397.00
04070ee1-a0f8-449c-ad02-8846feb77bc4,SKIN1004 Centella Poremizing Light Gel Cream (75 ml),MT,1390.00,2716.70,95.45,72.45,49.45,2397.00
04070ee1-a0f8-449c-ad02-8846feb77bc4,SKIN1004 Centella Poremizing Light Gel Cream (75 ml),US,1390.00,2716.70,95.45,72.45,49.45,2397.00
918bff8b-a597-44dc-a084-d3c561c17631,SKIN1004 Centella Probio-Cica Intensive Ampoule,AL,1249.00,2510.49,101.00,78.00,55.00,2223.22
918bff8b-a597-44dc-a084-d3c561c17631,SKIN1004 Centella Probio-Cica Intensive Ampoule,CH,1249.00,2510.49,101.00,78.00,55.00,2223.22
918bff8b-a597-44dc-a084-d3c561c17631,SKIN1004 Centella Probio-Cica Intensive Ampoule,DE,1249.00,4235.69,239.13,216.13,193.13,3948.42
918bff8b-a597-44dc-a084-d3c561c17631,SKIN1004 Centella Probio-Cica Intensive Ampoule,FR,1249.00,4360.64,249.13,226.13,203.13,4073.37
918bff8b-a597-44dc-a084-d3c561c17631,SKIN1004 Centella Probio-Cica Intensive Ampoule,GB,1249.00,4235.69,239.13,216.13,193.13,3948.42
918bff8b-a597-44dc-a084-d3c561c17631,SKIN1004 Centella Probio-Cica Intensive Ampoule,IE,1249.00,4235.69,239.13,216.13,193.13,3948.42
918bff8b-a597-44dc-a084-d3c561c17631,SKIN1004 Centella Probio-Cica Intensive Ampoule,KE,1249.00,2510.49,101.00,78.00,55.00,2223.22
918bff8b-a597-44dc-a084-d3c561c17631,SKIN1004 Centella Probio-Cica Intensive Ampoule,MT,1249.00,4360.64,249.13,226.13,203.13,4073.37
918bff8b-a597-44dc-a084-d3c561c17631,SKIN1004 Centella Probio-Cica Intensive Ampoule,US,1249.00,4360.64,249.13,226.13,203.13,4073.37
f3fb4683-3776-4ab4-adb1-5b00fcfc0c07,SKIN1004 Centella Tone Brightening Boosting Toner,AL,1324.00,2859.44,115.97,92.97,69.97,2554.92
f3fb4683-3776-4ab4-adb1-5b00fcfc0c07,SKIN1004 Centella Tone Brightening Boosting Toner,CH,1324.00,2859.44,115.97,92.97,69.97,2554.92
f3fb4683-3776-4ab4-adb1-5b00fcfc0c07,SKIN1004 Centella Tone Brightening Boosting Toner,DE,1324.00,2859.44,115.97,92.97,69.97,2554.92
f3fb4683-3776-4ab4-adb1-5b00fcfc0c07,SKIN1004 Centella Tone Brightening Boosting Toner,FR,1324.00,2859.44,115.97,92.97,69.97,2554.92
f3fb4683-3776-4ab4-adb1-5b00fcfc0c07,SKIN1004 Centella Tone Brightening Boosting Toner,GB,1324.00,2859.44,115.97,92.97,69.97,2554.92
f3fb4683-3776-4ab4-adb1-5b00fcfc0c07,SKIN1004 Centella Tone Brightening Boosting Toner,IE,1324.00,2859.44,115.97,92.97,69.97,2554.92
f3fb4683-3776-4ab4-adb1-5b00fcfc0c07,SKIN1004 Centella Tone Brightening Boosting Toner,KE,1324.00,2859.44,115.97,92.97,69.97,2554.92
f3fb4683-3776-4ab4-adb1-5b00fcfc0c07,SKIN1004 Centella Tone Brightening Boosting Toner,MT,1324.00,2859.44,115.97,92.97,69.97,2554.92
f3fb4683-3776-4ab4-adb1-5b00fcfc0c07,SKIN1004 Centella Tone Brightening Boosting Toner,US,1324.00,2859.44,115.97,92.97,69.97,2554.92
d298b74e-5177-4861-ad27-50f399a9c4fc,SKIN1004 Madagascar Centella Ampoule (55 ml),AL,1138.00,2287.38,101.00,78.00,55.00,2025.64
d298b74e-5177-4861-ad27-50f399a9c4fc,SKIN1004 Madagascar Centella Ampoule (55 ml),CH,1138.00,2287.38,101.00,78.00,55.00,2025.64
d298b74e-5177-4861-ad27-50f399a9c4fc,SKIN1004 Madagascar Centella Ampoule (55 ml),KE,1138.00,2287.38,101.00,78.00,55.00,2025.64
d480e116-452b-473e-8cae-9dd7bb6d8404,SKIN1004 Madagascar Centella Light Cleansing Oil (30 ml),AL,574.00,1314.54,129.01,106.01,83.01,1182.52
d480e116-452b-473e-8cae-9dd7bb6d8404,SKIN1004 Madagascar Centella Light Cleansing Oil (30 ml),CH,574.00,1314.54,129.01,106.01,83.01,1182.52
d480e116-452b-473e-8cae-9dd7bb6d8404,SKIN1004 Madagascar Centella Light Cleansing Oil (30 ml),DE,574.00,1314.54,129.01,106.01,83.01,1182.52
d480e116-452b-473e-8cae-9dd7bb6d8404,SKIN1004 Madagascar Centella Light Cleansing Oil (30 ml),FR,574.00,1314.54,129.01,106.01,83.01,1182.52
d480e116-452b-473e-8cae-9dd7bb6d8404,SKIN1004 Madagascar Centella Light Cleansing Oil (30 ml),GB,574.00,1314.54,129.01,106.01,83.01,1182.52
d480e116-452b-473e-8cae-9dd7bb6d8404,SKIN1004 Madagascar Centella Light Cleansing Oil (30 ml),IE,574.00,1314.54,129.01,106.01,83.01,1182.52
d480e116-452b-473e-8cae-9dd7bb6d8404,SKIN1004 Madagascar Centella Light Cleansing Oil (30 ml),KE,574.00,1314.54,129.01,106.01,83.01,1182.52
d480e116-452b-473e-8cae-9dd7bb6d8404,SKIN1004 Madagascar Centella Light Cleansing Oil (30 ml),MT,574.00,1314.54,129.01,106.01,83.01,1182.52
d480e116-452b-473e-8cae-9dd7bb6d8404,SKIN1004 Madagascar Centella Light Cleansing Oil (30 ml),US,574.00,1314.54,129.01,106.01,83.01,1182.52
bae01f37-7f00-40a4-b833-339fcd232daf,SKIN1004 Madagascar Centella Probio-Cica Essence Toner,AL,1633.99,3537.98,116.52,93.52,70.52,3162.16
bae01f37-7f00-40a4-b833-339fcd232daf,SKIN1004 Madagascar Centella Probio-Cica Essence Toner,CH,1633.99,3537.98,116.52,93.52,70.52,3162.16
bae01f37-7f00-40a4-b833-339fcd232daf,SKIN1004 Madagascar Centella Probio-Cica Essence Toner,DE,1633.99,3537.98,116.52,93.52,70.52,3162.16
bae01f37-7f00-40a4-b833-339fcd232daf,SKIN1004 Madagascar Centella Probio-Cica Essence Toner,FR,1633.99,3537.98,116.52,93.52,70.52,3162.16
bae01f37-7f00-40a4-b833-339fcd232daf,SKIN1004 Madagascar Centella Probio-Cica Essence Toner,GB,1633.99,3537.98,116.52,93.52,70.52,3162.16
bae01f37-7f00-40a4-b833-339fcd232daf,SKIN1004 Madagascar Centella Probio-Cica Essence Toner,IE,1633.99,3537.98,116.52,93.52,70.52,3162.16
bae01f37-7f00-40a4-b833-339fcd232daf,SKIN1004 Madagascar Centella Probio-Cica Essence Toner,KE,1633.99,3537.98,116.52,93.52,70.52,3162.16
bae01f37-7f00-40a4-b833-339fcd232daf,SKIN1004 Madagascar Centella Probio-Cica Essence Toner,MT,1633.99,3537.98,116.52,93.52,70.52,3162.16
bae01f37-7f00-40a4-b833-339fcd232daf,SKIN1004 Madagascar Centella Probio-Cica Essence Toner,US,1633.99,3537.98,116.52,93.52,70.52,3162.16
fc599e1b-9f83-4df0-bded-73f68db5e5a2,Sports Car Toy with Light & Sound,IE,433.00,1000.23,131.00,108.00,85.00,900.64
a5a875a5-e624-43a8-9c60-6d7ef245a768,St. John Cobra Eau De Parfum for Men | Long Lasting Premium Perfume Spray | Bold Woody Spicy Fragrance | Daily Wear & Party Use | 50 ml,AL,263.00,515.48,96.00,73.00,50.00,454.99
a5a875a5-e624-43a8-9c60-6d7ef245a768,St. John Cobra Eau De Parfum for Men | Long Lasting Premium Perfume Spray | Bold Woody Spicy Fragrance | Daily Wear & Party Use | 50 ml,CH,263.00,515.48,96.00,73.00,50.00,454.99
a5a875a5-e624-43a8-9c60-6d7ef245a768,St. John Cobra Eau De Parfum for Men | Long Lasting Premium Perfume Spray | Bold Woody Spicy Fragrance | Daily Wear & Party Use | 50 ml,DE,263.00,515.48,96.00,73.00,50.00,454.99
a5a875a5-e624-43a8-9c60-6d7ef245a768,St. John Cobra Eau De Parfum for Men | Long Lasting Premium Perfume Spray | Bold Woody Spicy Fragrance | Daily Wear & Party Use | 50 ml,FR,263.00,515.48,96.00,73.00,50.00,454.99
a5a875a5-e624-43a8-9c60-6d7ef245a768,St. John Cobra Eau De Parfum for Men | Long Lasting Premium Perfume Spray | Bold Woody Spicy Fragrance | Daily Wear & Party Use | 50 ml,GB,263.00,515.48,96.00,73.00,50.00,454.99
a5a875a5-e624-43a8-9c60-6d7ef245a768,St. John Cobra Eau De Parfum for Men | Long Lasting Premium Perfume Spray | Bold Woody Spicy Fragrance | Daily Wear & Party Use | 50 ml,IE,263.00,528.63,101.00,78.00,55.00,468.14
a5a875a5-e624-43a8-9c60-6d7ef245a768,St. John Cobra Eau De Parfum for Men | Long Lasting Premium Perfume Spray | Bold Woody Spicy Fragrance | Daily Wear & Party Use | 50 ml,KE,263.00,515.48,96.00,73.00,50.00,454.99
a5a875a5-e624-43a8-9c60-6d7ef245a768,St. John Cobra Eau De Parfum for Men | Long Lasting Premium Perfume Spray | Bold Woody Spicy Fragrance | Daily Wear & Party Use | 50 ml,MT,263.00,515.48,96.00,73.00,50.00,454.99
a5a875a5-e624-43a8-9c60-6d7ef245a768,St. John Cobra Eau De Parfum for Men | Long Lasting Premium Perfume Spray | Bold Woody Spicy Fragrance | Daily Wear & Party Use | 50 ml,US,263.00,515.48,96.00,73.00,50.00,454.99
2cadab11-34d8-47ce-807e-b534970e5e2e,Streax Professional Vitariche Gloss Hair Serum | Macadamia Oil & Vitamin E | Frizz Control & High Shine | Lightweight Hair Serum,AL,146.99,288.11,96.01,73.01,50.01,254.30
2cadab11-34d8-47ce-807e-b534970e5e2e,Streax Professional Vitariche Gloss Hair Serum | Macadamia Oil & Vitamin E | Frizz Control & High Shine | Lightweight Hair Serum,CH,146.99,288.11,96.01,73.01,50.01,254.30
2cadab11-34d8-47ce-807e-b534970e5e2e,Streax Professional Vitariche Gloss Hair Serum | Macadamia Oil & Vitamin E | Frizz Control & High Shine | Lightweight Hair Serum,DE,146.99,288.11,96.01,73.01,50.01,254.30
2cadab11-34d8-47ce-807e-b534970e5e2e,Streax Professional Vitariche Gloss Hair Serum | Macadamia Oil & Vitamin E | Frizz Control & High Shine | Lightweight Hair Serum,FR,146.99,288.11,96.01,73.01,50.01,254.30
2cadab11-34d8-47ce-807e-b534970e5e2e,Streax Professional Vitariche Gloss Hair Serum | Macadamia Oil & Vitamin E | Frizz Control & High Shine | Lightweight Hair Serum,GB,146.99,288.11,96.01,73.01,50.01,254.30
2cadab11-34d8-47ce-807e-b534970e5e2e,Streax Professional Vitariche Gloss Hair Serum | Macadamia Oil & Vitamin E | Frizz Control & High Shine | Lightweight Hair Serum,IE,146.99,295.45,101.00,78.00,55.00,261.64
2cadab11-34d8-47ce-807e-b534970e5e2e,Streax Professional Vitariche Gloss Hair Serum | Macadamia Oil & Vitamin E | Frizz Control & High Shine | Lightweight Hair Serum,KE,146.99,288.11,96.01,73.01,50.01,254.30
2cadab11-34d8-47ce-807e-b534970e5e2e,Streax Professional Vitariche Gloss Hair Serum | Macadamia Oil & Vitamin E | Frizz Control & High Shine | Lightweight Hair Serum,MT,146.99,288.11,96.01,73.01,50.01,254.30
2cadab11-34d8-47ce-807e-b534970e5e2e,Streax Professional Vitariche Gloss Hair Serum | Macadamia Oil & Vitamin E | Frizz Control & High Shine | Lightweight Hair Serum,US,146.99,288.11,96.01,73.01,50.01,254.30
015cc69d-4a53-4875-a8c2-067773ecc398,"Streax Shine Hair Serum with Walnut Oil | Frizz Control, Smooth & Glossy Hair | Lightweight Non-Sticky Formula",AL,147.00,288.12,96.00,73.00,50.00,254.31
015cc69d-4a53-4875-a8c2-067773ecc398,"Streax Shine Hair Serum with Walnut Oil | Frizz Control, Smooth & Glossy Hair | Lightweight Non-Sticky Formula",CH,147.00,288.12,96.00,73.00,50.00,254.31
015cc69d-4a53-4875-a8c2-067773ecc398,"Streax Shine Hair Serum with Walnut Oil | Frizz Control, Smooth & Glossy Hair | Lightweight Non-Sticky Formula",DE,147.00,288.12,96.00,73.00,50.00,254.31
015cc69d-4a53-4875-a8c2-067773ecc398,"Streax Shine Hair Serum with Walnut Oil | Frizz Control, Smooth & Glossy Hair | Lightweight Non-Sticky Formula",FR,147.00,288.12,96.00,73.00,50.00,254.31
015cc69d-4a53-4875-a8c2-067773ecc398,"Streax Shine Hair Serum with Walnut Oil | Frizz Control, Smooth & Glossy Hair | Lightweight Non-Sticky Formula",GB,147.00,288.12,96.00,73.00,50.00,254.31
015cc69d-4a53-4875-a8c2-067773ecc398,"Streax Shine Hair Serum with Walnut Oil | Frizz Control, Smooth & Glossy Hair | Lightweight Non-Sticky Formula",IE,147.00,295.47,101.00,78.00,55.00,261.66
015cc69d-4a53-4875-a8c2-067773ecc398,"Streax Shine Hair Serum with Walnut Oil | Frizz Control, Smooth & Glossy Hair | Lightweight Non-Sticky Formula",KE,147.00,288.12,96.00,73.00,50.00,254.31
015cc69d-4a53-4875-a8c2-067773ecc398,"Streax Shine Hair Serum with Walnut Oil | Frizz Control, Smooth & Glossy Hair | Lightweight Non-Sticky Formula",MT,147.00,288.12,96.00,73.00,50.00,254.31
015cc69d-4a53-4875-a8c2-067773ecc398,"Streax Shine Hair Serum with Walnut Oil | Frizz Control, Smooth & Glossy Hair | Lightweight Non-Sticky Formula",US,147.00,288.12,96.00,73.00,50.00,254.31
47cf454c-ea75-4f7e-bed1-41fdce755100,Style Color Guard Magic Liquid 100ml | Instant Colour Protection for Clothes | Prevents Fading & Maintains Brightness | Fabric Care Solution,AL,104.00,203.84,96.00,73.00,50.00,179.92
47cf454c-ea75-4f7e-bed1-41fdce755100,Style Color Guard Magic Liquid 100ml | Instant Colour Protection for Clothes | Prevents Fading & Maintains Brightness | Fabric Care Solution,CH,104.00,203.84,96.00,73.00,50.00,179.92
47cf454c-ea75-4f7e-bed1-41fdce755100,Style Color Guard Magic Liquid 100ml | Instant Colour Protection for Clothes | Prevents Fading & Maintains Brightness | Fabric Care Solution,DE,104.00,203.84,96.00,73.00,50.00,179.92
47cf454c-ea75-4f7e-bed1-41fdce755100,Style Color Guard Magic Liquid 100ml | Instant Colour Protection for Clothes | Prevents Fading & Maintains Brightness | Fabric Care Solution,FR,104.00,203.84,96.00,73.00,50.00,179.92
47cf454c-ea75-4f7e-bed1-41fdce755100,Style Color Guard Magic Liquid 100ml | Instant Colour Protection for Clothes | Prevents Fading & Maintains Brightness | Fabric Care Solution,GB,104.00,203.84,96.00,73.00,50.00,179.92
47cf454c-ea75-4f7e-bed1-41fdce755100,Style Color Guard Magic Liquid 100ml | Instant Colour Protection for Clothes | Prevents Fading & Maintains Brightness | Fabric Care Solution,IE,104.00,209.04,101.00,78.00,55.00,185.12
47cf454c-ea75-4f7e-bed1-41fdce755100,Style Color Guard Magic Liquid 100ml | Instant Colour Protection for Clothes | Prevents Fading & Maintains Brightness | Fabric Care Solution,KE,104.00,203.84,96.00,73.00,50.00,179.92
47cf454c-ea75-4f7e-bed1-41fdce755100,Style Color Guard Magic Liquid 100ml | Instant Colour Protection for Clothes | Prevents Fading & Maintains Brightness | Fabric Care Solution,MT,104.00,203.84,96.00,73.00,50.00,179.92
47cf454c-ea75-4f7e-bed1-41fdce755100,Style Color Guard Magic Liquid 100ml | Instant Colour Protection for Clothes | Prevents Fading & Maintains Brightness | Fabric Care Solution,US,104.00,203.84,96.00,73.00,50.00,179.92
a277af0b-3ffe-45e5-b837-65ca70844e1f,Stylish Pink & Black Pattern Drop Earrings for Women – Modern Statement Lightweight Fashion Jewelry for Casual & Party Wear,AL,336.00,658.56,96.00,73.00,50.00,581.28
a277af0b-3ffe-45e5-b837-65ca70844e1f,Stylish Pink & Black Pattern Drop Earrings for Women – Modern Statement Lightweight Fashion Jewelry for Casual & Party Wear,CH,336.00,658.56,96.00,73.00,50.00,581.28
a277af0b-3ffe-45e5-b837-65ca70844e1f,Stylish Pink & Black Pattern Drop Earrings for Women – Modern Statement Lightweight Fashion Jewelry for Casual & Party Wear,DE,336.00,658.56,96.00,73.00,50.00,581.28
a277af0b-3ffe-45e5-b837-65ca70844e1f,Stylish Pink & Black Pattern Drop Earrings for Women – Modern Statement Lightweight Fashion Jewelry for Casual & Party Wear,FR,336.00,658.56,96.00,73.00,50.00,581.28
a277af0b-3ffe-45e5-b837-65ca70844e1f,Stylish Pink & Black Pattern Drop Earrings for Women – Modern Statement Lightweight Fashion Jewelry for Casual & Party Wear,GB,336.00,658.56,96.00,73.00,50.00,581.28
a277af0b-3ffe-45e5-b837-65ca70844e1f,Stylish Pink & Black Pattern Drop Earrings for Women – Modern Statement Lightweight Fashion Jewelry for Casual & Party Wear,IE,336.00,675.36,101.00,78.00,55.00,598.08
a277af0b-3ffe-45e5-b837-65ca70844e1f,Stylish Pink & Black Pattern Drop Earrings for Women – Modern Statement Lightweight Fashion Jewelry for Casual & Party Wear,KE,336.00,658.56,96.00,73.00,50.00,581.28
a277af0b-3ffe-45e5-b837-65ca70844e1f,Stylish Pink & Black Pattern Drop Earrings for Women – Modern Statement Lightweight Fashion Jewelry for Casual & Party Wear,MT,336.00,658.56,96.00,73.00,50.00,581.28
a277af0b-3ffe-45e5-b837-65ca70844e1f,Stylish Pink & Black Pattern Drop Earrings for Women – Modern Statement Lightweight Fashion Jewelry for Casual & Party Wear,US,336.00,658.56,96.00,73.00,50.00,581.28
ce1e1a35-4940-41d4-a51e-12171e77e6fe,SUGAR Bling Leader Illuminating Moisturizer with 1% Kojic Acid 03 Peach Poppin' | 50 ml,IE,719.00,1458.50,102.85,79.85,56.85,1293.13
da233cf4-59da-4082-be1f-e41baf62a596,"SUGAR Cosmetics All Set To Go Translucent Powder For Face | Setting Loose Powder For Face | Lightweight & Long Lasting | Matte Finish | Lasts Upto 8 Hrs | 7 gm, White",IE,639.00,1296.22,102.85,79.85,56.85,1149.25
669fa4f4-f45a-446a-ab27-3e45351eb4e4,"SUGAR Cosmetics Kohl of Honour Intense Kajal | Upto 12 hrs | Long Lasting, Smudge Proof & Waterproof Kajal | Matte Finish | Twist Up Kajal Pencil | Paraben Free | 01 Black Out - 1 Pc",AL,199.00,390.04,96.00,73.00,50.00,344.27
669fa4f4-f45a-446a-ab27-3e45351eb4e4,"SUGAR Cosmetics Kohl of Honour Intense Kajal | Upto 12 hrs | Long Lasting, Smudge Proof & Waterproof Kajal | Matte Finish | Twist Up Kajal Pencil | Paraben Free | 01 Black Out - 1 Pc",CH,199.00,390.04,96.00,73.00,50.00,344.27
669fa4f4-f45a-446a-ab27-3e45351eb4e4,"SUGAR Cosmetics Kohl of Honour Intense Kajal | Upto 12 hrs | Long Lasting, Smudge Proof & Waterproof Kajal | Matte Finish | Twist Up Kajal Pencil | Paraben Free | 01 Black Out - 1 Pc",DE,199.00,390.04,96.00,73.00,50.00,344.27
669fa4f4-f45a-446a-ab27-3e45351eb4e4,"SUGAR Cosmetics Kohl of Honour Intense Kajal | Upto 12 hrs | Long Lasting, Smudge Proof & Waterproof Kajal | Matte Finish | Twist Up Kajal Pencil | Paraben Free | 01 Black Out - 1 Pc",FR,199.00,390.04,96.00,73.00,50.00,344.27
669fa4f4-f45a-446a-ab27-3e45351eb4e4,"SUGAR Cosmetics Kohl of Honour Intense Kajal | Upto 12 hrs | Long Lasting, Smudge Proof & Waterproof Kajal | Matte Finish | Twist Up Kajal Pencil | Paraben Free | 01 Black Out - 1 Pc",GB,199.00,390.04,96.00,73.00,50.00,344.27
669fa4f4-f45a-446a-ab27-3e45351eb4e4,"SUGAR Cosmetics Kohl of Honour Intense Kajal | Upto 12 hrs | Long Lasting, Smudge Proof & Waterproof Kajal | Matte Finish | Twist Up Kajal Pencil | Paraben Free | 01 Black Out - 1 Pc",IE,199.00,403.67,102.85,79.85,56.85,357.90
669fa4f4-f45a-446a-ab27-3e45351eb4e4,"SUGAR Cosmetics Kohl of Honour Intense Kajal | Upto 12 hrs | Long Lasting, Smudge Proof & Waterproof Kajal | Matte Finish | Twist Up Kajal Pencil | Paraben Free | 01 Black Out - 1 Pc",KE,199.00,390.04,96.00,73.00,50.00,344.27
669fa4f4-f45a-446a-ab27-3e45351eb4e4,"SUGAR Cosmetics Kohl of Honour Intense Kajal | Upto 12 hrs | Long Lasting, Smudge Proof & Waterproof Kajal | Matte Finish | Twist Up Kajal Pencil | Paraben Free | 01 Black Out - 1 Pc",MT,199.00,390.04,96.00,73.00,50.00,344.27
669fa4f4-f45a-446a-ab27-3e45351eb4e4,"SUGAR Cosmetics Kohl of Honour Intense Kajal | Upto 12 hrs | Long Lasting, Smudge Proof & Waterproof Kajal | Matte Finish | Twist Up Kajal Pencil | Paraben Free | 01 Black Out - 1 Pc",US,199.00,390.04,96.00,73.00,50.00,344.27
c8e63cfc-1df3-4343-bfe7-3e4504b0aadf,SUGAR Cosmetics Matte As Hell Crayon Lipstick - 11 Elle Woods (Brown Nude) With Free Sharpener 2.8 gm,IE,639.00,1296.22,102.85,79.85,56.85,1149.25
66445bfd-aae8-45a1-ada0-dc52e3ad256d,SUGAR Cosmetics Matte as Hell Crayon Lipsticks for Women | Lasts Up To 8+ Hours | Lip Crayon with Sharpener | 2.8 gm - 35 Claire Redfield,IE,639.00,1296.22,102.85,79.85,56.85,1149.25
745aa68d-802b-4ecb-ab7c-aa8d7efa98c2,SUGAR COSMETICS MATTE ATTACK LIPSTICK TRANSFERPROOF &SMUDGEPROOF,IE,674.00,1287.34,91.00,68.00,45.00,1132.32
50fbcb70-3a37-4525-8a4c-d6e429d751a6,SUGAR Cosmetics Mousse Muse Lip Cream | Lasts 24+ Hrs | Creamy Mousse Lipstick | Waterproof & Smudgeproof | 5 ml - 04 Water Lillies,AL,479.00,938.84,96.00,73.00,50.00,828.67
50fbcb70-3a37-4525-8a4c-d6e429d751a6,SUGAR Cosmetics Mousse Muse Lip Cream | Lasts 24+ Hrs | Creamy Mousse Lipstick | Waterproof & Smudgeproof | 5 ml - 04 Water Lillies,CH,479.00,938.84,96.00,73.00,50.00,828.67
50fbcb70-3a37-4525-8a4c-d6e429d751a6,SUGAR Cosmetics Mousse Muse Lip Cream | Lasts 24+ Hrs | Creamy Mousse Lipstick | Waterproof & Smudgeproof | 5 ml - 04 Water Lillies,DE,479.00,938.84,96.00,73.00,50.00,828.67
50fbcb70-3a37-4525-8a4c-d6e429d751a6,SUGAR Cosmetics Mousse Muse Lip Cream | Lasts 24+ Hrs | Creamy Mousse Lipstick | Waterproof & Smudgeproof | 5 ml - 04 Water Lillies,FR,479.00,938.84,96.00,73.00,50.00,828.67
50fbcb70-3a37-4525-8a4c-d6e429d751a6,SUGAR Cosmetics Mousse Muse Lip Cream | Lasts 24+ Hrs | Creamy Mousse Lipstick | Waterproof & Smudgeproof | 5 ml - 04 Water Lillies,GB,479.00,938.84,96.00,73.00,50.00,828.67
50fbcb70-3a37-4525-8a4c-d6e429d751a6,SUGAR Cosmetics Mousse Muse Lip Cream | Lasts 24+ Hrs | Creamy Mousse Lipstick | Waterproof & Smudgeproof | 5 ml - 04 Water Lillies,IE,479.00,971.66,102.85,79.85,56.85,861.49
50fbcb70-3a37-4525-8a4c-d6e429d751a6,SUGAR Cosmetics Mousse Muse Lip Cream | Lasts 24+ Hrs | Creamy Mousse Lipstick | Waterproof & Smudgeproof | 5 ml - 04 Water Lillies,KE,479.00,938.84,96.00,73.00,50.00,828.67
50fbcb70-3a37-4525-8a4c-d6e429d751a6,SUGAR Cosmetics Mousse Muse Lip Cream | Lasts 24+ Hrs | Creamy Mousse Lipstick | Waterproof & Smudgeproof | 5 ml - 04 Water Lillies,MT,479.00,938.84,96.00,73.00,50.00,828.67
50fbcb70-3a37-4525-8a4c-d6e429d751a6,SUGAR Cosmetics Mousse Muse Lip Cream | Lasts 24+ Hrs | Creamy Mousse Lipstick | Waterproof & Smudgeproof | 5 ml - 04 Water Lillies,US,479.00,938.84,96.00,73.00,50.00,828.67
52a8edc4-56ba-4490-abe4-e22623e73fcf,SUGAR Cosmetics Nothing Else Matter Longwear Lipstick for Women | Lasts Up To 8+ Hours | Enriched with Vitamin E | 100% Vegan | 3.2 gm - 15 Beige Turner,AL,479.00,938.84,96.00,73.00,50.00,828.67
52a8edc4-56ba-4490-abe4-e22623e73fcf,SUGAR Cosmetics Nothing Else Matter Longwear Lipstick for Women | Lasts Up To 8+ Hours | Enriched with Vitamin E | 100% Vegan | 3.2 gm - 15 Beige Turner,CH,479.00,938.84,96.00,73.00,50.00,828.67
52a8edc4-56ba-4490-abe4-e22623e73fcf,SUGAR Cosmetics Nothing Else Matter Longwear Lipstick for Women | Lasts Up To 8+ Hours | Enriched with Vitamin E | 100% Vegan | 3.2 gm - 15 Beige Turner,DE,479.00,938.84,96.00,73.00,50.00,828.67
52a8edc4-56ba-4490-abe4-e22623e73fcf,SUGAR Cosmetics Nothing Else Matter Longwear Lipstick for Women | Lasts Up To 8+ Hours | Enriched with Vitamin E | 100% Vegan | 3.2 gm - 15 Beige Turner,FR,479.00,938.84,96.00,73.00,50.00,828.67
52a8edc4-56ba-4490-abe4-e22623e73fcf,SUGAR Cosmetics Nothing Else Matter Longwear Lipstick for Women | Lasts Up To 8+ Hours | Enriched with Vitamin E | 100% Vegan | 3.2 gm - 15 Beige Turner,GB,479.00,938.84,96.00,73.00,50.00,828.67
52a8edc4-56ba-4490-abe4-e22623e73fcf,SUGAR Cosmetics Nothing Else Matter Longwear Lipstick for Women | Lasts Up To 8+ Hours | Enriched with Vitamin E | 100% Vegan | 3.2 gm - 15 Beige Turner,IE,479.00,962.79,101.00,78.00,55.00,852.62
52a8edc4-56ba-4490-abe4-e22623e73fcf,SUGAR Cosmetics Nothing Else Matter Longwear Lipstick for Women | Lasts Up To 8+ Hours | Enriched with Vitamin E | 100% Vegan | 3.2 gm - 15 Beige Turner,KE,479.00,938.84,96.00,73.00,50.00,828.67
52a8edc4-56ba-4490-abe4-e22623e73fcf,SUGAR Cosmetics Nothing Else Matter Longwear Lipstick for Women | Lasts Up To 8+ Hours | Enriched with Vitamin E | 100% Vegan | 3.2 gm - 15 Beige Turner,MT,479.00,938.84,96.00,73.00,50.00,828.67
52a8edc4-56ba-4490-abe4-e22623e73fcf,SUGAR Cosmetics Nothing Else Matter Longwear Lipstick for Women | Lasts Up To 8+ Hours | Enriched with Vitamin E | 100% Vegan | 3.2 gm - 15 Beige Turner,US,479.00,938.84,96.00,73.00,50.00,828.67
2ebdc38c-d295-422f-874c-058b645543b5,SUGAR Cosmetics Uptown Curl Lengthening Mascara | Lasts Upto 8 hrs | Lightweight and Smudgeproof With Lash Growth Formula - 01 Black Beauty - 5 ml,AL,479.00,938.84,96.00,73.00,50.00,828.67
2ebdc38c-d295-422f-874c-058b645543b5,SUGAR Cosmetics Uptown Curl Lengthening Mascara | Lasts Upto 8 hrs | Lightweight and Smudgeproof With Lash Growth Formula - 01 Black Beauty - 5 ml,CH,479.00,938.84,96.00,73.00,50.00,828.67
2ebdc38c-d295-422f-874c-058b645543b5,SUGAR Cosmetics Uptown Curl Lengthening Mascara | Lasts Upto 8 hrs | Lightweight and Smudgeproof With Lash Growth Formula - 01 Black Beauty - 5 ml,DE,479.00,938.84,96.00,73.00,50.00,828.67
2ebdc38c-d295-422f-874c-058b645543b5,SUGAR Cosmetics Uptown Curl Lengthening Mascara | Lasts Upto 8 hrs | Lightweight and Smudgeproof With Lash Growth Formula - 01 Black Beauty - 5 ml,FR,479.00,938.84,96.00,73.00,50.00,828.67
2ebdc38c-d295-422f-874c-058b645543b5,SUGAR Cosmetics Uptown Curl Lengthening Mascara | Lasts Upto 8 hrs | Lightweight and Smudgeproof With Lash Growth Formula - 01 Black Beauty - 5 ml,GB,479.00,938.84,96.00,73.00,50.00,828.67
2ebdc38c-d295-422f-874c-058b645543b5,SUGAR Cosmetics Uptown Curl Lengthening Mascara | Lasts Upto 8 hrs | Lightweight and Smudgeproof With Lash Growth Formula - 01 Black Beauty - 5 ml,IE,479.00,971.66,102.85,79.85,56.85,861.49
2ebdc38c-d295-422f-874c-058b645543b5,SUGAR Cosmetics Uptown Curl Lengthening Mascara | Lasts Upto 8 hrs | Lightweight and Smudgeproof With Lash Growth Formula - 01 Black Beauty - 5 ml,KE,479.00,938.84,96.00,73.00,50.00,828.67
2ebdc38c-d295-422f-874c-058b645543b5,SUGAR Cosmetics Uptown Curl Lengthening Mascara | Lasts Upto 8 hrs | Lightweight and Smudgeproof With Lash Growth Formula - 01 Black Beauty - 5 ml,MT,479.00,938.84,96.00,73.00,50.00,828.67
2ebdc38c-d295-422f-874c-058b645543b5,SUGAR Cosmetics Uptown Curl Lengthening Mascara | Lasts Upto 8 hrs | Lightweight and Smudgeproof With Lash Growth Formula - 01 Black Beauty - 5 ml,US,479.00,938.84,96.00,73.00,50.00,828.67
7d3d1ee4-91ec-42f7-b586-36eb68ee5e73,"SUGAR Drop A Tint Lip Oil, 02 Retro Rosewood",IE,595.00,1136.45,91.00,68.00,45.00,999.60
76167e96-2497-461c-ab85-5d51b3309bd6,SUGAR Glide Peptide Serum Lipstick 04 Cairo Crimson 4.2 gm,IE,559.00,1133.94,102.85,79.85,56.85,1005.37
c817780b-07ad-40cb-a28a-349a4ddf8b18,SUGAR Glide Peptide Serum Lipstick 07 Tuscany Truffle 4.2 gm,IE,559.00,1133.94,102.85,79.85,56.85,1005.37
cc1ef423-b11b-4955-9c67-ee3bcdccfb78,SUGAR POP   LONGWEAR KAJAL MATTE FINISH,AL,157.00,307.72,96.00,73.00,50.00,271.61
cc1ef423-b11b-4955-9c67-ee3bcdccfb78,SUGAR POP   LONGWEAR KAJAL MATTE FINISH,CH,157.00,307.72,96.00,73.00,50.00,271.61
cc1ef423-b11b-4955-9c67-ee3bcdccfb78,SUGAR POP   LONGWEAR KAJAL MATTE FINISH,DE,157.00,307.72,96.00,73.00,50.00,271.61
cc1ef423-b11b-4955-9c67-ee3bcdccfb78,SUGAR POP   LONGWEAR KAJAL MATTE FINISH,FR,157.00,307.72,96.00,73.00,50.00,271.61
cc1ef423-b11b-4955-9c67-ee3bcdccfb78,SUGAR POP   LONGWEAR KAJAL MATTE FINISH,GB,157.00,307.72,96.00,73.00,50.00,271.61
cc1ef423-b11b-4955-9c67-ee3bcdccfb78,SUGAR POP   LONGWEAR KAJAL MATTE FINISH,IE,157.00,315.57,101.00,78.00,55.00,279.46
cc1ef423-b11b-4955-9c67-ee3bcdccfb78,SUGAR POP   LONGWEAR KAJAL MATTE FINISH,KE,157.00,307.72,96.00,73.00,50.00,271.61
cc1ef423-b11b-4955-9c67-ee3bcdccfb78,SUGAR POP   LONGWEAR KAJAL MATTE FINISH,MT,157.00,307.72,96.00,73.00,50.00,271.61
cc1ef423-b11b-4955-9c67-ee3bcdccfb78,SUGAR POP   LONGWEAR KAJAL MATTE FINISH,US,157.00,307.72,96.00,73.00,50.00,271.61
39416c8a-1840-4566-8d83-2bcb8d03a97f,SUGAR POP 4 in 1 Lip Twist - 03 Bare Perfection | Multi-use Stackable Lipsticks for Women | Satin Matte Hydrating Formula | 6.4 gm,AL,319.00,625.24,96.00,73.00,50.00,551.87
39416c8a-1840-4566-8d83-2bcb8d03a97f,SUGAR POP 4 in 1 Lip Twist - 03 Bare Perfection | Multi-use Stackable Lipsticks for Women | Satin Matte Hydrating Formula | 6.4 gm,CH,319.00,625.24,96.00,73.00,50.00,551.87
39416c8a-1840-4566-8d83-2bcb8d03a97f,SUGAR POP 4 in 1 Lip Twist - 03 Bare Perfection | Multi-use Stackable Lipsticks for Women | Satin Matte Hydrating Formula | 6.4 gm,DE,319.00,625.24,96.00,73.00,50.00,551.87
39416c8a-1840-4566-8d83-2bcb8d03a97f,SUGAR POP 4 in 1 Lip Twist - 03 Bare Perfection | Multi-use Stackable Lipsticks for Women | Satin Matte Hydrating Formula | 6.4 gm,FR,319.00,625.24,96.00,73.00,50.00,551.87
39416c8a-1840-4566-8d83-2bcb8d03a97f,SUGAR POP 4 in 1 Lip Twist - 03 Bare Perfection | Multi-use Stackable Lipsticks for Women | Satin Matte Hydrating Formula | 6.4 gm,GB,319.00,625.24,96.00,73.00,50.00,551.87
39416c8a-1840-4566-8d83-2bcb8d03a97f,SUGAR POP 4 in 1 Lip Twist - 03 Bare Perfection | Multi-use Stackable Lipsticks for Women | Satin Matte Hydrating Formula | 6.4 gm,IE,319.00,647.10,102.85,79.85,56.85,573.73
39416c8a-1840-4566-8d83-2bcb8d03a97f,SUGAR POP 4 in 1 Lip Twist - 03 Bare Perfection | Multi-use Stackable Lipsticks for Women | Satin Matte Hydrating Formula | 6.4 gm,KE,319.00,625.24,96.00,73.00,50.00,551.87
39416c8a-1840-4566-8d83-2bcb8d03a97f,SUGAR POP 4 in 1 Lip Twist - 03 Bare Perfection | Multi-use Stackable Lipsticks for Women | Satin Matte Hydrating Formula | 6.4 gm,MT,319.00,625.24,96.00,73.00,50.00,551.87
39416c8a-1840-4566-8d83-2bcb8d03a97f,SUGAR POP 4 in 1 Lip Twist - 03 Bare Perfection | Multi-use Stackable Lipsticks for Women | Satin Matte Hydrating Formula | 6.4 gm,US,319.00,625.24,96.00,73.00,50.00,551.87
53568241-c058-4ad1-8803-5a28ade540c1,SUGAR POP 4 in 1 Mini Matte Lipcolour Kit | Vitamin E | Smudgeproof | Long-lasting Wear | 4 N x 1.1 ml - 01 Cult Classics,AL,319.00,625.24,96.00,73.00,50.00,551.87
53568241-c058-4ad1-8803-5a28ade540c1,SUGAR POP 4 in 1 Mini Matte Lipcolour Kit | Vitamin E | Smudgeproof | Long-lasting Wear | 4 N x 1.1 ml - 01 Cult Classics,CH,319.00,625.24,96.00,73.00,50.00,551.87
53568241-c058-4ad1-8803-5a28ade540c1,SUGAR POP 4 in 1 Mini Matte Lipcolour Kit | Vitamin E | Smudgeproof | Long-lasting Wear | 4 N x 1.1 ml - 01 Cult Classics,DE,319.00,625.24,96.00,73.00,50.00,551.87
53568241-c058-4ad1-8803-5a28ade540c1,SUGAR POP 4 in 1 Mini Matte Lipcolour Kit | Vitamin E | Smudgeproof | Long-lasting Wear | 4 N x 1.1 ml - 01 Cult Classics,FR,319.00,625.24,96.00,73.00,50.00,551.87
53568241-c058-4ad1-8803-5a28ade540c1,SUGAR POP 4 in 1 Mini Matte Lipcolour Kit | Vitamin E | Smudgeproof | Long-lasting Wear | 4 N x 1.1 ml - 01 Cult Classics,GB,319.00,625.24,96.00,73.00,50.00,551.87
53568241-c058-4ad1-8803-5a28ade540c1,SUGAR POP 4 in 1 Mini Matte Lipcolour Kit | Vitamin E | Smudgeproof | Long-lasting Wear | 4 N x 1.1 ml - 01 Cult Classics,IE,319.00,647.10,102.85,79.85,56.85,573.73
53568241-c058-4ad1-8803-5a28ade540c1,SUGAR POP 4 in 1 Mini Matte Lipcolour Kit | Vitamin E | Smudgeproof | Long-lasting Wear | 4 N x 1.1 ml - 01 Cult Classics,KE,319.00,625.24,96.00,73.00,50.00,551.87
53568241-c058-4ad1-8803-5a28ade540c1,SUGAR POP 4 in 1 Mini Matte Lipcolour Kit | Vitamin E | Smudgeproof | Long-lasting Wear | 4 N x 1.1 ml - 01 Cult Classics,MT,319.00,625.24,96.00,73.00,50.00,551.87
53568241-c058-4ad1-8803-5a28ade540c1,SUGAR POP 4 in 1 Mini Matte Lipcolour Kit | Vitamin E | Smudgeproof | Long-lasting Wear | 4 N x 1.1 ml - 01 Cult Classics,US,319.00,625.24,96.00,73.00,50.00,551.87
93128fe8-aae5-4efd-b91e-1a777d33115d,SUGAR POP EYE ESSENTIALS MATTE EYELINER & LONGWEAR KAJAL,AL,330.00,646.80,96.00,73.00,50.00,570.90
93128fe8-aae5-4efd-b91e-1a777d33115d,SUGAR POP EYE ESSENTIALS MATTE EYELINER & LONGWEAR KAJAL,CH,330.00,646.80,96.00,73.00,50.00,570.90
93128fe8-aae5-4efd-b91e-1a777d33115d,SUGAR POP EYE ESSENTIALS MATTE EYELINER & LONGWEAR KAJAL,DE,330.00,646.80,96.00,73.00,50.00,570.90
93128fe8-aae5-4efd-b91e-1a777d33115d,SUGAR POP EYE ESSENTIALS MATTE EYELINER & LONGWEAR KAJAL,FR,330.00,646.80,96.00,73.00,50.00,570.90
93128fe8-aae5-4efd-b91e-1a777d33115d,SUGAR POP EYE ESSENTIALS MATTE EYELINER & LONGWEAR KAJAL,GB,330.00,646.80,96.00,73.00,50.00,570.90
93128fe8-aae5-4efd-b91e-1a777d33115d,SUGAR POP EYE ESSENTIALS MATTE EYELINER & LONGWEAR KAJAL,IE,330.00,663.30,101.00,78.00,55.00,587.40
93128fe8-aae5-4efd-b91e-1a777d33115d,SUGAR POP EYE ESSENTIALS MATTE EYELINER & LONGWEAR KAJAL,KE,330.00,646.80,96.00,73.00,50.00,570.90
93128fe8-aae5-4efd-b91e-1a777d33115d,SUGAR POP EYE ESSENTIALS MATTE EYELINER & LONGWEAR KAJAL,MT,330.00,646.80,96.00,73.00,50.00,570.90
93128fe8-aae5-4efd-b91e-1a777d33115d,SUGAR POP EYE ESSENTIALS MATTE EYELINER & LONGWEAR KAJAL,US,330.00,646.80,96.00,73.00,50.00,570.90
2d58126c-df4d-410a-a658-9e2c6180ce4d,SUGAR POP MATTE LPCOLOUR,AL,209.00,409.64,96.00,73.00,50.00,361.57
2d58126c-df4d-410a-a658-9e2c6180ce4d,SUGAR POP MATTE LPCOLOUR,CH,209.00,409.64,96.00,73.00,50.00,361.57
2d58126c-df4d-410a-a658-9e2c6180ce4d,SUGAR POP MATTE LPCOLOUR,DE,209.00,409.64,96.00,73.00,50.00,361.57
2d58126c-df4d-410a-a658-9e2c6180ce4d,SUGAR POP MATTE LPCOLOUR,FR,209.00,409.64,96.00,73.00,50.00,361.57
2d58126c-df4d-410a-a658-9e2c6180ce4d,SUGAR POP MATTE LPCOLOUR,GB,209.00,409.64,96.00,73.00,50.00,361.57
2d58126c-df4d-410a-a658-9e2c6180ce4d,SUGAR POP MATTE LPCOLOUR,IE,209.00,420.09,101.00,78.00,55.00,372.02
2d58126c-df4d-410a-a658-9e2c6180ce4d,SUGAR POP MATTE LPCOLOUR,KE,209.00,409.64,96.00,73.00,50.00,361.57
2d58126c-df4d-410a-a658-9e2c6180ce4d,SUGAR POP MATTE LPCOLOUR,MT,209.00,409.64,96.00,73.00,50.00,361.57
2d58126c-df4d-410a-a658-9e2c6180ce4d,SUGAR POP MATTE LPCOLOUR,US,209.00,409.64,96.00,73.00,50.00,361.57
92d28b7c-31f1-4724-9f3b-b1a22a8a5c06,"SUGAR POP Satin Matte Lipstick - 10 Rose (Soft Pink) - 3 gm - Infused with Vitamin E, Shea Butter & Jojoba Oil | Ultra Pigmented, Hydrating, Weightless Formula",AL,239.00,468.44,96.00,73.00,50.00,413.47
92d28b7c-31f1-4724-9f3b-b1a22a8a5c06,"SUGAR POP Satin Matte Lipstick - 10 Rose (Soft Pink) - 3 gm - Infused with Vitamin E, Shea Butter & Jojoba Oil | Ultra Pigmented, Hydrating, Weightless Formula",CH,239.00,468.44,96.00,73.00,50.00,413.47
92d28b7c-31f1-4724-9f3b-b1a22a8a5c06,"SUGAR POP Satin Matte Lipstick - 10 Rose (Soft Pink) - 3 gm - Infused with Vitamin E, Shea Butter & Jojoba Oil | Ultra Pigmented, Hydrating, Weightless Formula",DE,239.00,468.44,96.00,73.00,50.00,413.47
92d28b7c-31f1-4724-9f3b-b1a22a8a5c06,"SUGAR POP Satin Matte Lipstick - 10 Rose (Soft Pink) - 3 gm - Infused with Vitamin E, Shea Butter & Jojoba Oil | Ultra Pigmented, Hydrating, Weightless Formula",FR,239.00,468.44,96.00,73.00,50.00,413.47
92d28b7c-31f1-4724-9f3b-b1a22a8a5c06,"SUGAR POP Satin Matte Lipstick - 10 Rose (Soft Pink) - 3 gm - Infused with Vitamin E, Shea Butter & Jojoba Oil | Ultra Pigmented, Hydrating, Weightless Formula",GB,239.00,468.44,96.00,73.00,50.00,413.47
92d28b7c-31f1-4724-9f3b-b1a22a8a5c06,"SUGAR POP Satin Matte Lipstick - 10 Rose (Soft Pink) - 3 gm - Infused with Vitamin E, Shea Butter & Jojoba Oil | Ultra Pigmented, Hydrating, Weightless Formula",IE,239.00,484.81,102.85,79.85,56.85,429.84
92d28b7c-31f1-4724-9f3b-b1a22a8a5c06,"SUGAR POP Satin Matte Lipstick - 10 Rose (Soft Pink) - 3 gm - Infused with Vitamin E, Shea Butter & Jojoba Oil | Ultra Pigmented, Hydrating, Weightless Formula",KE,239.00,468.44,96.00,73.00,50.00,413.47
92d28b7c-31f1-4724-9f3b-b1a22a8a5c06,"SUGAR POP Satin Matte Lipstick - 10 Rose (Soft Pink) - 3 gm - Infused with Vitamin E, Shea Butter & Jojoba Oil | Ultra Pigmented, Hydrating, Weightless Formula",MT,239.00,468.44,96.00,73.00,50.00,413.47
92d28b7c-31f1-4724-9f3b-b1a22a8a5c06,"SUGAR POP Satin Matte Lipstick - 10 Rose (Soft Pink) - 3 gm - Infused with Vitamin E, Shea Butter & Jojoba Oil | Ultra Pigmented, Hydrating, Weightless Formula",US,239.00,468.44,96.00,73.00,50.00,413.47
285acfa3-0567-4c83-9579-e2eaa3e0e44d,SUGAR POP ULTRASTAY TRANSFERPROOF LIPSTICK,AL,183.00,358.68,96.00,73.00,50.00,316.59
285acfa3-0567-4c83-9579-e2eaa3e0e44d,SUGAR POP ULTRASTAY TRANSFERPROOF LIPSTICK,CH,183.00,358.68,96.00,73.00,50.00,316.59
285acfa3-0567-4c83-9579-e2eaa3e0e44d,SUGAR POP ULTRASTAY TRANSFERPROOF LIPSTICK,DE,183.00,358.68,96.00,73.00,50.00,316.59
285acfa3-0567-4c83-9579-e2eaa3e0e44d,SUGAR POP ULTRASTAY TRANSFERPROOF LIPSTICK,FR,183.00,358.68,96.00,73.00,50.00,316.59
285acfa3-0567-4c83-9579-e2eaa3e0e44d,SUGAR POP ULTRASTAY TRANSFERPROOF LIPSTICK,GB,183.00,358.68,96.00,73.00,50.00,316.59
285acfa3-0567-4c83-9579-e2eaa3e0e44d,SUGAR POP ULTRASTAY TRANSFERPROOF LIPSTICK,IE,183.00,367.83,101.00,78.00,55.00,325.74
285acfa3-0567-4c83-9579-e2eaa3e0e44d,SUGAR POP ULTRASTAY TRANSFERPROOF LIPSTICK,KE,183.00,358.68,96.00,73.00,50.00,316.59
285acfa3-0567-4c83-9579-e2eaa3e0e44d,SUGAR POP ULTRASTAY TRANSFERPROOF LIPSTICK,MT,183.00,358.68,96.00,73.00,50.00,316.59
285acfa3-0567-4c83-9579-e2eaa3e0e44d,SUGAR POP ULTRASTAY TRANSFERPROOF LIPSTICK,US,183.00,358.68,96.00,73.00,50.00,316.59
e642eb9f-ffe4-437a-8080-3d167bfeb2cc,SUGAR POP Volumizing Mascara Black - 9 ml | Clump-free | Volumizes | Lengthens | Smudge-proof | Intense black formula | Quick drying,AL,279.00,546.84,96.00,73.00,50.00,482.67
e642eb9f-ffe4-437a-8080-3d167bfeb2cc,SUGAR POP Volumizing Mascara Black - 9 ml | Clump-free | Volumizes | Lengthens | Smudge-proof | Intense black formula | Quick drying,CH,279.00,546.84,96.00,73.00,50.00,482.67
e642eb9f-ffe4-437a-8080-3d167bfeb2cc,SUGAR POP Volumizing Mascara Black - 9 ml | Clump-free | Volumizes | Lengthens | Smudge-proof | Intense black formula | Quick drying,DE,279.00,546.84,96.00,73.00,50.00,482.67
e642eb9f-ffe4-437a-8080-3d167bfeb2cc,SUGAR POP Volumizing Mascara Black - 9 ml | Clump-free | Volumizes | Lengthens | Smudge-proof | Intense black formula | Quick drying,FR,279.00,546.84,96.00,73.00,50.00,482.67
e642eb9f-ffe4-437a-8080-3d167bfeb2cc,SUGAR POP Volumizing Mascara Black - 9 ml | Clump-free | Volumizes | Lengthens | Smudge-proof | Intense black formula | Quick drying,GB,279.00,546.84,96.00,73.00,50.00,482.67
e642eb9f-ffe4-437a-8080-3d167bfeb2cc,SUGAR POP Volumizing Mascara Black - 9 ml | Clump-free | Volumizes | Lengthens | Smudge-proof | Intense black formula | Quick drying,IE,279.00,565.96,102.85,79.85,56.85,501.79
e642eb9f-ffe4-437a-8080-3d167bfeb2cc,SUGAR POP Volumizing Mascara Black - 9 ml | Clump-free | Volumizes | Lengthens | Smudge-proof | Intense black formula | Quick drying,KE,279.00,546.84,96.00,73.00,50.00,482.67
e642eb9f-ffe4-437a-8080-3d167bfeb2cc,SUGAR POP Volumizing Mascara Black - 9 ml | Clump-free | Volumizes | Lengthens | Smudge-proof | Intense black formula | Quick drying,MT,279.00,546.84,96.00,73.00,50.00,482.67
e642eb9f-ffe4-437a-8080-3d167bfeb2cc,SUGAR POP Volumizing Mascara Black - 9 ml | Clump-free | Volumizes | Lengthens | Smudge-proof | Intense black formula | Quick drying,US,279.00,546.84,96.00,73.00,50.00,482.67
c80d4f99-3f52-4eb9-a8c6-12123f707656,Sunlight Detergent Bar (150 g),AL,28.00,54.88,96.00,73.00,50.00,48.44
c80d4f99-3f52-4eb9-a8c6-12123f707656,Sunlight Detergent Bar (150 g),CH,28.00,54.88,96.00,73.00,50.00,48.44
c80d4f99-3f52-4eb9-a8c6-12123f707656,Sunlight Detergent Bar (150 g),DE,28.00,54.88,96.00,73.00,50.00,48.44
c80d4f99-3f52-4eb9-a8c6-12123f707656,Sunlight Detergent Bar (150 g),FR,28.00,54.88,96.00,73.00,50.00,48.44
c80d4f99-3f52-4eb9-a8c6-12123f707656,Sunlight Detergent Bar (150 g),GB,28.00,54.88,96.00,73.00,50.00,48.44
c80d4f99-3f52-4eb9-a8c6-12123f707656,Sunlight Detergent Bar (150 g),IE,28.00,56.28,101.00,78.00,55.00,49.84
c80d4f99-3f52-4eb9-a8c6-12123f707656,Sunlight Detergent Bar (150 g),KE,28.00,54.88,96.00,73.00,50.00,48.44
c80d4f99-3f52-4eb9-a8c6-12123f707656,Sunlight Detergent Bar (150 g),MT,28.00,54.88,96.00,73.00,50.00,48.44
c80d4f99-3f52-4eb9-a8c6-12123f707656,Sunlight Detergent Bar (150 g),US,28.00,54.88,96.00,73.00,50.00,48.44
7d7a18eb-d141-4d50-b462-68ffd41df0a6,Sunlight Matic Liquid Detergent 1 L | Colour Shield Technology | Top Load Washing Machine | Removes Stains & Protects Colours,AL,98.50,193.05,95.99,72.99,49.99,170.39
7d7a18eb-d141-4d50-b462-68ffd41df0a6,Sunlight Matic Liquid Detergent 1 L | Colour Shield Technology | Top Load Washing Machine | Removes Stains & Protects Colours,CH,98.50,193.05,95.99,72.99,49.99,170.39
7d7a18eb-d141-4d50-b462-68ffd41df0a6,Sunlight Matic Liquid Detergent 1 L | Colour Shield Technology | Top Load Washing Machine | Removes Stains & Protects Colours,DE,98.50,193.05,95.99,72.99,49.99,170.39
7d7a18eb-d141-4d50-b462-68ffd41df0a6,Sunlight Matic Liquid Detergent 1 L | Colour Shield Technology | Top Load Washing Machine | Removes Stains & Protects Colours,FR,98.50,193.05,95.99,72.99,49.99,170.39
7d7a18eb-d141-4d50-b462-68ffd41df0a6,Sunlight Matic Liquid Detergent 1 L | Colour Shield Technology | Top Load Washing Machine | Removes Stains & Protects Colours,GB,98.50,193.05,95.99,72.99,49.99,170.39
7d7a18eb-d141-4d50-b462-68ffd41df0a6,Sunlight Matic Liquid Detergent 1 L | Colour Shield Technology | Top Load Washing Machine | Removes Stains & Protects Colours,IE,98.50,199.80,102.84,79.84,56.84,177.14
7d7a18eb-d141-4d50-b462-68ffd41df0a6,Sunlight Matic Liquid Detergent 1 L | Colour Shield Technology | Top Load Washing Machine | Removes Stains & Protects Colours,KE,98.50,193.05,95.99,72.99,49.99,170.39
7d7a18eb-d141-4d50-b462-68ffd41df0a6,Sunlight Matic Liquid Detergent 1 L | Colour Shield Technology | Top Load Washing Machine | Removes Stains & Protects Colours,MT,98.50,193.05,95.99,72.99,49.99,170.39
7d7a18eb-d141-4d50-b462-68ffd41df0a6,Sunlight Matic Liquid Detergent 1 L | Colour Shield Technology | Top Load Washing Machine | Removes Stains & Protects Colours,US,98.50,193.05,95.99,72.99,49.99,170.39
8ca5b652-da11-48fe-a50f-9b3000683052,Super Car Toy with 3D Lights & Bump & Go Action,AL,393.00,770.28,96.00,73.00,50.00,679.89
8ca5b652-da11-48fe-a50f-9b3000683052,Super Car Toy with 3D Lights & Bump & Go Action,CH,393.00,770.28,96.00,73.00,50.00,679.89
8ca5b652-da11-48fe-a50f-9b3000683052,Super Car Toy with 3D Lights & Bump & Go Action,DE,393.00,770.28,96.00,73.00,50.00,679.89
8ca5b652-da11-48fe-a50f-9b3000683052,Super Car Toy with 3D Lights & Bump & Go Action,FR,393.00,770.28,96.00,73.00,50.00,679.89
8ca5b652-da11-48fe-a50f-9b3000683052,Super Car Toy with 3D Lights & Bump & Go Action,GB,393.00,770.28,96.00,73.00,50.00,679.89
8ca5b652-da11-48fe-a50f-9b3000683052,Super Car Toy with 3D Lights & Bump & Go Action,IE,393.00,789.93,101.00,78.00,55.00,699.54
8ca5b652-da11-48fe-a50f-9b3000683052,Super Car Toy with 3D Lights & Bump & Go Action,KE,393.00,770.28,96.00,73.00,50.00,679.89
8ca5b652-da11-48fe-a50f-9b3000683052,Super Car Toy with 3D Lights & Bump & Go Action,MT,393.00,770.28,96.00,73.00,50.00,679.89
8ca5b652-da11-48fe-a50f-9b3000683052,Super Car Toy with 3D Lights & Bump & Go Action,US,393.00,770.28,96.00,73.00,50.00,679.89
3d2f89bd-6ec5-47e7-83df-345c67d520e9,Surf excel Matic Liquid Detergent Refill Pouch 1 kg | Top Load Washing Machine | Tough Stain Removal,AL,178.00,348.88,96.00,73.00,50.00,307.94
3d2f89bd-6ec5-47e7-83df-345c67d520e9,Surf excel Matic Liquid Detergent Refill Pouch 1 kg | Top Load Washing Machine | Tough Stain Removal,CH,178.00,348.88,96.00,73.00,50.00,307.94
3d2f89bd-6ec5-47e7-83df-345c67d520e9,Surf excel Matic Liquid Detergent Refill Pouch 1 kg | Top Load Washing Machine | Tough Stain Removal,DE,178.00,348.88,96.00,73.00,50.00,307.94
3d2f89bd-6ec5-47e7-83df-345c67d520e9,Surf excel Matic Liquid Detergent Refill Pouch 1 kg | Top Load Washing Machine | Tough Stain Removal,FR,178.00,348.88,96.00,73.00,50.00,307.94
3d2f89bd-6ec5-47e7-83df-345c67d520e9,Surf excel Matic Liquid Detergent Refill Pouch 1 kg | Top Load Washing Machine | Tough Stain Removal,GB,178.00,348.88,96.00,73.00,50.00,307.94
3d2f89bd-6ec5-47e7-83df-345c67d520e9,Surf excel Matic Liquid Detergent Refill Pouch 1 kg | Top Load Washing Machine | Tough Stain Removal,IE,178.00,361.08,102.85,79.85,56.85,320.14
3d2f89bd-6ec5-47e7-83df-345c67d520e9,Surf excel Matic Liquid Detergent Refill Pouch 1 kg | Top Load Washing Machine | Tough Stain Removal,KE,178.00,348.88,96.00,73.00,50.00,307.94
3d2f89bd-6ec5-47e7-83df-345c67d520e9,Surf excel Matic Liquid Detergent Refill Pouch 1 kg | Top Load Washing Machine | Tough Stain Removal,MT,178.00,348.88,96.00,73.00,50.00,307.94
3d2f89bd-6ec5-47e7-83df-345c67d520e9,Surf excel Matic Liquid Detergent Refill Pouch 1 kg | Top Load Washing Machine | Tough Stain Removal,US,178.00,348.88,96.00,73.00,50.00,307.94
a0fe3b7b-d4f7-4482-b67b-ab990cafe6f9,Swiss Beauty Bold Matte Lip Liner - Multicolor - Pack of 12,AL,479.00,938.84,96.00,73.00,50.00,828.67
a0fe3b7b-d4f7-4482-b67b-ab990cafe6f9,Swiss Beauty Bold Matte Lip Liner - Multicolor - Pack of 12,CH,479.00,938.84,96.00,73.00,50.00,828.67
a0fe3b7b-d4f7-4482-b67b-ab990cafe6f9,Swiss Beauty Bold Matte Lip Liner - Multicolor - Pack of 12,DE,479.00,938.84,96.00,73.00,50.00,828.67
a0fe3b7b-d4f7-4482-b67b-ab990cafe6f9,Swiss Beauty Bold Matte Lip Liner - Multicolor - Pack of 12,FR,479.00,938.84,96.00,73.00,50.00,828.67
a0fe3b7b-d4f7-4482-b67b-ab990cafe6f9,Swiss Beauty Bold Matte Lip Liner - Multicolor - Pack of 12,GB,479.00,938.84,96.00,73.00,50.00,828.67
a0fe3b7b-d4f7-4482-b67b-ab990cafe6f9,Swiss Beauty Bold Matte Lip Liner - Multicolor - Pack of 12,IE,479.00,971.66,102.85,79.85,56.85,861.49
a0fe3b7b-d4f7-4482-b67b-ab990cafe6f9,Swiss Beauty Bold Matte Lip Liner - Multicolor - Pack of 12,KE,479.00,938.84,96.00,73.00,50.00,828.67
a0fe3b7b-d4f7-4482-b67b-ab990cafe6f9,Swiss Beauty Bold Matte Lip Liner - Multicolor - Pack of 12,MT,479.00,938.84,96.00,73.00,50.00,828.67
a0fe3b7b-d4f7-4482-b67b-ab990cafe6f9,Swiss Beauty Bold Matte Lip Liner - Multicolor - Pack of 12,US,479.00,938.84,96.00,73.00,50.00,828.67
7b60b856-5a87-49bc-a968-62e6734c8b71,Swiss Beauty Craze Duo Mascara | Volumizing & Lengthening | Smudge-Proof | Black | 20 ml,AL,297.00,582.12,96.00,73.00,50.00,513.81
7b60b856-5a87-49bc-a968-62e6734c8b71,Swiss Beauty Craze Duo Mascara | Volumizing & Lengthening | Smudge-Proof | Black | 20 ml,CH,297.00,582.12,96.00,73.00,50.00,513.81
7b60b856-5a87-49bc-a968-62e6734c8b71,Swiss Beauty Craze Duo Mascara | Volumizing & Lengthening | Smudge-Proof | Black | 20 ml,DE,297.00,582.12,96.00,73.00,50.00,513.81
7b60b856-5a87-49bc-a968-62e6734c8b71,Swiss Beauty Craze Duo Mascara | Volumizing & Lengthening | Smudge-Proof | Black | 20 ml,FR,297.00,582.12,96.00,73.00,50.00,513.81
7b60b856-5a87-49bc-a968-62e6734c8b71,Swiss Beauty Craze Duo Mascara | Volumizing & Lengthening | Smudge-Proof | Black | 20 ml,GB,297.00,582.12,96.00,73.00,50.00,513.81
7b60b856-5a87-49bc-a968-62e6734c8b71,Swiss Beauty Craze Duo Mascara | Volumizing & Lengthening | Smudge-Proof | Black | 20 ml,IE,297.00,596.97,101.00,78.00,55.00,528.66
7b60b856-5a87-49bc-a968-62e6734c8b71,Swiss Beauty Craze Duo Mascara | Volumizing & Lengthening | Smudge-Proof | Black | 20 ml,KE,297.00,582.12,96.00,73.00,50.00,513.81
7b60b856-5a87-49bc-a968-62e6734c8b71,Swiss Beauty Craze Duo Mascara | Volumizing & Lengthening | Smudge-Proof | Black | 20 ml,MT,297.00,582.12,96.00,73.00,50.00,513.81
7b60b856-5a87-49bc-a968-62e6734c8b71,Swiss Beauty Craze Duo Mascara | Volumizing & Lengthening | Smudge-Proof | Black | 20 ml,US,297.00,582.12,96.00,73.00,50.00,513.81
da213eef-ba99-4cf3-bd9b-7a0a71ff42cf,Swiss Beauty Craze Insta Blur Primer - 20 gm,IE,339.00,651.70,92.24,69.24,46.24,573.73
ba40ea8d-e5e0-4d6c-97ef-4e7491de1662,Swiss Beauty Cream It Up Blusher With Shea Butter | Highly Pigmented | Long-Lasting | Buildable & Blendable | Shade 05 Cheek-O-Pink,AL,255.00,499.80,96.00,73.00,50.00,441.15
ba40ea8d-e5e0-4d6c-97ef-4e7491de1662,Swiss Beauty Cream It Up Blusher With Shea Butter | Highly Pigmented | Long-Lasting | Buildable & Blendable | Shade 05 Cheek-O-Pink,CH,255.00,499.80,96.00,73.00,50.00,441.15
ba40ea8d-e5e0-4d6c-97ef-4e7491de1662,Swiss Beauty Cream It Up Blusher With Shea Butter | Highly Pigmented | Long-Lasting | Buildable & Blendable | Shade 05 Cheek-O-Pink,DE,255.00,499.80,96.00,73.00,50.00,441.15
ba40ea8d-e5e0-4d6c-97ef-4e7491de1662,Swiss Beauty Cream It Up Blusher With Shea Butter | Highly Pigmented | Long-Lasting | Buildable & Blendable | Shade 05 Cheek-O-Pink,FR,255.00,499.80,96.00,73.00,50.00,441.15
ba40ea8d-e5e0-4d6c-97ef-4e7491de1662,Swiss Beauty Cream It Up Blusher With Shea Butter | Highly Pigmented | Long-Lasting | Buildable & Blendable | Shade 05 Cheek-O-Pink,GB,255.00,499.80,96.00,73.00,50.00,441.15
ba40ea8d-e5e0-4d6c-97ef-4e7491de1662,Swiss Beauty Cream It Up Blusher With Shea Butter | Highly Pigmented | Long-Lasting | Buildable & Blendable | Shade 05 Cheek-O-Pink,IE,255.00,512.55,101.00,78.00,55.00,453.90
ba40ea8d-e5e0-4d6c-97ef-4e7491de1662,Swiss Beauty Cream It Up Blusher With Shea Butter | Highly Pigmented | Long-Lasting | Buildable & Blendable | Shade 05 Cheek-O-Pink,KE,255.00,499.80,96.00,73.00,50.00,441.15
ba40ea8d-e5e0-4d6c-97ef-4e7491de1662,Swiss Beauty Cream It Up Blusher With Shea Butter | Highly Pigmented | Long-Lasting | Buildable & Blendable | Shade 05 Cheek-O-Pink,MT,255.00,499.80,96.00,73.00,50.00,441.15
ba40ea8d-e5e0-4d6c-97ef-4e7491de1662,Swiss Beauty Cream It Up Blusher With Shea Butter | Highly Pigmented | Long-Lasting | Buildable & Blendable | Shade 05 Cheek-O-Pink,US,255.00,499.80,96.00,73.00,50.00,441.15
a7b4a34f-f2e7-40ed-9160-7901633f492e,Swiss Beauty Eye Sparkle Sketch Liner Glitter Finish and Water-Proof | Fine Tip For Precise Application - 1 Sparkle Silver (0.6 gm),AL,239.00,468.44,96.00,73.00,50.00,413.47
a7b4a34f-f2e7-40ed-9160-7901633f492e,Swiss Beauty Eye Sparkle Sketch Liner Glitter Finish and Water-Proof | Fine Tip For Precise Application - 1 Sparkle Silver (0.6 gm),CH,239.00,468.44,96.00,73.00,50.00,413.47
a7b4a34f-f2e7-40ed-9160-7901633f492e,Swiss Beauty Eye Sparkle Sketch Liner Glitter Finish and Water-Proof | Fine Tip For Precise Application - 1 Sparkle Silver (0.6 gm),DE,239.00,468.44,96.00,73.00,50.00,413.47
a7b4a34f-f2e7-40ed-9160-7901633f492e,Swiss Beauty Eye Sparkle Sketch Liner Glitter Finish and Water-Proof | Fine Tip For Precise Application - 1 Sparkle Silver (0.6 gm),FR,239.00,468.44,96.00,73.00,50.00,413.47
a7b4a34f-f2e7-40ed-9160-7901633f492e,Swiss Beauty Eye Sparkle Sketch Liner Glitter Finish and Water-Proof | Fine Tip For Precise Application - 1 Sparkle Silver (0.6 gm),GB,239.00,468.44,96.00,73.00,50.00,413.47
a7b4a34f-f2e7-40ed-9160-7901633f492e,Swiss Beauty Eye Sparkle Sketch Liner Glitter Finish and Water-Proof | Fine Tip For Precise Application - 1 Sparkle Silver (0.6 gm),IE,239.00,484.81,102.85,79.85,56.85,429.84
a7b4a34f-f2e7-40ed-9160-7901633f492e,Swiss Beauty Eye Sparkle Sketch Liner Glitter Finish and Water-Proof | Fine Tip For Precise Application - 1 Sparkle Silver (0.6 gm),KE,239.00,468.44,96.00,73.00,50.00,413.47
a7b4a34f-f2e7-40ed-9160-7901633f492e,Swiss Beauty Eye Sparkle Sketch Liner Glitter Finish and Water-Proof | Fine Tip For Precise Application - 1 Sparkle Silver (0.6 gm),MT,239.00,468.44,96.00,73.00,50.00,413.47
a7b4a34f-f2e7-40ed-9160-7901633f492e,Swiss Beauty Eye Sparkle Sketch Liner Glitter Finish and Water-Proof | Fine Tip For Precise Application - 1 Sparkle Silver (0.6 gm),US,239.00,468.44,96.00,73.00,50.00,413.47
edd7b2dd-61db-4769-b8a9-128a04e8081d,Swiss Beauty Eyebrow Pencil – Dark Brown,AL,89.00,174.44,96.00,73.00,50.00,153.97
edd7b2dd-61db-4769-b8a9-128a04e8081d,Swiss Beauty Eyebrow Pencil – Dark Brown,CH,89.00,174.44,96.00,73.00,50.00,153.97
edd7b2dd-61db-4769-b8a9-128a04e8081d,Swiss Beauty Eyebrow Pencil – Dark Brown,DE,89.00,174.44,96.00,73.00,50.00,153.97
edd7b2dd-61db-4769-b8a9-128a04e8081d,Swiss Beauty Eyebrow Pencil – Dark Brown,FR,89.00,174.44,96.00,73.00,50.00,153.97
edd7b2dd-61db-4769-b8a9-128a04e8081d,Swiss Beauty Eyebrow Pencil – Dark Brown,GB,89.00,174.44,96.00,73.00,50.00,153.97
edd7b2dd-61db-4769-b8a9-128a04e8081d,Swiss Beauty Eyebrow Pencil – Dark Brown,IE,89.00,178.89,101.00,78.00,55.00,158.42
edd7b2dd-61db-4769-b8a9-128a04e8081d,Swiss Beauty Eyebrow Pencil – Dark Brown,KE,89.00,174.44,96.00,73.00,50.00,153.97
edd7b2dd-61db-4769-b8a9-128a04e8081d,Swiss Beauty Eyebrow Pencil – Dark Brown,MT,89.00,174.44,96.00,73.00,50.00,153.97
edd7b2dd-61db-4769-b8a9-128a04e8081d,Swiss Beauty Eyebrow Pencil – Dark Brown,US,89.00,174.44,96.00,73.00,50.00,153.97
fc6eb279-8f0f-4012-934b-9d67c577e1e5,Swiss Beauty Flawless Finish Lightweight Foundation - Natural Beige (40 gm),AL,319.00,625.24,96.00,73.00,50.00,551.87
fc6eb279-8f0f-4012-934b-9d67c577e1e5,Swiss Beauty Flawless Finish Lightweight Foundation - Natural Beige (40 gm),CH,319.00,625.24,96.00,73.00,50.00,551.87
fc6eb279-8f0f-4012-934b-9d67c577e1e5,Swiss Beauty Flawless Finish Lightweight Foundation - Natural Beige (40 gm),DE,319.00,625.24,96.00,73.00,50.00,551.87
fc6eb279-8f0f-4012-934b-9d67c577e1e5,Swiss Beauty Flawless Finish Lightweight Foundation - Natural Beige (40 gm),FR,319.00,625.24,96.00,73.00,50.00,551.87
fc6eb279-8f0f-4012-934b-9d67c577e1e5,Swiss Beauty Flawless Finish Lightweight Foundation - Natural Beige (40 gm),GB,319.00,625.24,96.00,73.00,50.00,551.87
fc6eb279-8f0f-4012-934b-9d67c577e1e5,Swiss Beauty Flawless Finish Lightweight Foundation - Natural Beige (40 gm),IE,319.00,647.10,102.85,79.85,56.85,573.73
fc6eb279-8f0f-4012-934b-9d67c577e1e5,Swiss Beauty Flawless Finish Lightweight Foundation - Natural Beige (40 gm),KE,319.00,625.24,96.00,73.00,50.00,551.87
fc6eb279-8f0f-4012-934b-9d67c577e1e5,Swiss Beauty Flawless Finish Lightweight Foundation - Natural Beige (40 gm),MT,319.00,625.24,96.00,73.00,50.00,551.87
fc6eb279-8f0f-4012-934b-9d67c577e1e5,Swiss Beauty Flawless Finish Lightweight Foundation - Natural Beige (40 gm),US,319.00,625.24,96.00,73.00,50.00,551.87
dd2903ee-3678-4295-a0b5-4af60fd46716,Swiss Beauty Foundation Blender Brush 1 Pc,AL,199.00,390.04,96.00,73.00,50.00,344.27
dd2903ee-3678-4295-a0b5-4af60fd46716,Swiss Beauty Foundation Blender Brush 1 Pc,CH,199.00,390.04,96.00,73.00,50.00,344.27
dd2903ee-3678-4295-a0b5-4af60fd46716,Swiss Beauty Foundation Blender Brush 1 Pc,DE,199.00,390.04,96.00,73.00,50.00,344.27
dd2903ee-3678-4295-a0b5-4af60fd46716,Swiss Beauty Foundation Blender Brush 1 Pc,FR,199.00,390.04,96.00,73.00,50.00,344.27
dd2903ee-3678-4295-a0b5-4af60fd46716,Swiss Beauty Foundation Blender Brush 1 Pc,GB,199.00,390.04,96.00,73.00,50.00,344.27
dd2903ee-3678-4295-a0b5-4af60fd46716,Swiss Beauty Foundation Blender Brush 1 Pc,IE,199.00,399.99,101.00,78.00,55.00,354.22
dd2903ee-3678-4295-a0b5-4af60fd46716,Swiss Beauty Foundation Blender Brush 1 Pc,KE,199.00,390.04,96.00,73.00,50.00,344.27
dd2903ee-3678-4295-a0b5-4af60fd46716,Swiss Beauty Foundation Blender Brush 1 Pc,MT,199.00,390.04,96.00,73.00,50.00,344.27
dd2903ee-3678-4295-a0b5-4af60fd46716,Swiss Beauty Foundation Blender Brush 1 Pc,US,199.00,390.04,96.00,73.00,50.00,344.27
96df04dc-3cef-4106-b113-b364ffafe6ae,Swiss Beauty Gloss Me Lip Gloss,AL,199.00,390.04,96.00,73.00,50.00,344.27
96df04dc-3cef-4106-b113-b364ffafe6ae,Swiss Beauty Gloss Me Lip Gloss,CH,199.00,390.04,96.00,73.00,50.00,344.27
96df04dc-3cef-4106-b113-b364ffafe6ae,Swiss Beauty Gloss Me Lip Gloss,DE,199.00,390.04,96.00,73.00,50.00,344.27
96df04dc-3cef-4106-b113-b364ffafe6ae,Swiss Beauty Gloss Me Lip Gloss,FR,199.00,390.04,96.00,73.00,50.00,344.27
96df04dc-3cef-4106-b113-b364ffafe6ae,Swiss Beauty Gloss Me Lip Gloss,GB,199.00,390.04,96.00,73.00,50.00,344.27
96df04dc-3cef-4106-b113-b364ffafe6ae,Swiss Beauty Gloss Me Lip Gloss,IE,199.00,399.99,101.00,78.00,55.00,354.22
96df04dc-3cef-4106-b113-b364ffafe6ae,Swiss Beauty Gloss Me Lip Gloss,KE,199.00,390.04,96.00,73.00,50.00,344.27
96df04dc-3cef-4106-b113-b364ffafe6ae,Swiss Beauty Gloss Me Lip Gloss,MT,199.00,390.04,96.00,73.00,50.00,344.27
96df04dc-3cef-4106-b113-b364ffafe6ae,Swiss Beauty Gloss Me Lip Gloss,US,199.00,390.04,96.00,73.00,50.00,344.27
ce28e901-d846-4d06-a184-4f3499dcece3,Swiss Beauty High Performance Foundation | Water-Resistant | Medium to Buildable Coverage | Lightweight | Easy to Blend | With Vitamin C & Niacinamide | 3 Natural-Beige 55 gm,AL,479.00,938.84,96.00,73.00,50.00,828.67
ce28e901-d846-4d06-a184-4f3499dcece3,Swiss Beauty High Performance Foundation | Water-Resistant | Medium to Buildable Coverage | Lightweight | Easy to Blend | With Vitamin C & Niacinamide | 3 Natural-Beige 55 gm,CH,479.00,938.84,96.00,73.00,50.00,828.67
ce28e901-d846-4d06-a184-4f3499dcece3,Swiss Beauty High Performance Foundation | Water-Resistant | Medium to Buildable Coverage | Lightweight | Easy to Blend | With Vitamin C & Niacinamide | 3 Natural-Beige 55 gm,DE,479.00,938.84,96.00,73.00,50.00,828.67
ce28e901-d846-4d06-a184-4f3499dcece3,Swiss Beauty High Performance Foundation | Water-Resistant | Medium to Buildable Coverage | Lightweight | Easy to Blend | With Vitamin C & Niacinamide | 3 Natural-Beige 55 gm,FR,479.00,938.84,96.00,73.00,50.00,828.67
ce28e901-d846-4d06-a184-4f3499dcece3,Swiss Beauty High Performance Foundation | Water-Resistant | Medium to Buildable Coverage | Lightweight | Easy to Blend | With Vitamin C & Niacinamide | 3 Natural-Beige 55 gm,GB,479.00,938.84,96.00,73.00,50.00,828.67
ce28e901-d846-4d06-a184-4f3499dcece3,Swiss Beauty High Performance Foundation | Water-Resistant | Medium to Buildable Coverage | Lightweight | Easy to Blend | With Vitamin C & Niacinamide | 3 Natural-Beige 55 gm,IE,479.00,962.79,101.00,78.00,55.00,852.62
ce28e901-d846-4d06-a184-4f3499dcece3,Swiss Beauty High Performance Foundation | Water-Resistant | Medium to Buildable Coverage | Lightweight | Easy to Blend | With Vitamin C & Niacinamide | 3 Natural-Beige 55 gm,KE,479.00,938.84,96.00,73.00,50.00,828.67
ce28e901-d846-4d06-a184-4f3499dcece3,Swiss Beauty High Performance Foundation | Water-Resistant | Medium to Buildable Coverage | Lightweight | Easy to Blend | With Vitamin C & Niacinamide | 3 Natural-Beige 55 gm,MT,479.00,938.84,96.00,73.00,50.00,828.67
ce28e901-d846-4d06-a184-4f3499dcece3,Swiss Beauty High Performance Foundation | Water-Resistant | Medium to Buildable Coverage | Lightweight | Easy to Blend | With Vitamin C & Niacinamide | 3 Natural-Beige 55 gm,US,479.00,938.84,96.00,73.00,50.00,828.67
bb6af31e-dad4-4bc0-bb0f-0d5d41a19a7f,Swiss Beauty Hold Me Grip Primer | Hydrating | Grippy Gel Formula | Sweat-Resistant & Humidity-Proof (24 ml),AL,409.00,784.34,91.77,68.77,45.77,690.27
bb6af31e-dad4-4bc0-bb0f-0d5d41a19a7f,Swiss Beauty Hold Me Grip Primer | Hydrating | Grippy Gel Formula | Sweat-Resistant & Humidity-Proof (24 ml),CH,409.00,784.34,91.77,68.77,45.77,690.27
bb6af31e-dad4-4bc0-bb0f-0d5d41a19a7f,Swiss Beauty Hold Me Grip Primer | Hydrating | Grippy Gel Formula | Sweat-Resistant & Humidity-Proof (24 ml),DE,409.00,784.34,91.77,68.77,45.77,690.27
bb6af31e-dad4-4bc0-bb0f-0d5d41a19a7f,Swiss Beauty Hold Me Grip Primer | Hydrating | Grippy Gel Formula | Sweat-Resistant & Humidity-Proof (24 ml),FR,409.00,784.34,91.77,68.77,45.77,690.27
bb6af31e-dad4-4bc0-bb0f-0d5d41a19a7f,Swiss Beauty Hold Me Grip Primer | Hydrating | Grippy Gel Formula | Sweat-Resistant & Humidity-Proof (24 ml),GB,409.00,784.34,91.77,68.77,45.77,690.27
bb6af31e-dad4-4bc0-bb0f-0d5d41a19a7f,Swiss Beauty Hold Me Grip Primer | Hydrating | Grippy Gel Formula | Sweat-Resistant & Humidity-Proof (24 ml),IE,409.00,811.68,98.45,75.45,52.45,717.61
bb6af31e-dad4-4bc0-bb0f-0d5d41a19a7f,Swiss Beauty Hold Me Grip Primer | Hydrating | Grippy Gel Formula | Sweat-Resistant & Humidity-Proof (24 ml),KE,409.00,784.34,91.77,68.77,45.77,690.27
bb6af31e-dad4-4bc0-bb0f-0d5d41a19a7f,Swiss Beauty Hold Me Grip Primer | Hydrating | Grippy Gel Formula | Sweat-Resistant & Humidity-Proof (24 ml),MT,409.00,784.34,91.77,68.77,45.77,690.27
bb6af31e-dad4-4bc0-bb0f-0d5d41a19a7f,Swiss Beauty Hold Me Grip Primer | Hydrating | Grippy Gel Formula | Sweat-Resistant & Humidity-Proof (24 ml),US,409.00,784.34,91.77,68.77,45.77,690.27
93a4086d-a5da-40a3-be15-c7ac1af38aa7,Swiss Beauty Holographic Eyeliner 1-Milky Way 0.2gm,IE,431.98,868.29,101.00,78.00,55.00,768.93
6379ba30-db7c-4e8c-ba9d-d1de01910927,Swiss Beauty Lip & Cheek Cream SB-308-01 Berrylicious 8 gm,AL,319.00,625.24,96.00,73.00,50.00,551.87
6379ba30-db7c-4e8c-ba9d-d1de01910927,Swiss Beauty Lip & Cheek Cream SB-308-01 Berrylicious 8 gm,CH,319.00,625.24,96.00,73.00,50.00,551.87
6379ba30-db7c-4e8c-ba9d-d1de01910927,Swiss Beauty Lip & Cheek Cream SB-308-01 Berrylicious 8 gm,DE,319.00,625.24,96.00,73.00,50.00,551.87
6379ba30-db7c-4e8c-ba9d-d1de01910927,Swiss Beauty Lip & Cheek Cream SB-308-01 Berrylicious 8 gm,FR,319.00,625.24,96.00,73.00,50.00,551.87
6379ba30-db7c-4e8c-ba9d-d1de01910927,Swiss Beauty Lip & Cheek Cream SB-308-01 Berrylicious 8 gm,GB,319.00,625.24,96.00,73.00,50.00,551.87
6379ba30-db7c-4e8c-ba9d-d1de01910927,Swiss Beauty Lip & Cheek Cream SB-308-01 Berrylicious 8 gm,IE,319.00,647.10,102.85,79.85,56.85,573.73
6379ba30-db7c-4e8c-ba9d-d1de01910927,Swiss Beauty Lip & Cheek Cream SB-308-01 Berrylicious 8 gm,KE,319.00,625.24,96.00,73.00,50.00,551.87
6379ba30-db7c-4e8c-ba9d-d1de01910927,Swiss Beauty Lip & Cheek Cream SB-308-01 Berrylicious 8 gm,MT,319.00,625.24,96.00,73.00,50.00,551.87
6379ba30-db7c-4e8c-ba9d-d1de01910927,Swiss Beauty Lip & Cheek Cream SB-308-01 Berrylicious 8 gm,US,319.00,625.24,96.00,73.00,50.00,551.87
d15c9a62-3e5d-48ea-a452-069e6aca0122,Swiss Beauty Liquid Concealer - 2 Sand-Sable (6 gm),AL,235.00,460.60,96.00,73.00,50.00,406.55
d15c9a62-3e5d-48ea-a452-069e6aca0122,Swiss Beauty Liquid Concealer - 2 Sand-Sable (6 gm),CH,235.00,460.60,96.00,73.00,50.00,406.55
d15c9a62-3e5d-48ea-a452-069e6aca0122,Swiss Beauty Liquid Concealer - 2 Sand-Sable (6 gm),DE,235.00,460.60,96.00,73.00,50.00,406.55
d15c9a62-3e5d-48ea-a452-069e6aca0122,Swiss Beauty Liquid Concealer - 2 Sand-Sable (6 gm),FR,235.00,460.60,96.00,73.00,50.00,406.55
d15c9a62-3e5d-48ea-a452-069e6aca0122,Swiss Beauty Liquid Concealer - 2 Sand-Sable (6 gm),GB,235.00,460.60,96.00,73.00,50.00,406.55
d15c9a62-3e5d-48ea-a452-069e6aca0122,Swiss Beauty Liquid Concealer - 2 Sand-Sable (6 gm),IE,235.00,472.35,101.00,78.00,55.00,418.30
d15c9a62-3e5d-48ea-a452-069e6aca0122,Swiss Beauty Liquid Concealer - 2 Sand-Sable (6 gm),KE,235.00,460.60,96.00,73.00,50.00,406.55
d15c9a62-3e5d-48ea-a452-069e6aca0122,Swiss Beauty Liquid Concealer - 2 Sand-Sable (6 gm),MT,235.00,460.60,96.00,73.00,50.00,406.55
d15c9a62-3e5d-48ea-a452-069e6aca0122,Swiss Beauty Liquid Concealer - 2 Sand-Sable (6 gm),US,235.00,460.60,96.00,73.00,50.00,406.55
484bf089-3ff5-42fd-95d9-02ec148e4c1c,Swiss Beauty Liquid Eyeliner – Black,AL,195.00,382.20,96.00,73.00,50.00,337.35
484bf089-3ff5-42fd-95d9-02ec148e4c1c,Swiss Beauty Liquid Eyeliner – Black,CH,195.00,382.20,96.00,73.00,50.00,337.35
484bf089-3ff5-42fd-95d9-02ec148e4c1c,Swiss Beauty Liquid Eyeliner – Black,DE,195.00,382.20,96.00,73.00,50.00,337.35
484bf089-3ff5-42fd-95d9-02ec148e4c1c,Swiss Beauty Liquid Eyeliner – Black,FR,195.00,382.20,96.00,73.00,50.00,337.35
484bf089-3ff5-42fd-95d9-02ec148e4c1c,Swiss Beauty Liquid Eyeliner – Black,GB,195.00,382.20,96.00,73.00,50.00,337.35
484bf089-3ff5-42fd-95d9-02ec148e4c1c,Swiss Beauty Liquid Eyeliner – Black,IE,195.00,391.95,101.00,78.00,55.00,347.10
484bf089-3ff5-42fd-95d9-02ec148e4c1c,Swiss Beauty Liquid Eyeliner – Black,KE,195.00,382.20,96.00,73.00,50.00,337.35
484bf089-3ff5-42fd-95d9-02ec148e4c1c,Swiss Beauty Liquid Eyeliner – Black,MT,195.00,382.20,96.00,73.00,50.00,337.35
484bf089-3ff5-42fd-95d9-02ec148e4c1c,Swiss Beauty Liquid Eyeliner – Black,US,195.00,382.20,96.00,73.00,50.00,337.35
bd1205d1-8136-4af5-975c-dbb76f77ed24,Swiss Beauty Pearl Illuminator Makeup Base - 2 Silver-Pink (35 gm),AL,439.00,860.44,96.00,73.00,50.00,759.47
bd1205d1-8136-4af5-975c-dbb76f77ed24,Swiss Beauty Pearl Illuminator Makeup Base - 2 Silver-Pink (35 gm),CH,439.00,860.44,96.00,73.00,50.00,759.47
bd1205d1-8136-4af5-975c-dbb76f77ed24,Swiss Beauty Pearl Illuminator Makeup Base - 2 Silver-Pink (35 gm),DE,439.00,860.44,96.00,73.00,50.00,759.47
bd1205d1-8136-4af5-975c-dbb76f77ed24,Swiss Beauty Pearl Illuminator Makeup Base - 2 Silver-Pink (35 gm),FR,439.00,860.44,96.00,73.00,50.00,759.47
bd1205d1-8136-4af5-975c-dbb76f77ed24,Swiss Beauty Pearl Illuminator Makeup Base - 2 Silver-Pink (35 gm),GB,439.00,860.44,96.00,73.00,50.00,759.47
bd1205d1-8136-4af5-975c-dbb76f77ed24,Swiss Beauty Pearl Illuminator Makeup Base - 2 Silver-Pink (35 gm),IE,439.00,890.52,102.85,79.85,56.85,789.55
bd1205d1-8136-4af5-975c-dbb76f77ed24,Swiss Beauty Pearl Illuminator Makeup Base - 2 Silver-Pink (35 gm),KE,439.00,860.44,96.00,73.00,50.00,759.47
bd1205d1-8136-4af5-975c-dbb76f77ed24,Swiss Beauty Pearl Illuminator Makeup Base - 2 Silver-Pink (35 gm),MT,439.00,860.44,96.00,73.00,50.00,759.47
bd1205d1-8136-4af5-975c-dbb76f77ed24,Swiss Beauty Pearl Illuminator Makeup Base - 2 Silver-Pink (35 gm),US,439.00,860.44,96.00,73.00,50.00,759.47
d9b45b0a-7cdf-4c5c-9e4a-4992ee458ed4,Swiss Beauty Perfect Match Panstick - Creamy Ivory (7.5 gm),AL,239.00,468.44,96.00,73.00,50.00,413.47
d9b45b0a-7cdf-4c5c-9e4a-4992ee458ed4,Swiss Beauty Perfect Match Panstick - Creamy Ivory (7.5 gm),CH,239.00,468.44,96.00,73.00,50.00,413.47
d9b45b0a-7cdf-4c5c-9e4a-4992ee458ed4,Swiss Beauty Perfect Match Panstick - Creamy Ivory (7.5 gm),DE,239.00,468.44,96.00,73.00,50.00,413.47
d9b45b0a-7cdf-4c5c-9e4a-4992ee458ed4,Swiss Beauty Perfect Match Panstick - Creamy Ivory (7.5 gm),FR,239.00,468.44,96.00,73.00,50.00,413.47
d9b45b0a-7cdf-4c5c-9e4a-4992ee458ed4,Swiss Beauty Perfect Match Panstick - Creamy Ivory (7.5 gm),GB,239.00,468.44,96.00,73.00,50.00,413.47
d9b45b0a-7cdf-4c5c-9e4a-4992ee458ed4,Swiss Beauty Perfect Match Panstick - Creamy Ivory (7.5 gm),IE,239.00,484.81,102.85,79.85,56.85,429.84
d9b45b0a-7cdf-4c5c-9e4a-4992ee458ed4,Swiss Beauty Perfect Match Panstick - Creamy Ivory (7.5 gm),KE,239.00,468.44,96.00,73.00,50.00,413.47
d9b45b0a-7cdf-4c5c-9e4a-4992ee458ed4,Swiss Beauty Perfect Match Panstick - Creamy Ivory (7.5 gm),MT,239.00,468.44,96.00,73.00,50.00,413.47
d9b45b0a-7cdf-4c5c-9e4a-4992ee458ed4,Swiss Beauty Perfect Match Panstick - Creamy Ivory (7.5 gm),US,239.00,468.44,96.00,73.00,50.00,413.47
6e6f8596-a342-49cc-9a7b-061d43be79d8,Swiss Beauty Precision Thickening Long Lash Mascara - 01 Black,AL,209.00,409.64,96.00,73.00,50.00,361.57
6e6f8596-a342-49cc-9a7b-061d43be79d8,Swiss Beauty Precision Thickening Long Lash Mascara - 01 Black,CH,209.00,409.64,96.00,73.00,50.00,361.57
6e6f8596-a342-49cc-9a7b-061d43be79d8,Swiss Beauty Precision Thickening Long Lash Mascara - 01 Black,DE,209.00,409.64,96.00,73.00,50.00,361.57
6e6f8596-a342-49cc-9a7b-061d43be79d8,Swiss Beauty Precision Thickening Long Lash Mascara - 01 Black,FR,209.00,409.64,96.00,73.00,50.00,361.57
6e6f8596-a342-49cc-9a7b-061d43be79d8,Swiss Beauty Precision Thickening Long Lash Mascara - 01 Black,GB,209.00,409.64,96.00,73.00,50.00,361.57
6e6f8596-a342-49cc-9a7b-061d43be79d8,Swiss Beauty Precision Thickening Long Lash Mascara - 01 Black,IE,209.00,420.09,101.00,78.00,55.00,372.02
6e6f8596-a342-49cc-9a7b-061d43be79d8,Swiss Beauty Precision Thickening Long Lash Mascara - 01 Black,KE,209.00,409.64,96.00,73.00,50.00,361.57
6e6f8596-a342-49cc-9a7b-061d43be79d8,Swiss Beauty Precision Thickening Long Lash Mascara - 01 Black,MT,209.00,409.64,96.00,73.00,50.00,361.57
6e6f8596-a342-49cc-9a7b-061d43be79d8,Swiss Beauty Precision Thickening Long Lash Mascara - 01 Black,US,209.00,409.64,96.00,73.00,50.00,361.57
92535b9a-2c1f-4b10-9a22-d317955c2b7d,Swiss Beauty Primer Mousse Foundation - White-Ivory - (30 ml),AL,359.00,703.64,96.00,73.00,50.00,621.07
92535b9a-2c1f-4b10-9a22-d317955c2b7d,Swiss Beauty Primer Mousse Foundation - White-Ivory - (30 ml),CH,359.00,703.64,96.00,73.00,50.00,621.07
92535b9a-2c1f-4b10-9a22-d317955c2b7d,Swiss Beauty Primer Mousse Foundation - White-Ivory - (30 ml),DE,359.00,703.64,96.00,73.00,50.00,621.07
92535b9a-2c1f-4b10-9a22-d317955c2b7d,Swiss Beauty Primer Mousse Foundation - White-Ivory - (30 ml),FR,359.00,703.64,96.00,73.00,50.00,621.07
92535b9a-2c1f-4b10-9a22-d317955c2b7d,Swiss Beauty Primer Mousse Foundation - White-Ivory - (30 ml),GB,359.00,703.64,96.00,73.00,50.00,621.07
92535b9a-2c1f-4b10-9a22-d317955c2b7d,Swiss Beauty Primer Mousse Foundation - White-Ivory - (30 ml),IE,359.00,728.24,102.85,79.85,56.85,645.67
92535b9a-2c1f-4b10-9a22-d317955c2b7d,Swiss Beauty Primer Mousse Foundation - White-Ivory - (30 ml),KE,359.00,703.64,96.00,73.00,50.00,621.07
92535b9a-2c1f-4b10-9a22-d317955c2b7d,Swiss Beauty Primer Mousse Foundation - White-Ivory - (30 ml),MT,359.00,703.64,96.00,73.00,50.00,621.07
92535b9a-2c1f-4b10-9a22-d317955c2b7d,Swiss Beauty Primer Mousse Foundation - White-Ivory - (30 ml),US,359.00,703.64,96.00,73.00,50.00,621.07
4ae8571b-99f8-44fb-b46e-f497a5a42ac5,Swiss Beauty Pure Matte Lipstick,AL,220.00,431.20,96.00,73.00,50.00,380.60
4ae8571b-99f8-44fb-b46e-f497a5a42ac5,Swiss Beauty Pure Matte Lipstick,CH,220.00,431.20,96.00,73.00,50.00,380.60
4ae8571b-99f8-44fb-b46e-f497a5a42ac5,Swiss Beauty Pure Matte Lipstick,DE,220.00,431.20,96.00,73.00,50.00,380.60
4ae8571b-99f8-44fb-b46e-f497a5a42ac5,Swiss Beauty Pure Matte Lipstick,FR,220.00,431.20,96.00,73.00,50.00,380.60
4ae8571b-99f8-44fb-b46e-f497a5a42ac5,Swiss Beauty Pure Matte Lipstick,GB,220.00,431.20,96.00,73.00,50.00,380.60
4ae8571b-99f8-44fb-b46e-f497a5a42ac5,Swiss Beauty Pure Matte Lipstick,IE,220.00,442.20,101.00,78.00,55.00,391.60
4ae8571b-99f8-44fb-b46e-f497a5a42ac5,Swiss Beauty Pure Matte Lipstick,KE,220.00,431.20,96.00,73.00,50.00,380.60
4ae8571b-99f8-44fb-b46e-f497a5a42ac5,Swiss Beauty Pure Matte Lipstick,MT,220.00,431.20,96.00,73.00,50.00,380.60
4ae8571b-99f8-44fb-b46e-f497a5a42ac5,Swiss Beauty Pure Matte Lipstick,US,220.00,431.20,96.00,73.00,50.00,380.60
cfe1f464-219e-4e47-a019-1726415c6d00,Swiss Beauty Real Makeup Base Highlighting Primer - Natural-Tint (32 ml),AL,439.00,860.44,96.00,73.00,50.00,759.47
cfe1f464-219e-4e47-a019-1726415c6d00,Swiss Beauty Real Makeup Base Highlighting Primer - Natural-Tint (32 ml),CH,439.00,860.44,96.00,73.00,50.00,759.47
cfe1f464-219e-4e47-a019-1726415c6d00,Swiss Beauty Real Makeup Base Highlighting Primer - Natural-Tint (32 ml),DE,439.00,860.44,96.00,73.00,50.00,759.47
cfe1f464-219e-4e47-a019-1726415c6d00,Swiss Beauty Real Makeup Base Highlighting Primer - Natural-Tint (32 ml),FR,439.00,860.44,96.00,73.00,50.00,759.47
cfe1f464-219e-4e47-a019-1726415c6d00,Swiss Beauty Real Makeup Base Highlighting Primer - Natural-Tint (32 ml),GB,439.00,860.44,96.00,73.00,50.00,759.47
cfe1f464-219e-4e47-a019-1726415c6d00,Swiss Beauty Real Makeup Base Highlighting Primer - Natural-Tint (32 ml),IE,439.00,890.52,102.85,79.85,56.85,789.55
cfe1f464-219e-4e47-a019-1726415c6d00,Swiss Beauty Real Makeup Base Highlighting Primer - Natural-Tint (32 ml),KE,439.00,860.44,96.00,73.00,50.00,759.47
cfe1f464-219e-4e47-a019-1726415c6d00,Swiss Beauty Real Makeup Base Highlighting Primer - Natural-Tint (32 ml),MT,439.00,860.44,96.00,73.00,50.00,759.47
cfe1f464-219e-4e47-a019-1726415c6d00,Swiss Beauty Real Makeup Base Highlighting Primer - Natural-Tint (32 ml),US,439.00,860.44,96.00,73.00,50.00,759.47
415a4d1a-9a60-401e-9170-05dfe9e98832,"Swiss Beauty Round The Clock Makeup Setting Spray with Hyaluronic Acid | Long-Lasting, Hydrating & Oil Control | 100 ml",AL,263.00,515.48,96.00,73.00,50.00,454.99
415a4d1a-9a60-401e-9170-05dfe9e98832,"Swiss Beauty Round The Clock Makeup Setting Spray with Hyaluronic Acid | Long-Lasting, Hydrating & Oil Control | 100 ml",CH,263.00,515.48,96.00,73.00,50.00,454.99
415a4d1a-9a60-401e-9170-05dfe9e98832,"Swiss Beauty Round The Clock Makeup Setting Spray with Hyaluronic Acid | Long-Lasting, Hydrating & Oil Control | 100 ml",DE,263.00,515.48,96.00,73.00,50.00,454.99
415a4d1a-9a60-401e-9170-05dfe9e98832,"Swiss Beauty Round The Clock Makeup Setting Spray with Hyaluronic Acid | Long-Lasting, Hydrating & Oil Control | 100 ml",FR,263.00,515.48,96.00,73.00,50.00,454.99
415a4d1a-9a60-401e-9170-05dfe9e98832,"Swiss Beauty Round The Clock Makeup Setting Spray with Hyaluronic Acid | Long-Lasting, Hydrating & Oil Control | 100 ml",GB,263.00,515.48,96.00,73.00,50.00,454.99
415a4d1a-9a60-401e-9170-05dfe9e98832,"Swiss Beauty Round The Clock Makeup Setting Spray with Hyaluronic Acid | Long-Lasting, Hydrating & Oil Control | 100 ml",IE,263.00,528.63,101.00,78.00,55.00,468.14
415a4d1a-9a60-401e-9170-05dfe9e98832,"Swiss Beauty Round The Clock Makeup Setting Spray with Hyaluronic Acid | Long-Lasting, Hydrating & Oil Control | 100 ml",KE,263.00,515.48,96.00,73.00,50.00,454.99
415a4d1a-9a60-401e-9170-05dfe9e98832,"Swiss Beauty Round The Clock Makeup Setting Spray with Hyaluronic Acid | Long-Lasting, Hydrating & Oil Control | 100 ml",MT,263.00,515.48,96.00,73.00,50.00,454.99
415a4d1a-9a60-401e-9170-05dfe9e98832,"Swiss Beauty Round The Clock Makeup Setting Spray with Hyaluronic Acid | Long-Lasting, Hydrating & Oil Control | 100 ml",US,263.00,515.48,96.00,73.00,50.00,454.99
cae7c1ea-8373-47a5-98f8-bd05b578ce8a,Swiss Beauty Satin Comfort Lipstick - Pink Dusk,AL,240.00,470.40,96.00,73.00,50.00,415.20
cae7c1ea-8373-47a5-98f8-bd05b578ce8a,Swiss Beauty Satin Comfort Lipstick - Pink Dusk,CH,240.00,470.40,96.00,73.00,50.00,415.20
cae7c1ea-8373-47a5-98f8-bd05b578ce8a,Swiss Beauty Satin Comfort Lipstick - Pink Dusk,DE,240.00,470.40,96.00,73.00,50.00,415.20
cae7c1ea-8373-47a5-98f8-bd05b578ce8a,Swiss Beauty Satin Comfort Lipstick - Pink Dusk,FR,240.00,470.40,96.00,73.00,50.00,415.20
cae7c1ea-8373-47a5-98f8-bd05b578ce8a,Swiss Beauty Satin Comfort Lipstick - Pink Dusk,GB,240.00,470.40,96.00,73.00,50.00,415.20
cae7c1ea-8373-47a5-98f8-bd05b578ce8a,Swiss Beauty Satin Comfort Lipstick - Pink Dusk,IE,240.00,482.40,101.00,78.00,55.00,427.20
cae7c1ea-8373-47a5-98f8-bd05b578ce8a,Swiss Beauty Satin Comfort Lipstick - Pink Dusk,KE,240.00,470.40,96.00,73.00,50.00,415.20
cae7c1ea-8373-47a5-98f8-bd05b578ce8a,Swiss Beauty Satin Comfort Lipstick - Pink Dusk,MT,240.00,470.40,96.00,73.00,50.00,415.20
cae7c1ea-8373-47a5-98f8-bd05b578ce8a,Swiss Beauty Satin Comfort Lipstick - Pink Dusk,US,240.00,470.40,96.00,73.00,50.00,415.20
32a3331a-8756-4f67-ab00-affd1d1d3afa,"Swiss Beauty Select Game Changer Serum Lightweight Foundation | Golden Toffee, 35 gm",AL,479.00,938.84,96.00,73.00,50.00,828.67
32a3331a-8756-4f67-ab00-affd1d1d3afa,"Swiss Beauty Select Game Changer Serum Lightweight Foundation | Golden Toffee, 35 gm",CH,479.00,938.84,96.00,73.00,50.00,828.67
32a3331a-8756-4f67-ab00-affd1d1d3afa,"Swiss Beauty Select Game Changer Serum Lightweight Foundation | Golden Toffee, 35 gm",DE,479.00,938.84,96.00,73.00,50.00,828.67
32a3331a-8756-4f67-ab00-affd1d1d3afa,"Swiss Beauty Select Game Changer Serum Lightweight Foundation | Golden Toffee, 35 gm",FR,479.00,938.84,96.00,73.00,50.00,828.67
32a3331a-8756-4f67-ab00-affd1d1d3afa,"Swiss Beauty Select Game Changer Serum Lightweight Foundation | Golden Toffee, 35 gm",GB,479.00,938.84,96.00,73.00,50.00,828.67
32a3331a-8756-4f67-ab00-affd1d1d3afa,"Swiss Beauty Select Game Changer Serum Lightweight Foundation | Golden Toffee, 35 gm",IE,479.00,971.66,102.85,79.85,56.85,861.49
32a3331a-8756-4f67-ab00-affd1d1d3afa,"Swiss Beauty Select Game Changer Serum Lightweight Foundation | Golden Toffee, 35 gm",KE,479.00,938.84,96.00,73.00,50.00,828.67
32a3331a-8756-4f67-ab00-affd1d1d3afa,"Swiss Beauty Select Game Changer Serum Lightweight Foundation | Golden Toffee, 35 gm",MT,479.00,938.84,96.00,73.00,50.00,828.67
32a3331a-8756-4f67-ab00-affd1d1d3afa,"Swiss Beauty Select Game Changer Serum Lightweight Foundation | Golden Toffee, 35 gm",US,479.00,938.84,96.00,73.00,50.00,828.67
d380dd04-a3b9-4118-8a00-ffdf6fc5a7ba,Swiss Beauty Select High on Cover Liquid Concealer with No-Crease Formula | Matte Finish | Enriched with Vitamin E | 2.0 Medium | 5.5 ml,AL,279.00,546.84,96.00,73.00,50.00,482.67
d380dd04-a3b9-4118-8a00-ffdf6fc5a7ba,Swiss Beauty Select High on Cover Liquid Concealer with No-Crease Formula | Matte Finish | Enriched with Vitamin E | 2.0 Medium | 5.5 ml,CH,279.00,546.84,96.00,73.00,50.00,482.67
d380dd04-a3b9-4118-8a00-ffdf6fc5a7ba,Swiss Beauty Select High on Cover Liquid Concealer with No-Crease Formula | Matte Finish | Enriched with Vitamin E | 2.0 Medium | 5.5 ml,DE,279.00,546.84,96.00,73.00,50.00,482.67
d380dd04-a3b9-4118-8a00-ffdf6fc5a7ba,Swiss Beauty Select High on Cover Liquid Concealer with No-Crease Formula | Matte Finish | Enriched with Vitamin E | 2.0 Medium | 5.5 ml,FR,279.00,546.84,96.00,73.00,50.00,482.67
d380dd04-a3b9-4118-8a00-ffdf6fc5a7ba,Swiss Beauty Select High on Cover Liquid Concealer with No-Crease Formula | Matte Finish | Enriched with Vitamin E | 2.0 Medium | 5.5 ml,GB,279.00,546.84,96.00,73.00,50.00,482.67
d380dd04-a3b9-4118-8a00-ffdf6fc5a7ba,Swiss Beauty Select High on Cover Liquid Concealer with No-Crease Formula | Matte Finish | Enriched with Vitamin E | 2.0 Medium | 5.5 ml,IE,279.00,565.96,102.85,79.85,56.85,501.79
d380dd04-a3b9-4118-8a00-ffdf6fc5a7ba,Swiss Beauty Select High on Cover Liquid Concealer with No-Crease Formula | Matte Finish | Enriched with Vitamin E | 2.0 Medium | 5.5 ml,KE,279.00,546.84,96.00,73.00,50.00,482.67
d380dd04-a3b9-4118-8a00-ffdf6fc5a7ba,Swiss Beauty Select High on Cover Liquid Concealer with No-Crease Formula | Matte Finish | Enriched with Vitamin E | 2.0 Medium | 5.5 ml,MT,279.00,546.84,96.00,73.00,50.00,482.67
d380dd04-a3b9-4118-8a00-ffdf6fc5a7ba,Swiss Beauty Select High on Cover Liquid Concealer with No-Crease Formula | Matte Finish | Enriched with Vitamin E | 2.0 Medium | 5.5 ml,US,279.00,546.84,96.00,73.00,50.00,482.67
6ba33bb4-f09d-42c9-a184-10ba507e861a,Swiss Beauty Studio Finish Primer Matte & Poreless Transparent (30 ml),AL,279.00,546.84,96.00,73.00,50.00,482.67
6ba33bb4-f09d-42c9-a184-10ba507e861a,Swiss Beauty Studio Finish Primer Matte & Poreless Transparent (30 ml),CH,279.00,546.84,96.00,73.00,50.00,482.67
6ba33bb4-f09d-42c9-a184-10ba507e861a,Swiss Beauty Studio Finish Primer Matte & Poreless Transparent (30 ml),DE,279.00,546.84,96.00,73.00,50.00,482.67
6ba33bb4-f09d-42c9-a184-10ba507e861a,Swiss Beauty Studio Finish Primer Matte & Poreless Transparent (30 ml),FR,279.00,546.84,96.00,73.00,50.00,482.67
6ba33bb4-f09d-42c9-a184-10ba507e861a,Swiss Beauty Studio Finish Primer Matte & Poreless Transparent (30 ml),GB,279.00,546.84,96.00,73.00,50.00,482.67
6ba33bb4-f09d-42c9-a184-10ba507e861a,Swiss Beauty Studio Finish Primer Matte & Poreless Transparent (30 ml),IE,279.00,565.96,102.85,79.85,56.85,501.79
6ba33bb4-f09d-42c9-a184-10ba507e861a,Swiss Beauty Studio Finish Primer Matte & Poreless Transparent (30 ml),KE,279.00,546.84,96.00,73.00,50.00,482.67
6ba33bb4-f09d-42c9-a184-10ba507e861a,Swiss Beauty Studio Finish Primer Matte & Poreless Transparent (30 ml),MT,279.00,546.84,96.00,73.00,50.00,482.67
6ba33bb4-f09d-42c9-a184-10ba507e861a,Swiss Beauty Studio Finish Primer Matte & Poreless Transparent (30 ml),US,279.00,546.84,96.00,73.00,50.00,482.67
be9d8f5b-681a-4510-bbe4-34af6cc5ac42,Swiss Beauty Ultra Base Concealer Palette 3 (19 gm),AL,399.00,782.04,96.00,73.00,50.00,690.27
be9d8f5b-681a-4510-bbe4-34af6cc5ac42,Swiss Beauty Ultra Base Concealer Palette 3 (19 gm),CH,399.00,782.04,96.00,73.00,50.00,690.27
be9d8f5b-681a-4510-bbe4-34af6cc5ac42,Swiss Beauty Ultra Base Concealer Palette 3 (19 gm),DE,399.00,782.04,96.00,73.00,50.00,690.27
be9d8f5b-681a-4510-bbe4-34af6cc5ac42,Swiss Beauty Ultra Base Concealer Palette 3 (19 gm),FR,399.00,782.04,96.00,73.00,50.00,690.27
be9d8f5b-681a-4510-bbe4-34af6cc5ac42,Swiss Beauty Ultra Base Concealer Palette 3 (19 gm),GB,399.00,782.04,96.00,73.00,50.00,690.27
be9d8f5b-681a-4510-bbe4-34af6cc5ac42,Swiss Beauty Ultra Base Concealer Palette 3 (19 gm),IE,399.00,809.38,102.85,79.85,56.85,717.61
be9d8f5b-681a-4510-bbe4-34af6cc5ac42,Swiss Beauty Ultra Base Concealer Palette 3 (19 gm),KE,399.00,782.04,96.00,73.00,50.00,690.27
be9d8f5b-681a-4510-bbe4-34af6cc5ac42,Swiss Beauty Ultra Base Concealer Palette 3 (19 gm),MT,399.00,782.04,96.00,73.00,50.00,690.27
be9d8f5b-681a-4510-bbe4-34af6cc5ac42,Swiss Beauty Ultra Base Concealer Palette 3 (19 gm),US,399.00,782.04,96.00,73.00,50.00,690.27
43afbe72-32ed-480d-a7e3-6860f12d1d2a,"Talking Bird Toy with Cage for Kids – Recording & Repeating Sound, Musical Bird with Lights & Dancing Wings (Ages 3+)",IE,323.00,746.13,131.00,108.00,85.00,671.84
2ad0bda5-3802-4ca3-a003-174ee71e9d1e,Tender Flo Teething Finger Brush with Hygiene Case,AL,99.00,194.04,96.00,73.00,50.00,171.27
2ad0bda5-3802-4ca3-a003-174ee71e9d1e,Tender Flo Teething Finger Brush with Hygiene Case,CH,99.00,194.04,96.00,73.00,50.00,171.27
2ad0bda5-3802-4ca3-a003-174ee71e9d1e,Tender Flo Teething Finger Brush with Hygiene Case,DE,99.00,194.04,96.00,73.00,50.00,171.27
2ad0bda5-3802-4ca3-a003-174ee71e9d1e,Tender Flo Teething Finger Brush with Hygiene Case,FR,99.00,194.04,96.00,73.00,50.00,171.27
2ad0bda5-3802-4ca3-a003-174ee71e9d1e,Tender Flo Teething Finger Brush with Hygiene Case,GB,99.00,194.04,96.00,73.00,50.00,171.27
2ad0bda5-3802-4ca3-a003-174ee71e9d1e,Tender Flo Teething Finger Brush with Hygiene Case,IE,99.00,198.99,101.00,78.00,55.00,176.22
2ad0bda5-3802-4ca3-a003-174ee71e9d1e,Tender Flo Teething Finger Brush with Hygiene Case,KE,99.00,194.04,96.00,73.00,50.00,171.27
2ad0bda5-3802-4ca3-a003-174ee71e9d1e,Tender Flo Teething Finger Brush with Hygiene Case,MT,99.00,194.04,96.00,73.00,50.00,171.27
2ad0bda5-3802-4ca3-a003-174ee71e9d1e,Tender Flo Teething Finger Brush with Hygiene Case,US,99.00,194.04,96.00,73.00,50.00,171.27
3e4a6695-49f5-4157-b99e-b9a234e5cb74,Tender Flo Tinted Polypropylene Feeding Bottle (150 ml),AL,105.00,205.80,96.00,73.00,50.00,181.65
3e4a6695-49f5-4157-b99e-b9a234e5cb74,Tender Flo Tinted Polypropylene Feeding Bottle (150 ml),CH,105.00,205.80,96.00,73.00,50.00,181.65
3e4a6695-49f5-4157-b99e-b9a234e5cb74,Tender Flo Tinted Polypropylene Feeding Bottle (150 ml),DE,105.00,205.80,96.00,73.00,50.00,181.65
3e4a6695-49f5-4157-b99e-b9a234e5cb74,Tender Flo Tinted Polypropylene Feeding Bottle (150 ml),FR,105.00,205.80,96.00,73.00,50.00,181.65
3e4a6695-49f5-4157-b99e-b9a234e5cb74,Tender Flo Tinted Polypropylene Feeding Bottle (150 ml),GB,105.00,205.80,96.00,73.00,50.00,181.65
3e4a6695-49f5-4157-b99e-b9a234e5cb74,Tender Flo Tinted Polypropylene Feeding Bottle (150 ml),IE,105.00,211.05,101.00,78.00,55.00,186.90
3e4a6695-49f5-4157-b99e-b9a234e5cb74,Tender Flo Tinted Polypropylene Feeding Bottle (150 ml),KE,105.00,205.80,96.00,73.00,50.00,181.65
3e4a6695-49f5-4157-b99e-b9a234e5cb74,Tender Flo Tinted Polypropylene Feeding Bottle (150 ml),MT,105.00,205.80,96.00,73.00,50.00,181.65
3e4a6695-49f5-4157-b99e-b9a234e5cb74,Tender Flo Tinted Polypropylene Feeding Bottle (150 ml),US,105.00,205.80,96.00,73.00,50.00,181.65
9c2cf5e0-c2f3-492a-9c01-3f31b3f83b5c,Terminator Anti-Lice Comb (Peine Anti Piojos Liendres),AL,54.00,105.84,96.00,73.00,50.00,93.42
9c2cf5e0-c2f3-492a-9c01-3f31b3f83b5c,Terminator Anti-Lice Comb (Peine Anti Piojos Liendres),CH,54.00,105.84,96.00,73.00,50.00,93.42
9c2cf5e0-c2f3-492a-9c01-3f31b3f83b5c,Terminator Anti-Lice Comb (Peine Anti Piojos Liendres),DE,54.00,105.84,96.00,73.00,50.00,93.42
9c2cf5e0-c2f3-492a-9c01-3f31b3f83b5c,Terminator Anti-Lice Comb (Peine Anti Piojos Liendres),FR,54.00,105.84,96.00,73.00,50.00,93.42
9c2cf5e0-c2f3-492a-9c01-3f31b3f83b5c,Terminator Anti-Lice Comb (Peine Anti Piojos Liendres),GB,54.00,105.84,96.00,73.00,50.00,93.42
9c2cf5e0-c2f3-492a-9c01-3f31b3f83b5c,Terminator Anti-Lice Comb (Peine Anti Piojos Liendres),IE,54.00,108.54,101.00,78.00,55.00,96.12
9c2cf5e0-c2f3-492a-9c01-3f31b3f83b5c,Terminator Anti-Lice Comb (Peine Anti Piojos Liendres),KE,54.00,105.84,96.00,73.00,50.00,93.42
9c2cf5e0-c2f3-492a-9c01-3f31b3f83b5c,Terminator Anti-Lice Comb (Peine Anti Piojos Liendres),MT,54.00,105.84,96.00,73.00,50.00,93.42
9c2cf5e0-c2f3-492a-9c01-3f31b3f83b5c,Terminator Anti-Lice Comb (Peine Anti Piojos Liendres),US,54.00,105.84,96.00,73.00,50.00,93.42
53851265-f285-4606-b7df-15030aa32873,Texma Jasmine Floor Cleaner,AL,56.00,109.76,96.00,73.00,50.00,96.88
53851265-f285-4606-b7df-15030aa32873,Texma Jasmine Floor Cleaner,CH,56.00,109.76,96.00,73.00,50.00,96.88
53851265-f285-4606-b7df-15030aa32873,Texma Jasmine Floor Cleaner,DE,56.00,109.76,96.00,73.00,50.00,96.88
53851265-f285-4606-b7df-15030aa32873,Texma Jasmine Floor Cleaner,FR,56.00,109.76,96.00,73.00,50.00,96.88
53851265-f285-4606-b7df-15030aa32873,Texma Jasmine Floor Cleaner,GB,56.00,109.76,96.00,73.00,50.00,96.88
53851265-f285-4606-b7df-15030aa32873,Texma Jasmine Floor Cleaner,IE,56.00,112.56,101.00,78.00,55.00,99.68
53851265-f285-4606-b7df-15030aa32873,Texma Jasmine Floor Cleaner,KE,56.00,109.76,96.00,73.00,50.00,96.88
53851265-f285-4606-b7df-15030aa32873,Texma Jasmine Floor Cleaner,MT,56.00,109.76,96.00,73.00,50.00,96.88
53851265-f285-4606-b7df-15030aa32873,Texma Jasmine Floor Cleaner,US,56.00,109.76,96.00,73.00,50.00,96.88
feef8658-d495-41d8-9386-bcc39ec849ac,Tezzo Ambassador Jet black Sandal,AL,1399.00,2672.09,91.00,68.00,45.00,2350.32
feef8658-d495-41d8-9386-bcc39ec849ac,Tezzo Ambassador Jet black Sandal,CH,1399.00,2672.09,91.00,68.00,45.00,2350.32
feef8658-d495-41d8-9386-bcc39ec849ac,Tezzo Ambassador Jet black Sandal,DE,1399.00,2672.09,91.00,68.00,45.00,2350.32
feef8658-d495-41d8-9386-bcc39ec849ac,Tezzo Ambassador Jet black Sandal,FR,1399.00,2672.09,91.00,68.00,45.00,2350.32
feef8658-d495-41d8-9386-bcc39ec849ac,Tezzo Ambassador Jet black Sandal,GB,1399.00,2672.09,91.00,68.00,45.00,2350.32
feef8658-d495-41d8-9386-bcc39ec849ac,Tezzo Ambassador Jet black Sandal,IE,1399.00,2811.99,101.00,78.00,55.00,2490.22
feef8658-d495-41d8-9386-bcc39ec849ac,Tezzo Ambassador Jet black Sandal,KE,1399.00,2672.09,91.00,68.00,45.00,2350.32
feef8658-d495-41d8-9386-bcc39ec849ac,Tezzo Ambassador Jet black Sandal,MT,1399.00,2672.09,91.00,68.00,45.00,2350.32
feef8658-d495-41d8-9386-bcc39ec849ac,Tezzo Ambassador Jet black Sandal,US,1399.00,2672.09,91.00,68.00,45.00,2350.32
8504f8e5-7a0b-4d1f-9e9f-7ae9b327e54c,Tezzo Ambassador sandals Jet black,AL,1419.00,2710.29,91.00,68.00,45.00,2383.92
8504f8e5-7a0b-4d1f-9e9f-7ae9b327e54c,Tezzo Ambassador sandals Jet black,CH,1419.00,2710.29,91.00,68.00,45.00,2383.92
8504f8e5-7a0b-4d1f-9e9f-7ae9b327e54c,Tezzo Ambassador sandals Jet black,DE,1419.00,2710.29,91.00,68.00,45.00,2383.92
8504f8e5-7a0b-4d1f-9e9f-7ae9b327e54c,Tezzo Ambassador sandals Jet black,FR,1419.00,2710.29,91.00,68.00,45.00,2383.92
8504f8e5-7a0b-4d1f-9e9f-7ae9b327e54c,Tezzo Ambassador sandals Jet black,GB,1419.00,2710.29,91.00,68.00,45.00,2383.92
8504f8e5-7a0b-4d1f-9e9f-7ae9b327e54c,Tezzo Ambassador sandals Jet black,IE,1419.00,2852.19,101.00,78.00,55.00,2525.82
8504f8e5-7a0b-4d1f-9e9f-7ae9b327e54c,Tezzo Ambassador sandals Jet black,KE,1419.00,2710.29,91.00,68.00,45.00,2383.92
8504f8e5-7a0b-4d1f-9e9f-7ae9b327e54c,Tezzo Ambassador sandals Jet black,MT,1419.00,2710.29,91.00,68.00,45.00,2383.92
8504f8e5-7a0b-4d1f-9e9f-7ae9b327e54c,Tezzo Ambassador sandals Jet black,US,1419.00,2710.29,91.00,68.00,45.00,2383.92
f462f433-ca4f-4b63-9713-e17219677545,Tezzo Dual Velcro Strap Sandals,AL,1379.00,2633.89,91.00,68.00,45.00,2316.72
f462f433-ca4f-4b63-9713-e17219677545,Tezzo Dual Velcro Strap Sandals,CH,1379.00,2633.89,91.00,68.00,45.00,2316.72
f462f433-ca4f-4b63-9713-e17219677545,Tezzo Dual Velcro Strap Sandals,DE,1379.00,2633.89,91.00,68.00,45.00,2316.72
f462f433-ca4f-4b63-9713-e17219677545,Tezzo Dual Velcro Strap Sandals,FR,1379.00,2633.89,91.00,68.00,45.00,2316.72
f462f433-ca4f-4b63-9713-e17219677545,Tezzo Dual Velcro Strap Sandals,GB,1379.00,2633.89,91.00,68.00,45.00,2316.72
f462f433-ca4f-4b63-9713-e17219677545,Tezzo Dual Velcro Strap Sandals,IE,1379.00,2771.79,101.00,78.00,55.00,2454.62
f462f433-ca4f-4b63-9713-e17219677545,Tezzo Dual Velcro Strap Sandals,KE,1379.00,2633.89,91.00,68.00,45.00,2316.72
f462f433-ca4f-4b63-9713-e17219677545,Tezzo Dual Velcro Strap Sandals,MT,1379.00,2633.89,91.00,68.00,45.00,2316.72
f462f433-ca4f-4b63-9713-e17219677545,Tezzo Dual Velcro Strap Sandals,US,1379.00,2633.89,91.00,68.00,45.00,2316.72
07cedb01-43a1-4ae7-b4d0-02a076ad96dc,Tezzo Komodo Army Green Sandals,AL,1299.00,2481.09,91.00,68.00,45.00,2182.32
07cedb01-43a1-4ae7-b4d0-02a076ad96dc,Tezzo Komodo Army Green Sandals,CH,1299.00,2481.09,91.00,68.00,45.00,2182.32
07cedb01-43a1-4ae7-b4d0-02a076ad96dc,Tezzo Komodo Army Green Sandals,DE,1299.00,2481.09,91.00,68.00,45.00,2182.32
07cedb01-43a1-4ae7-b4d0-02a076ad96dc,Tezzo Komodo Army Green Sandals,FR,1299.00,2481.09,91.00,68.00,45.00,2182.32
07cedb01-43a1-4ae7-b4d0-02a076ad96dc,Tezzo Komodo Army Green Sandals,GB,1299.00,2481.09,91.00,68.00,45.00,2182.32
07cedb01-43a1-4ae7-b4d0-02a076ad96dc,Tezzo Komodo Army Green Sandals,IE,1299.00,2610.99,101.00,78.00,55.00,2312.22
07cedb01-43a1-4ae7-b4d0-02a076ad96dc,Tezzo Komodo Army Green Sandals,KE,1299.00,2481.09,91.00,68.00,45.00,2182.32
07cedb01-43a1-4ae7-b4d0-02a076ad96dc,Tezzo Komodo Army Green Sandals,MT,1299.00,2481.09,91.00,68.00,45.00,2182.32
07cedb01-43a1-4ae7-b4d0-02a076ad96dc,Tezzo Komodo Army Green Sandals,US,1299.00,2481.09,91.00,68.00,45.00,2182.32
193a3414-bf29-46df-8ff1-9b64fc9e4c12,Tezzo Tegu Sepia Brown Sandals,AL,1319.00,2519.29,91.00,68.00,45.00,2215.92
193a3414-bf29-46df-8ff1-9b64fc9e4c12,Tezzo Tegu Sepia Brown Sandals,CH,1319.00,2519.29,91.00,68.00,45.00,2215.92
193a3414-bf29-46df-8ff1-9b64fc9e4c12,Tezzo Tegu Sepia Brown Sandals,DE,1319.00,2519.29,91.00,68.00,45.00,2215.92
193a3414-bf29-46df-8ff1-9b64fc9e4c12,Tezzo Tegu Sepia Brown Sandals,FR,1319.00,2519.29,91.00,68.00,45.00,2215.92
193a3414-bf29-46df-8ff1-9b64fc9e4c12,Tezzo Tegu Sepia Brown Sandals,GB,1319.00,2519.29,91.00,68.00,45.00,2215.92
193a3414-bf29-46df-8ff1-9b64fc9e4c12,Tezzo Tegu Sepia Brown Sandals,IE,1319.00,2651.19,101.00,78.00,55.00,2347.82
193a3414-bf29-46df-8ff1-9b64fc9e4c12,Tezzo Tegu Sepia Brown Sandals,KE,1319.00,2519.29,91.00,68.00,45.00,2215.92
193a3414-bf29-46df-8ff1-9b64fc9e4c12,Tezzo Tegu Sepia Brown Sandals,MT,1319.00,2519.29,91.00,68.00,45.00,2215.92
193a3414-bf29-46df-8ff1-9b64fc9e4c12,Tezzo Tegu Sepia Brown Sandals,US,1319.00,2519.29,91.00,68.00,45.00,2215.92
e183b2b5-d093-4df6-bee1-6983ed11ed36,Top with embroidery,AL,799.00,1605.99,101.00,78.00,55.00,1422.22
e183b2b5-d093-4df6-bee1-6983ed11ed36,Top with embroidery,CH,799.00,1605.99,101.00,78.00,55.00,1422.22
e183b2b5-d093-4df6-bee1-6983ed11ed36,Top with embroidery,DE,799.00,1605.99,101.00,78.00,55.00,1422.22
e183b2b5-d093-4df6-bee1-6983ed11ed36,Top with embroidery,FR,799.00,1685.89,111.00,88.00,65.00,1502.12
e183b2b5-d093-4df6-bee1-6983ed11ed36,Top with embroidery,GB,799.00,1645.94,106.00,83.00,60.00,1462.17
e183b2b5-d093-4df6-bee1-6983ed11ed36,Top with embroidery,IE,799.00,1605.99,101.00,78.00,55.00,1422.22
e183b2b5-d093-4df6-bee1-6983ed11ed36,Top with embroidery,KE,799.00,1605.99,101.00,78.00,55.00,1422.22
e183b2b5-d093-4df6-bee1-6983ed11ed36,Top with embroidery,MT,799.00,1741.82,118.00,95.00,72.00,1558.05
e183b2b5-d093-4df6-bee1-6983ed11ed36,Top with embroidery,US,799.00,1685.89,111.00,88.00,65.00,1502.12
de8b29f4-c2e6-4f50-b8da-0e4cd58419ce,Toy Music Keyboard for Kids,AL,293.00,574.28,96.00,73.00,50.00,506.89
de8b29f4-c2e6-4f50-b8da-0e4cd58419ce,Toy Music Keyboard for Kids,CH,293.00,574.28,96.00,73.00,50.00,506.89
de8b29f4-c2e6-4f50-b8da-0e4cd58419ce,Toy Music Keyboard for Kids,DE,293.00,574.28,96.00,73.00,50.00,506.89
de8b29f4-c2e6-4f50-b8da-0e4cd58419ce,Toy Music Keyboard for Kids,FR,293.00,574.28,96.00,73.00,50.00,506.89
de8b29f4-c2e6-4f50-b8da-0e4cd58419ce,Toy Music Keyboard for Kids,GB,293.00,574.28,96.00,73.00,50.00,506.89
de8b29f4-c2e6-4f50-b8da-0e4cd58419ce,Toy Music Keyboard for Kids,IE,293.00,588.93,101.00,78.00,55.00,521.54
de8b29f4-c2e6-4f50-b8da-0e4cd58419ce,Toy Music Keyboard for Kids,KE,293.00,574.28,96.00,73.00,50.00,506.89
de8b29f4-c2e6-4f50-b8da-0e4cd58419ce,Toy Music Keyboard for Kids,MT,293.00,574.28,96.00,73.00,50.00,506.89
de8b29f4-c2e6-4f50-b8da-0e4cd58419ce,Toy Music Keyboard for Kids,US,293.00,574.28,96.00,73.00,50.00,506.89
b69f9ff0-5754-4326-a89f-c890fb33ac3f,Toy Revolver Gun with Light & Sound,IE,363.00,838.53,131.00,108.00,85.00,755.04
8cf605a7-d3e3-4472-8a3e-ac6769d7c6d2,Traditional Chandbali Jhumka Earrings with Blue Stone & Beads,AL,329.00,644.84,96.00,73.00,50.00,569.17
8cf605a7-d3e3-4472-8a3e-ac6769d7c6d2,Traditional Chandbali Jhumka Earrings with Blue Stone & Beads,CH,329.00,644.84,96.00,73.00,50.00,569.17
8cf605a7-d3e3-4472-8a3e-ac6769d7c6d2,Traditional Chandbali Jhumka Earrings with Blue Stone & Beads,DE,329.00,644.84,96.00,73.00,50.00,569.17
8cf605a7-d3e3-4472-8a3e-ac6769d7c6d2,Traditional Chandbali Jhumka Earrings with Blue Stone & Beads,FR,329.00,644.84,96.00,73.00,50.00,569.17
8cf605a7-d3e3-4472-8a3e-ac6769d7c6d2,Traditional Chandbali Jhumka Earrings with Blue Stone & Beads,GB,329.00,644.84,96.00,73.00,50.00,569.17
8cf605a7-d3e3-4472-8a3e-ac6769d7c6d2,Traditional Chandbali Jhumka Earrings with Blue Stone & Beads,IE,329.00,661.29,101.00,78.00,55.00,585.62
8cf605a7-d3e3-4472-8a3e-ac6769d7c6d2,Traditional Chandbali Jhumka Earrings with Blue Stone & Beads,KE,329.00,644.84,96.00,73.00,50.00,569.17
8cf605a7-d3e3-4472-8a3e-ac6769d7c6d2,Traditional Chandbali Jhumka Earrings with Blue Stone & Beads,MT,329.00,644.84,96.00,73.00,50.00,569.17
8cf605a7-d3e3-4472-8a3e-ac6769d7c6d2,Traditional Chandbali Jhumka Earrings with Blue Stone & Beads,US,329.00,644.84,96.00,73.00,50.00,569.17
f25b920a-7c24-4255-9395-9acfcacd2315,Traditional Green Stone Chandbali Earrings for Women | Ethnic Beaded Drop Earrings,AL,359.00,703.64,96.00,73.00,50.00,621.07
f25b920a-7c24-4255-9395-9acfcacd2315,Traditional Green Stone Chandbali Earrings for Women | Ethnic Beaded Drop Earrings,CH,359.00,703.64,96.00,73.00,50.00,621.07
f25b920a-7c24-4255-9395-9acfcacd2315,Traditional Green Stone Chandbali Earrings for Women | Ethnic Beaded Drop Earrings,DE,359.00,703.64,96.00,73.00,50.00,621.07
f25b920a-7c24-4255-9395-9acfcacd2315,Traditional Green Stone Chandbali Earrings for Women | Ethnic Beaded Drop Earrings,FR,359.00,703.64,96.00,73.00,50.00,621.07
f25b920a-7c24-4255-9395-9acfcacd2315,Traditional Green Stone Chandbali Earrings for Women | Ethnic Beaded Drop Earrings,GB,359.00,703.64,96.00,73.00,50.00,621.07
f25b920a-7c24-4255-9395-9acfcacd2315,Traditional Green Stone Chandbali Earrings for Women | Ethnic Beaded Drop Earrings,IE,359.00,721.59,101.00,78.00,55.00,639.02
f25b920a-7c24-4255-9395-9acfcacd2315,Traditional Green Stone Chandbali Earrings for Women | Ethnic Beaded Drop Earrings,KE,359.00,703.64,96.00,73.00,50.00,621.07
f25b920a-7c24-4255-9395-9acfcacd2315,Traditional Green Stone Chandbali Earrings for Women | Ethnic Beaded Drop Earrings,MT,359.00,703.64,96.00,73.00,50.00,621.07
f25b920a-7c24-4255-9395-9acfcacd2315,Traditional Green Stone Chandbali Earrings for Women | Ethnic Beaded Drop Earrings,US,359.00,703.64,96.00,73.00,50.00,621.07
1170ec3a-5ad5-4a7b-a0d9-6b92aeec4b87,TRENDY LOOK   SMALL BLENDING BRUSH,AL,80.00,156.80,96.00,73.00,50.00,138.40
1170ec3a-5ad5-4a7b-a0d9-6b92aeec4b87,TRENDY LOOK   SMALL BLENDING BRUSH,CH,80.00,156.80,96.00,73.00,50.00,138.40
1170ec3a-5ad5-4a7b-a0d9-6b92aeec4b87,TRENDY LOOK   SMALL BLENDING BRUSH,DE,80.00,156.80,96.00,73.00,50.00,138.40
1170ec3a-5ad5-4a7b-a0d9-6b92aeec4b87,TRENDY LOOK   SMALL BLENDING BRUSH,FR,80.00,156.80,96.00,73.00,50.00,138.40
1170ec3a-5ad5-4a7b-a0d9-6b92aeec4b87,TRENDY LOOK   SMALL BLENDING BRUSH,GB,80.00,156.80,96.00,73.00,50.00,138.40
1170ec3a-5ad5-4a7b-a0d9-6b92aeec4b87,TRENDY LOOK   SMALL BLENDING BRUSH,IE,80.00,160.80,101.00,78.00,55.00,142.40
1170ec3a-5ad5-4a7b-a0d9-6b92aeec4b87,TRENDY LOOK   SMALL BLENDING BRUSH,KE,80.00,156.80,96.00,73.00,50.00,138.40
1170ec3a-5ad5-4a7b-a0d9-6b92aeec4b87,TRENDY LOOK   SMALL BLENDING BRUSH,MT,80.00,156.80,96.00,73.00,50.00,138.40
1170ec3a-5ad5-4a7b-a0d9-6b92aeec4b87,TRENDY LOOK   SMALL BLENDING BRUSH,US,80.00,156.80,96.00,73.00,50.00,138.40
f9915f76-6235-4c1b-a490-1963757ac297,TRENDY LOOK BRUSH,AL,77.00,150.92,96.00,73.00,50.00,133.21
f9915f76-6235-4c1b-a490-1963757ac297,TRENDY LOOK BRUSH,CH,77.00,150.92,96.00,73.00,50.00,133.21
f9915f76-6235-4c1b-a490-1963757ac297,TRENDY LOOK BRUSH,DE,77.00,150.92,96.00,73.00,50.00,133.21
f9915f76-6235-4c1b-a490-1963757ac297,TRENDY LOOK BRUSH,FR,77.00,150.92,96.00,73.00,50.00,133.21
f9915f76-6235-4c1b-a490-1963757ac297,TRENDY LOOK BRUSH,GB,77.00,150.92,96.00,73.00,50.00,133.21
f9915f76-6235-4c1b-a490-1963757ac297,TRENDY LOOK BRUSH,IE,77.00,154.77,101.00,78.00,55.00,137.06
f9915f76-6235-4c1b-a490-1963757ac297,TRENDY LOOK BRUSH,KE,77.00,150.92,96.00,73.00,50.00,133.21
f9915f76-6235-4c1b-a490-1963757ac297,TRENDY LOOK BRUSH,MT,77.00,150.92,96.00,73.00,50.00,133.21
f9915f76-6235-4c1b-a490-1963757ac297,TRENDY LOOK BRUSH,US,77.00,150.92,96.00,73.00,50.00,133.21
6718ad12-d785-4e3b-841d-17acda0a518d,TRESemmé Gloss Ultimate Hair Serum (25 ml),AL,123.00,241.08,96.00,73.00,50.00,212.79
6718ad12-d785-4e3b-841d-17acda0a518d,TRESemmé Gloss Ultimate Hair Serum (25 ml),CH,123.00,241.08,96.00,73.00,50.00,212.79
6718ad12-d785-4e3b-841d-17acda0a518d,TRESemmé Gloss Ultimate Hair Serum (25 ml),DE,123.00,241.08,96.00,73.00,50.00,212.79
6718ad12-d785-4e3b-841d-17acda0a518d,TRESemmé Gloss Ultimate Hair Serum (25 ml),FR,123.00,241.08,96.00,73.00,50.00,212.79
6718ad12-d785-4e3b-841d-17acda0a518d,TRESemmé Gloss Ultimate Hair Serum (25 ml),GB,123.00,241.08,96.00,73.00,50.00,212.79
6718ad12-d785-4e3b-841d-17acda0a518d,TRESemmé Gloss Ultimate Hair Serum (25 ml),IE,123.00,247.23,101.00,78.00,55.00,218.94
6718ad12-d785-4e3b-841d-17acda0a518d,TRESemmé Gloss Ultimate Hair Serum (25 ml),KE,123.00,241.08,96.00,73.00,50.00,212.79
6718ad12-d785-4e3b-841d-17acda0a518d,TRESemmé Gloss Ultimate Hair Serum (25 ml),MT,123.00,241.08,96.00,73.00,50.00,212.79
6718ad12-d785-4e3b-841d-17acda0a518d,TRESemmé Gloss Ultimate Hair Serum (25 ml),US,123.00,241.08,96.00,73.00,50.00,212.79
44597e9b-2138-4bec-998d-825e6f7259d7,"TRESemmé Keratin Smooth Hair Serum (50 ml) | With Argan Oil | Anti-Frizz, Smooth & Shiny Hair | Professional Finish",AL,216.00,423.36,96.00,73.00,50.00,373.68
44597e9b-2138-4bec-998d-825e6f7259d7,"TRESemmé Keratin Smooth Hair Serum (50 ml) | With Argan Oil | Anti-Frizz, Smooth & Shiny Hair | Professional Finish",CH,216.00,423.36,96.00,73.00,50.00,373.68
44597e9b-2138-4bec-998d-825e6f7259d7,"TRESemmé Keratin Smooth Hair Serum (50 ml) | With Argan Oil | Anti-Frizz, Smooth & Shiny Hair | Professional Finish",DE,216.00,423.36,96.00,73.00,50.00,373.68
44597e9b-2138-4bec-998d-825e6f7259d7,"TRESemmé Keratin Smooth Hair Serum (50 ml) | With Argan Oil | Anti-Frizz, Smooth & Shiny Hair | Professional Finish",FR,216.00,423.36,96.00,73.00,50.00,373.68
44597e9b-2138-4bec-998d-825e6f7259d7,"TRESemmé Keratin Smooth Hair Serum (50 ml) | With Argan Oil | Anti-Frizz, Smooth & Shiny Hair | Professional Finish",GB,216.00,423.36,96.00,73.00,50.00,373.68
44597e9b-2138-4bec-998d-825e6f7259d7,"TRESemmé Keratin Smooth Hair Serum (50 ml) | With Argan Oil | Anti-Frizz, Smooth & Shiny Hair | Professional Finish",IE,216.00,434.16,101.00,78.00,55.00,384.48
44597e9b-2138-4bec-998d-825e6f7259d7,"TRESemmé Keratin Smooth Hair Serum (50 ml) | With Argan Oil | Anti-Frizz, Smooth & Shiny Hair | Professional Finish",KE,216.00,423.36,96.00,73.00,50.00,373.68
44597e9b-2138-4bec-998d-825e6f7259d7,"TRESemmé Keratin Smooth Hair Serum (50 ml) | With Argan Oil | Anti-Frizz, Smooth & Shiny Hair | Professional Finish",MT,216.00,423.36,96.00,73.00,50.00,373.68
44597e9b-2138-4bec-998d-825e6f7259d7,"TRESemmé Keratin Smooth Hair Serum (50 ml) | With Argan Oil | Anti-Frizz, Smooth & Shiny Hair | Professional Finish",US,216.00,423.36,96.00,73.00,50.00,373.68
e44e66f2-c50a-46ca-869f-dd5b6b379ebc,Ujala Crisp & Shine Floral Fusion After-Wash Fabric Enhancer | Long-Lasting Fragrance | Crisp Finish for Clothes,AL,283.00,554.68,96.00,73.00,50.00,489.59
e44e66f2-c50a-46ca-869f-dd5b6b379ebc,Ujala Crisp & Shine Floral Fusion After-Wash Fabric Enhancer | Long-Lasting Fragrance | Crisp Finish for Clothes,CH,283.00,554.68,96.00,73.00,50.00,489.59
e44e66f2-c50a-46ca-869f-dd5b6b379ebc,Ujala Crisp & Shine Floral Fusion After-Wash Fabric Enhancer | Long-Lasting Fragrance | Crisp Finish for Clothes,DE,283.00,554.68,96.00,73.00,50.00,489.59
e44e66f2-c50a-46ca-869f-dd5b6b379ebc,Ujala Crisp & Shine Floral Fusion After-Wash Fabric Enhancer | Long-Lasting Fragrance | Crisp Finish for Clothes,FR,283.00,554.68,96.00,73.00,50.00,489.59
e44e66f2-c50a-46ca-869f-dd5b6b379ebc,Ujala Crisp & Shine Floral Fusion After-Wash Fabric Enhancer | Long-Lasting Fragrance | Crisp Finish for Clothes,GB,283.00,554.68,96.00,73.00,50.00,489.59
e44e66f2-c50a-46ca-869f-dd5b6b379ebc,Ujala Crisp & Shine Floral Fusion After-Wash Fabric Enhancer | Long-Lasting Fragrance | Crisp Finish for Clothes,IE,283.00,574.07,102.85,79.85,56.85,508.98
e44e66f2-c50a-46ca-869f-dd5b6b379ebc,Ujala Crisp & Shine Floral Fusion After-Wash Fabric Enhancer | Long-Lasting Fragrance | Crisp Finish for Clothes,KE,283.00,554.68,96.00,73.00,50.00,489.59
e44e66f2-c50a-46ca-869f-dd5b6b379ebc,Ujala Crisp & Shine Floral Fusion After-Wash Fabric Enhancer | Long-Lasting Fragrance | Crisp Finish for Clothes,MT,283.00,554.68,96.00,73.00,50.00,489.59
e44e66f2-c50a-46ca-869f-dd5b6b379ebc,Ujala Crisp & Shine Floral Fusion After-Wash Fabric Enhancer | Long-Lasting Fragrance | Crisp Finish for Clothes,US,283.00,554.68,96.00,73.00,50.00,489.59
bb19eb88-7ea9-4896-a2ab-a84f7885b43b,Ujala Liquid Detergent Front Load 1L Value Pack | Instant Dirt Dissolver | 99.9% Germ Protection,AL,109.00,213.64,96.00,73.00,50.00,188.57
bb19eb88-7ea9-4896-a2ab-a84f7885b43b,Ujala Liquid Detergent Front Load 1L Value Pack | Instant Dirt Dissolver | 99.9% Germ Protection,CH,109.00,213.64,96.00,73.00,50.00,188.57
bb19eb88-7ea9-4896-a2ab-a84f7885b43b,Ujala Liquid Detergent Front Load 1L Value Pack | Instant Dirt Dissolver | 99.9% Germ Protection,DE,109.00,213.64,96.00,73.00,50.00,188.57
bb19eb88-7ea9-4896-a2ab-a84f7885b43b,Ujala Liquid Detergent Front Load 1L Value Pack | Instant Dirt Dissolver | 99.9% Germ Protection,FR,109.00,213.64,96.00,73.00,50.00,188.57
bb19eb88-7ea9-4896-a2ab-a84f7885b43b,Ujala Liquid Detergent Front Load 1L Value Pack | Instant Dirt Dissolver | 99.9% Germ Protection,GB,109.00,213.64,96.00,73.00,50.00,188.57
bb19eb88-7ea9-4896-a2ab-a84f7885b43b,Ujala Liquid Detergent Front Load 1L Value Pack | Instant Dirt Dissolver | 99.9% Germ Protection,IE,109.00,221.11,102.85,79.85,56.85,196.04
bb19eb88-7ea9-4896-a2ab-a84f7885b43b,Ujala Liquid Detergent Front Load 1L Value Pack | Instant Dirt Dissolver | 99.9% Germ Protection,KE,109.00,213.64,96.00,73.00,50.00,188.57
bb19eb88-7ea9-4896-a2ab-a84f7885b43b,Ujala Liquid Detergent Front Load 1L Value Pack | Instant Dirt Dissolver | 99.9% Germ Protection,MT,109.00,213.64,96.00,73.00,50.00,188.57
bb19eb88-7ea9-4896-a2ab-a84f7885b43b,Ujala Liquid Detergent Front Load 1L Value Pack | Instant Dirt Dissolver | 99.9% Germ Protection,US,109.00,213.64,96.00,73.00,50.00,188.57
3b5c632e-3db0-4935-b232-4db0547d179a,Ujala Liquid Detergent Top Load / Bucket Wash 1L Value Pack | Instant Dirt Dissolver | 99.9% Germ Protection,AL,104.00,203.84,96.00,73.00,50.00,179.92
3b5c632e-3db0-4935-b232-4db0547d179a,Ujala Liquid Detergent Top Load / Bucket Wash 1L Value Pack | Instant Dirt Dissolver | 99.9% Germ Protection,CH,104.00,203.84,96.00,73.00,50.00,179.92
3b5c632e-3db0-4935-b232-4db0547d179a,Ujala Liquid Detergent Top Load / Bucket Wash 1L Value Pack | Instant Dirt Dissolver | 99.9% Germ Protection,DE,104.00,203.84,96.00,73.00,50.00,179.92
3b5c632e-3db0-4935-b232-4db0547d179a,Ujala Liquid Detergent Top Load / Bucket Wash 1L Value Pack | Instant Dirt Dissolver | 99.9% Germ Protection,FR,104.00,203.84,96.00,73.00,50.00,179.92
3b5c632e-3db0-4935-b232-4db0547d179a,Ujala Liquid Detergent Top Load / Bucket Wash 1L Value Pack | Instant Dirt Dissolver | 99.9% Germ Protection,GB,104.00,203.84,96.00,73.00,50.00,179.92
3b5c632e-3db0-4935-b232-4db0547d179a,Ujala Liquid Detergent Top Load / Bucket Wash 1L Value Pack | Instant Dirt Dissolver | 99.9% Germ Protection,IE,104.00,210.97,102.86,79.86,56.86,187.05
3b5c632e-3db0-4935-b232-4db0547d179a,Ujala Liquid Detergent Top Load / Bucket Wash 1L Value Pack | Instant Dirt Dissolver | 99.9% Germ Protection,KE,104.00,203.84,96.00,73.00,50.00,179.92
3b5c632e-3db0-4935-b232-4db0547d179a,Ujala Liquid Detergent Top Load / Bucket Wash 1L Value Pack | Instant Dirt Dissolver | 99.9% Germ Protection,MT,104.00,203.84,96.00,73.00,50.00,179.92
3b5c632e-3db0-4935-b232-4db0547d179a,Ujala Liquid Detergent Top Load / Bucket Wash 1L Value Pack | Instant Dirt Dissolver | 99.9% Germ Protection,US,104.00,203.84,96.00,73.00,50.00,179.92
31148704-9630-4a71-8bec-60f34ad75a66,V star panty for women shorts type,IE,520.00,993.20,91.00,68.00,45.00,873.60
705b9754-f387-4e7a-917d-9efa37ba99b8,"V-star panty-MVP06 COTTON LYCRA(80) ,pack of three",AL,649.00,1336.94,106.00,83.00,60.00,1187.67
705b9754-f387-4e7a-917d-9efa37ba99b8,"V-star panty-MVP06 COTTON LYCRA(80) ,pack of three",CH,649.00,1336.94,106.00,83.00,60.00,1187.67
705b9754-f387-4e7a-917d-9efa37ba99b8,"V-star panty-MVP06 COTTON LYCRA(80) ,pack of three",DE,649.00,1336.94,106.00,83.00,60.00,1187.67
705b9754-f387-4e7a-917d-9efa37ba99b8,"V-star panty-MVP06 COTTON LYCRA(80) ,pack of three",FR,649.00,1336.94,106.00,83.00,60.00,1187.67
705b9754-f387-4e7a-917d-9efa37ba99b8,"V-star panty-MVP06 COTTON LYCRA(80) ,pack of three",GB,649.00,1336.94,106.00,83.00,60.00,1187.67
705b9754-f387-4e7a-917d-9efa37ba99b8,"V-star panty-MVP06 COTTON LYCRA(80) ,pack of three",IE,649.00,1369.39,111.00,88.00,65.00,1220.12
705b9754-f387-4e7a-917d-9efa37ba99b8,"V-star panty-MVP06 COTTON LYCRA(80) ,pack of three",KE,649.00,1336.94,106.00,83.00,60.00,1187.67
705b9754-f387-4e7a-917d-9efa37ba99b8,"V-star panty-MVP06 COTTON LYCRA(80) ,pack of three",MT,649.00,1336.94,106.00,83.00,60.00,1187.67
705b9754-f387-4e7a-917d-9efa37ba99b8,"V-star panty-MVP06 COTTON LYCRA(80) ,pack of three",US,649.00,1336.94,106.00,83.00,60.00,1187.67
c1a7b3e4-e7d2-4adb-9444-51f33387cb80,VASELINE CLOUD SOFT LIGHT MOISTURISER,AL,50.00,98.00,96.00,73.00,50.00,86.50
c1a7b3e4-e7d2-4adb-9444-51f33387cb80,VASELINE CLOUD SOFT LIGHT MOISTURISER,CH,50.00,98.00,96.00,73.00,50.00,86.50
c1a7b3e4-e7d2-4adb-9444-51f33387cb80,VASELINE CLOUD SOFT LIGHT MOISTURISER,DE,50.00,98.00,96.00,73.00,50.00,86.50
c1a7b3e4-e7d2-4adb-9444-51f33387cb80,VASELINE CLOUD SOFT LIGHT MOISTURISER,FR,50.00,98.00,96.00,73.00,50.00,86.50
c1a7b3e4-e7d2-4adb-9444-51f33387cb80,VASELINE CLOUD SOFT LIGHT MOISTURISER,GB,50.00,98.00,96.00,73.00,50.00,86.50
c1a7b3e4-e7d2-4adb-9444-51f33387cb80,VASELINE CLOUD SOFT LIGHT MOISTURISER,IE,50.00,100.50,101.00,78.00,55.00,89.00
c1a7b3e4-e7d2-4adb-9444-51f33387cb80,VASELINE CLOUD SOFT LIGHT MOISTURISER,KE,50.00,98.00,96.00,73.00,50.00,86.50
c1a7b3e4-e7d2-4adb-9444-51f33387cb80,VASELINE CLOUD SOFT LIGHT MOISTURISER,MT,50.00,98.00,96.00,73.00,50.00,86.50
c1a7b3e4-e7d2-4adb-9444-51f33387cb80,VASELINE CLOUD SOFT LIGHT MOISTURISER,US,50.00,98.00,96.00,73.00,50.00,86.50
92f6a05a-d36e-4b1f-844c-889afd23002b,Vaseline Derma Care Advanced Repair Body Lotion 90ml | Non-Greasy | With Barrier Repair Complex | Restores Very Dry Skin | Daily Moisturizer,AL,154.00,301.84,96.00,73.00,50.00,266.42
92f6a05a-d36e-4b1f-844c-889afd23002b,Vaseline Derma Care Advanced Repair Body Lotion 90ml | Non-Greasy | With Barrier Repair Complex | Restores Very Dry Skin | Daily Moisturizer,CH,154.00,301.84,96.00,73.00,50.00,266.42
92f6a05a-d36e-4b1f-844c-889afd23002b,Vaseline Derma Care Advanced Repair Body Lotion 90ml | Non-Greasy | With Barrier Repair Complex | Restores Very Dry Skin | Daily Moisturizer,DE,154.00,301.84,96.00,73.00,50.00,266.42
92f6a05a-d36e-4b1f-844c-889afd23002b,Vaseline Derma Care Advanced Repair Body Lotion 90ml | Non-Greasy | With Barrier Repair Complex | Restores Very Dry Skin | Daily Moisturizer,FR,154.00,301.84,96.00,73.00,50.00,266.42
92f6a05a-d36e-4b1f-844c-889afd23002b,Vaseline Derma Care Advanced Repair Body Lotion 90ml | Non-Greasy | With Barrier Repair Complex | Restores Very Dry Skin | Daily Moisturizer,GB,154.00,301.84,96.00,73.00,50.00,266.42
92f6a05a-d36e-4b1f-844c-889afd23002b,Vaseline Derma Care Advanced Repair Body Lotion 90ml | Non-Greasy | With Barrier Repair Complex | Restores Very Dry Skin | Daily Moisturizer,IE,154.00,309.54,101.00,78.00,55.00,274.12
92f6a05a-d36e-4b1f-844c-889afd23002b,Vaseline Derma Care Advanced Repair Body Lotion 90ml | Non-Greasy | With Barrier Repair Complex | Restores Very Dry Skin | Daily Moisturizer,KE,154.00,301.84,96.00,73.00,50.00,266.42
92f6a05a-d36e-4b1f-844c-889afd23002b,Vaseline Derma Care Advanced Repair Body Lotion 90ml | Non-Greasy | With Barrier Repair Complex | Restores Very Dry Skin | Daily Moisturizer,MT,154.00,301.84,96.00,73.00,50.00,266.42
92f6a05a-d36e-4b1f-844c-889afd23002b,Vaseline Derma Care Advanced Repair Body Lotion 90ml | Non-Greasy | With Barrier Repair Complex | Restores Very Dry Skin | Daily Moisturizer,US,154.00,301.84,96.00,73.00,50.00,266.42
987d95a1-9bab-4741-aba6-e537f1c2cd06,Vaseline Healthy Bright Daily Brightening Even Tone Body Lotion 100ml,AL,114.00,223.44,96.00,73.00,50.00,197.22
987d95a1-9bab-4741-aba6-e537f1c2cd06,Vaseline Healthy Bright Daily Brightening Even Tone Body Lotion 100ml,CH,114.00,223.44,96.00,73.00,50.00,197.22
987d95a1-9bab-4741-aba6-e537f1c2cd06,Vaseline Healthy Bright Daily Brightening Even Tone Body Lotion 100ml,DE,114.00,223.44,96.00,73.00,50.00,197.22
987d95a1-9bab-4741-aba6-e537f1c2cd06,Vaseline Healthy Bright Daily Brightening Even Tone Body Lotion 100ml,FR,114.00,223.44,96.00,73.00,50.00,197.22
987d95a1-9bab-4741-aba6-e537f1c2cd06,Vaseline Healthy Bright Daily Brightening Even Tone Body Lotion 100ml,GB,114.00,223.44,96.00,73.00,50.00,197.22
987d95a1-9bab-4741-aba6-e537f1c2cd06,Vaseline Healthy Bright Daily Brightening Even Tone Body Lotion 100ml,IE,114.00,229.14,101.00,78.00,55.00,202.92
987d95a1-9bab-4741-aba6-e537f1c2cd06,Vaseline Healthy Bright Daily Brightening Even Tone Body Lotion 100ml,KE,114.00,223.44,96.00,73.00,50.00,197.22
987d95a1-9bab-4741-aba6-e537f1c2cd06,Vaseline Healthy Bright Daily Brightening Even Tone Body Lotion 100ml,MT,114.00,223.44,96.00,73.00,50.00,197.22
987d95a1-9bab-4741-aba6-e537f1c2cd06,Vaseline Healthy Bright Daily Brightening Even Tone Body Lotion 100ml,US,114.00,223.44,96.00,73.00,50.00,197.22
0a915d1d-b12e-4f18-98ff-222600cf4f07,Vaseline Healthy Bright Gluta-Hya Dewy Radiance Serum-In-Lotion (70 ml),AL,99.00,194.04,96.00,73.00,50.00,171.27
0a915d1d-b12e-4f18-98ff-222600cf4f07,Vaseline Healthy Bright Gluta-Hya Dewy Radiance Serum-In-Lotion (70 ml),CH,99.00,194.04,96.00,73.00,50.00,171.27
0a915d1d-b12e-4f18-98ff-222600cf4f07,Vaseline Healthy Bright Gluta-Hya Dewy Radiance Serum-In-Lotion (70 ml),DE,99.00,194.04,96.00,73.00,50.00,171.27
0a915d1d-b12e-4f18-98ff-222600cf4f07,Vaseline Healthy Bright Gluta-Hya Dewy Radiance Serum-In-Lotion (70 ml),FR,99.00,194.04,96.00,73.00,50.00,171.27
0a915d1d-b12e-4f18-98ff-222600cf4f07,Vaseline Healthy Bright Gluta-Hya Dewy Radiance Serum-In-Lotion (70 ml),GB,99.00,194.04,96.00,73.00,50.00,171.27
0a915d1d-b12e-4f18-98ff-222600cf4f07,Vaseline Healthy Bright Gluta-Hya Dewy Radiance Serum-In-Lotion (70 ml),IE,99.00,198.99,101.00,78.00,55.00,176.22
0a915d1d-b12e-4f18-98ff-222600cf4f07,Vaseline Healthy Bright Gluta-Hya Dewy Radiance Serum-In-Lotion (70 ml),KE,99.00,194.04,96.00,73.00,50.00,171.27
0a915d1d-b12e-4f18-98ff-222600cf4f07,Vaseline Healthy Bright Gluta-Hya Dewy Radiance Serum-In-Lotion (70 ml),MT,99.00,194.04,96.00,73.00,50.00,171.27
0a915d1d-b12e-4f18-98ff-222600cf4f07,Vaseline Healthy Bright Gluta-Hya Dewy Radiance Serum-In-Lotion (70 ml),US,99.00,194.04,96.00,73.00,50.00,171.27
1d135f48-9f3b-41f4-b770-889f9360b642,Vaseline Healthy Bright Gluta-Hya Flawless Glow Serum-In-Lotion (200 ml),AL,325.00,637.00,96.00,73.00,50.00,562.25
1d135f48-9f3b-41f4-b770-889f9360b642,Vaseline Healthy Bright Gluta-Hya Flawless Glow Serum-In-Lotion (200 ml),CH,325.00,637.00,96.00,73.00,50.00,562.25
1d135f48-9f3b-41f4-b770-889f9360b642,Vaseline Healthy Bright Gluta-Hya Flawless Glow Serum-In-Lotion (200 ml),DE,325.00,637.00,96.00,73.00,50.00,562.25
1d135f48-9f3b-41f4-b770-889f9360b642,Vaseline Healthy Bright Gluta-Hya Flawless Glow Serum-In-Lotion (200 ml),FR,325.00,637.00,96.00,73.00,50.00,562.25
1d135f48-9f3b-41f4-b770-889f9360b642,Vaseline Healthy Bright Gluta-Hya Flawless Glow Serum-In-Lotion (200 ml),GB,325.00,637.00,96.00,73.00,50.00,562.25
1d135f48-9f3b-41f4-b770-889f9360b642,Vaseline Healthy Bright Gluta-Hya Flawless Glow Serum-In-Lotion (200 ml),IE,325.00,653.25,101.00,78.00,55.00,578.50
1d135f48-9f3b-41f4-b770-889f9360b642,Vaseline Healthy Bright Gluta-Hya Flawless Glow Serum-In-Lotion (200 ml),KE,325.00,637.00,96.00,73.00,50.00,562.25
1d135f48-9f3b-41f4-b770-889f9360b642,Vaseline Healthy Bright Gluta-Hya Flawless Glow Serum-In-Lotion (200 ml),MT,325.00,637.00,96.00,73.00,50.00,562.25
1d135f48-9f3b-41f4-b770-889f9360b642,Vaseline Healthy Bright Gluta-Hya Flawless Glow Serum-In-Lotion (200 ml),US,325.00,637.00,96.00,73.00,50.00,562.25
4d43c31a-b648-485b-91d5-51ce6c307099,"Vaseline Healthy Bright Gluta-Hya Flawless Glow Serum-in-Lotion | With Glutaglow, Hyaluron & Pro-Retinol | Non-Sticky Body Lotion",AL,299.00,586.04,96.00,73.00,50.00,517.27
4d43c31a-b648-485b-91d5-51ce6c307099,"Vaseline Healthy Bright Gluta-Hya Flawless Glow Serum-in-Lotion | With Glutaglow, Hyaluron & Pro-Retinol | Non-Sticky Body Lotion",CH,299.00,586.04,96.00,73.00,50.00,517.27
4d43c31a-b648-485b-91d5-51ce6c307099,"Vaseline Healthy Bright Gluta-Hya Flawless Glow Serum-in-Lotion | With Glutaglow, Hyaluron & Pro-Retinol | Non-Sticky Body Lotion",DE,299.00,586.04,96.00,73.00,50.00,517.27
4d43c31a-b648-485b-91d5-51ce6c307099,"Vaseline Healthy Bright Gluta-Hya Flawless Glow Serum-in-Lotion | With Glutaglow, Hyaluron & Pro-Retinol | Non-Sticky Body Lotion",FR,299.00,586.04,96.00,73.00,50.00,517.27
4d43c31a-b648-485b-91d5-51ce6c307099,"Vaseline Healthy Bright Gluta-Hya Flawless Glow Serum-in-Lotion | With Glutaglow, Hyaluron & Pro-Retinol | Non-Sticky Body Lotion",GB,299.00,586.04,96.00,73.00,50.00,517.27
4d43c31a-b648-485b-91d5-51ce6c307099,"Vaseline Healthy Bright Gluta-Hya Flawless Glow Serum-in-Lotion | With Glutaglow, Hyaluron & Pro-Retinol | Non-Sticky Body Lotion",IE,299.00,600.99,101.00,78.00,55.00,532.22
4d43c31a-b648-485b-91d5-51ce6c307099,"Vaseline Healthy Bright Gluta-Hya Flawless Glow Serum-in-Lotion | With Glutaglow, Hyaluron & Pro-Retinol | Non-Sticky Body Lotion",KE,299.00,586.04,96.00,73.00,50.00,517.27
4d43c31a-b648-485b-91d5-51ce6c307099,"Vaseline Healthy Bright Gluta-Hya Flawless Glow Serum-in-Lotion | With Glutaglow, Hyaluron & Pro-Retinol | Non-Sticky Body Lotion",MT,299.00,586.04,96.00,73.00,50.00,517.27
4d43c31a-b648-485b-91d5-51ce6c307099,"Vaseline Healthy Bright Gluta-Hya Flawless Glow Serum-in-Lotion | With Glutaglow, Hyaluron & Pro-Retinol | Non-Sticky Body Lotion",US,299.00,586.04,96.00,73.00,50.00,517.27
3ab99a4b-76c2-4a6e-9db4-3a38f71b1a25,Vaseline Intensive Care Aloe Fresh Body Lotion 90ml | 24hr Moisturization | With Aloe Vera Extract | Lightweight & Non-Sticky | For All Skin Types,AL,124.00,243.04,96.00,73.00,50.00,214.52
3ab99a4b-76c2-4a6e-9db4-3a38f71b1a25,Vaseline Intensive Care Aloe Fresh Body Lotion 90ml | 24hr Moisturization | With Aloe Vera Extract | Lightweight & Non-Sticky | For All Skin Types,CH,124.00,243.04,96.00,73.00,50.00,214.52
3ab99a4b-76c2-4a6e-9db4-3a38f71b1a25,Vaseline Intensive Care Aloe Fresh Body Lotion 90ml | 24hr Moisturization | With Aloe Vera Extract | Lightweight & Non-Sticky | For All Skin Types,DE,124.00,243.04,96.00,73.00,50.00,214.52
3ab99a4b-76c2-4a6e-9db4-3a38f71b1a25,Vaseline Intensive Care Aloe Fresh Body Lotion 90ml | 24hr Moisturization | With Aloe Vera Extract | Lightweight & Non-Sticky | For All Skin Types,FR,124.00,243.04,96.00,73.00,50.00,214.52
3ab99a4b-76c2-4a6e-9db4-3a38f71b1a25,Vaseline Intensive Care Aloe Fresh Body Lotion 90ml | 24hr Moisturization | With Aloe Vera Extract | Lightweight & Non-Sticky | For All Skin Types,GB,124.00,243.04,96.00,73.00,50.00,214.52
3ab99a4b-76c2-4a6e-9db4-3a38f71b1a25,Vaseline Intensive Care Aloe Fresh Body Lotion 90ml | 24hr Moisturization | With Aloe Vera Extract | Lightweight & Non-Sticky | For All Skin Types,IE,124.00,249.24,101.00,78.00,55.00,220.72
3ab99a4b-76c2-4a6e-9db4-3a38f71b1a25,Vaseline Intensive Care Aloe Fresh Body Lotion 90ml | 24hr Moisturization | With Aloe Vera Extract | Lightweight & Non-Sticky | For All Skin Types,KE,124.00,243.04,96.00,73.00,50.00,214.52
3ab99a4b-76c2-4a6e-9db4-3a38f71b1a25,Vaseline Intensive Care Aloe Fresh Body Lotion 90ml | 24hr Moisturization | With Aloe Vera Extract | Lightweight & Non-Sticky | For All Skin Types,MT,124.00,243.04,96.00,73.00,50.00,214.52
3ab99a4b-76c2-4a6e-9db4-3a38f71b1a25,Vaseline Intensive Care Aloe Fresh Body Lotion 90ml | 24hr Moisturization | With Aloe Vera Extract | Lightweight & Non-Sticky | For All Skin Types,US,124.00,243.04,96.00,73.00,50.00,214.52
e67bf7d3-9e00-4434-ac94-ff108f5efc72,Vaseline Intensive Care Cocoa Glow Body Lotion 90ml | 48hr Moisturization | With Cocoa Butter | Serum-in-Lotion | For Dry Skin | Soft & Glowing Skin,AL,104.00,203.84,96.00,73.00,50.00,179.92
e67bf7d3-9e00-4434-ac94-ff108f5efc72,Vaseline Intensive Care Cocoa Glow Body Lotion 90ml | 48hr Moisturization | With Cocoa Butter | Serum-in-Lotion | For Dry Skin | Soft & Glowing Skin,CH,104.00,203.84,96.00,73.00,50.00,179.92
e67bf7d3-9e00-4434-ac94-ff108f5efc72,Vaseline Intensive Care Cocoa Glow Body Lotion 90ml | 48hr Moisturization | With Cocoa Butter | Serum-in-Lotion | For Dry Skin | Soft & Glowing Skin,DE,104.00,203.84,96.00,73.00,50.00,179.92
e67bf7d3-9e00-4434-ac94-ff108f5efc72,Vaseline Intensive Care Cocoa Glow Body Lotion 90ml | 48hr Moisturization | With Cocoa Butter | Serum-in-Lotion | For Dry Skin | Soft & Glowing Skin,FR,104.00,203.84,96.00,73.00,50.00,179.92
e67bf7d3-9e00-4434-ac94-ff108f5efc72,Vaseline Intensive Care Cocoa Glow Body Lotion 90ml | 48hr Moisturization | With Cocoa Butter | Serum-in-Lotion | For Dry Skin | Soft & Glowing Skin,GB,104.00,203.84,96.00,73.00,50.00,179.92
e67bf7d3-9e00-4434-ac94-ff108f5efc72,Vaseline Intensive Care Cocoa Glow Body Lotion 90ml | 48hr Moisturization | With Cocoa Butter | Serum-in-Lotion | For Dry Skin | Soft & Glowing Skin,IE,104.00,209.04,101.00,78.00,55.00,185.12
e67bf7d3-9e00-4434-ac94-ff108f5efc72,Vaseline Intensive Care Cocoa Glow Body Lotion 90ml | 48hr Moisturization | With Cocoa Butter | Serum-in-Lotion | For Dry Skin | Soft & Glowing Skin,KE,104.00,203.84,96.00,73.00,50.00,179.92
e67bf7d3-9e00-4434-ac94-ff108f5efc72,Vaseline Intensive Care Cocoa Glow Body Lotion 90ml | 48hr Moisturization | With Cocoa Butter | Serum-in-Lotion | For Dry Skin | Soft & Glowing Skin,MT,104.00,203.84,96.00,73.00,50.00,179.92
e67bf7d3-9e00-4434-ac94-ff108f5efc72,Vaseline Intensive Care Cocoa Glow Body Lotion 90ml | 48hr Moisturization | With Cocoa Butter | Serum-in-Lotion | For Dry Skin | Soft & Glowing Skin,US,104.00,203.84,96.00,73.00,50.00,179.92
904624f1-c5b0-4c28-86d7-fccb7edde267,Vaseline Intensive Care Deep Moisture Body Lotion 90ml | Long Lasting Hydration | Serum-in-Lotion | For Dry Skin | Soft & Smooth Skin,AL,100.00,196.00,96.00,73.00,50.00,173.00
904624f1-c5b0-4c28-86d7-fccb7edde267,Vaseline Intensive Care Deep Moisture Body Lotion 90ml | Long Lasting Hydration | Serum-in-Lotion | For Dry Skin | Soft & Smooth Skin,CH,100.00,196.00,96.00,73.00,50.00,173.00
904624f1-c5b0-4c28-86d7-fccb7edde267,Vaseline Intensive Care Deep Moisture Body Lotion 90ml | Long Lasting Hydration | Serum-in-Lotion | For Dry Skin | Soft & Smooth Skin,DE,100.00,196.00,96.00,73.00,50.00,173.00
904624f1-c5b0-4c28-86d7-fccb7edde267,Vaseline Intensive Care Deep Moisture Body Lotion 90ml | Long Lasting Hydration | Serum-in-Lotion | For Dry Skin | Soft & Smooth Skin,FR,100.00,196.00,96.00,73.00,50.00,173.00
904624f1-c5b0-4c28-86d7-fccb7edde267,Vaseline Intensive Care Deep Moisture Body Lotion 90ml | Long Lasting Hydration | Serum-in-Lotion | For Dry Skin | Soft & Smooth Skin,GB,100.00,196.00,96.00,73.00,50.00,173.00
904624f1-c5b0-4c28-86d7-fccb7edde267,Vaseline Intensive Care Deep Moisture Body Lotion 90ml | Long Lasting Hydration | Serum-in-Lotion | For Dry Skin | Soft & Smooth Skin,IE,100.00,201.00,101.00,78.00,55.00,178.00
904624f1-c5b0-4c28-86d7-fccb7edde267,Vaseline Intensive Care Deep Moisture Body Lotion 90ml | Long Lasting Hydration | Serum-in-Lotion | For Dry Skin | Soft & Smooth Skin,KE,100.00,196.00,96.00,73.00,50.00,173.00
904624f1-c5b0-4c28-86d7-fccb7edde267,Vaseline Intensive Care Deep Moisture Body Lotion 90ml | Long Lasting Hydration | Serum-in-Lotion | For Dry Skin | Soft & Smooth Skin,MT,100.00,196.00,96.00,73.00,50.00,173.00
904624f1-c5b0-4c28-86d7-fccb7edde267,Vaseline Intensive Care Deep Moisture Body Lotion 90ml | Long Lasting Hydration | Serum-in-Lotion | For Dry Skin | Soft & Smooth Skin,US,100.00,196.00,96.00,73.00,50.00,173.00
b1fb71c4-2c40-422d-ac52-5124ae64b493,VEGETABLE PUZZLE,IE,130.00,300.30,131.00,108.00,85.00,270.40
1cd5baee-1d43-4ce1-ab75-3bd29bf28dc7,VGR Professional Hair Trimmer for Men | Titanium Blade | Turbo Speed | LED Display | USB Rechargeable Cordless Grooming Kit,AL,949.00,1954.94,106.00,83.00,60.00,1736.67
1cd5baee-1d43-4ce1-ab75-3bd29bf28dc7,VGR Professional Hair Trimmer for Men | Titanium Blade | Turbo Speed | LED Display | USB Rechargeable Cordless Grooming Kit,CH,949.00,1954.94,106.00,83.00,60.00,1736.67
1cd5baee-1d43-4ce1-ab75-3bd29bf28dc7,VGR Professional Hair Trimmer for Men | Titanium Blade | Turbo Speed | LED Display | USB Rechargeable Cordless Grooming Kit,DE,949.00,1954.94,106.00,83.00,60.00,1736.67
1cd5baee-1d43-4ce1-ab75-3bd29bf28dc7,VGR Professional Hair Trimmer for Men | Titanium Blade | Turbo Speed | LED Display | USB Rechargeable Cordless Grooming Kit,FR,949.00,1954.94,106.00,83.00,60.00,1736.67
1cd5baee-1d43-4ce1-ab75-3bd29bf28dc7,VGR Professional Hair Trimmer for Men | Titanium Blade | Turbo Speed | LED Display | USB Rechargeable Cordless Grooming Kit,GB,949.00,1954.94,106.00,83.00,60.00,1736.67
1cd5baee-1d43-4ce1-ab75-3bd29bf28dc7,VGR Professional Hair Trimmer for Men | Titanium Blade | Turbo Speed | LED Display | USB Rechargeable Cordless Grooming Kit,IE,949.00,2002.39,111.00,88.00,65.00,1784.12
1cd5baee-1d43-4ce1-ab75-3bd29bf28dc7,VGR Professional Hair Trimmer for Men | Titanium Blade | Turbo Speed | LED Display | USB Rechargeable Cordless Grooming Kit,KE,949.00,1954.94,106.00,83.00,60.00,1736.67
1cd5baee-1d43-4ce1-ab75-3bd29bf28dc7,VGR Professional Hair Trimmer for Men | Titanium Blade | Turbo Speed | LED Display | USB Rechargeable Cordless Grooming Kit,MT,949.00,1954.94,106.00,83.00,60.00,1736.67
1cd5baee-1d43-4ce1-ab75-3bd29bf28dc7,VGR Professional Hair Trimmer for Men | Titanium Blade | Turbo Speed | LED Display | USB Rechargeable Cordless Grooming Kit,US,949.00,1954.94,106.00,83.00,60.00,1736.67
0e0b1129-9784-435f-b051-c0d68e5a50bc,VGR V-982 Professional Hair Trimmer for Men | Corded & Cordless Use | USB Rechargeable | Digital Display | Precision Blade Grooming Kit,IE,949.00,1812.59,91.00,68.00,45.00,1594.32
705014a1-cd5b-4b9d-b3aa-066516bdfd3e,VI-JOHN Women Saffron Fairness Cream,AL,74.00,145.04,96.00,73.00,50.00,128.02
705014a1-cd5b-4b9d-b3aa-066516bdfd3e,VI-JOHN Women Saffron Fairness Cream,CH,74.00,145.04,96.00,73.00,50.00,128.02
705014a1-cd5b-4b9d-b3aa-066516bdfd3e,VI-JOHN Women Saffron Fairness Cream,DE,74.00,145.04,96.00,73.00,50.00,128.02
705014a1-cd5b-4b9d-b3aa-066516bdfd3e,VI-JOHN Women Saffron Fairness Cream,FR,74.00,145.04,96.00,73.00,50.00,128.02
705014a1-cd5b-4b9d-b3aa-066516bdfd3e,VI-JOHN Women Saffron Fairness Cream,GB,74.00,145.04,96.00,73.00,50.00,128.02
705014a1-cd5b-4b9d-b3aa-066516bdfd3e,VI-JOHN Women Saffron Fairness Cream,IE,74.00,148.74,101.00,78.00,55.00,131.72
705014a1-cd5b-4b9d-b3aa-066516bdfd3e,VI-JOHN Women Saffron Fairness Cream,KE,74.00,145.04,96.00,73.00,50.00,128.02
705014a1-cd5b-4b9d-b3aa-066516bdfd3e,VI-JOHN Women Saffron Fairness Cream,MT,74.00,145.04,96.00,73.00,50.00,128.02
705014a1-cd5b-4b9d-b3aa-066516bdfd3e,VI-JOHN Women Saffron Fairness Cream,US,74.00,145.04,96.00,73.00,50.00,128.02
50cabfad-0b9c-436f-bf2e-8f654f9a315a,VI-JOHN Women Skin Fairness Cream with Saffron,AL,57.00,111.72,96.00,73.00,50.00,98.61
50cabfad-0b9c-436f-bf2e-8f654f9a315a,VI-JOHN Women Skin Fairness Cream with Saffron,CH,57.00,111.72,96.00,73.00,50.00,98.61
50cabfad-0b9c-436f-bf2e-8f654f9a315a,VI-JOHN Women Skin Fairness Cream with Saffron,DE,57.00,111.72,96.00,73.00,50.00,98.61
50cabfad-0b9c-436f-bf2e-8f654f9a315a,VI-JOHN Women Skin Fairness Cream with Saffron,FR,57.00,111.72,96.00,73.00,50.00,98.61
50cabfad-0b9c-436f-bf2e-8f654f9a315a,VI-JOHN Women Skin Fairness Cream with Saffron,GB,57.00,111.72,96.00,73.00,50.00,98.61
50cabfad-0b9c-436f-bf2e-8f654f9a315a,VI-JOHN Women Skin Fairness Cream with Saffron,IE,57.00,114.57,101.00,78.00,55.00,101.46
50cabfad-0b9c-436f-bf2e-8f654f9a315a,VI-JOHN Women Skin Fairness Cream with Saffron,KE,57.00,111.72,96.00,73.00,50.00,98.61
50cabfad-0b9c-436f-bf2e-8f654f9a315a,VI-JOHN Women Skin Fairness Cream with Saffron,MT,57.00,111.72,96.00,73.00,50.00,98.61
50cabfad-0b9c-436f-bf2e-8f654f9a315a,VI-JOHN Women Skin Fairness Cream with Saffron,US,57.00,111.72,96.00,73.00,50.00,98.61
f49bf78d-6e29-4b5a-8e86-d9c0acf9f097,"Vicco Turmeric Ayurvedic Skin Cream with Sandalwood Oil – 30g – Natural Antiseptic & Brightening Face Cream – Fades Dark Spots, Fights Acne & Promotes Healthy Glowing Skin",AL,148.00,290.08,96.00,73.00,50.00,256.04
f49bf78d-6e29-4b5a-8e86-d9c0acf9f097,"Vicco Turmeric Ayurvedic Skin Cream with Sandalwood Oil – 30g – Natural Antiseptic & Brightening Face Cream – Fades Dark Spots, Fights Acne & Promotes Healthy Glowing Skin",CH,148.00,290.08,96.00,73.00,50.00,256.04
f49bf78d-6e29-4b5a-8e86-d9c0acf9f097,"Vicco Turmeric Ayurvedic Skin Cream with Sandalwood Oil – 30g – Natural Antiseptic & Brightening Face Cream – Fades Dark Spots, Fights Acne & Promotes Healthy Glowing Skin",DE,148.00,290.08,96.00,73.00,50.00,256.04
f49bf78d-6e29-4b5a-8e86-d9c0acf9f097,"Vicco Turmeric Ayurvedic Skin Cream with Sandalwood Oil – 30g – Natural Antiseptic & Brightening Face Cream – Fades Dark Spots, Fights Acne & Promotes Healthy Glowing Skin",FR,148.00,290.08,96.00,73.00,50.00,256.04
f49bf78d-6e29-4b5a-8e86-d9c0acf9f097,"Vicco Turmeric Ayurvedic Skin Cream with Sandalwood Oil – 30g – Natural Antiseptic & Brightening Face Cream – Fades Dark Spots, Fights Acne & Promotes Healthy Glowing Skin",GB,148.00,290.08,96.00,73.00,50.00,256.04
f49bf78d-6e29-4b5a-8e86-d9c0acf9f097,"Vicco Turmeric Ayurvedic Skin Cream with Sandalwood Oil – 30g – Natural Antiseptic & Brightening Face Cream – Fades Dark Spots, Fights Acne & Promotes Healthy Glowing Skin",IE,148.00,297.48,101.00,78.00,55.00,263.44
f49bf78d-6e29-4b5a-8e86-d9c0acf9f097,"Vicco Turmeric Ayurvedic Skin Cream with Sandalwood Oil – 30g – Natural Antiseptic & Brightening Face Cream – Fades Dark Spots, Fights Acne & Promotes Healthy Glowing Skin",KE,148.00,290.08,96.00,73.00,50.00,256.04
f49bf78d-6e29-4b5a-8e86-d9c0acf9f097,"Vicco Turmeric Ayurvedic Skin Cream with Sandalwood Oil – 30g – Natural Antiseptic & Brightening Face Cream – Fades Dark Spots, Fights Acne & Promotes Healthy Glowing Skin",MT,148.00,290.08,96.00,73.00,50.00,256.04
f49bf78d-6e29-4b5a-8e86-d9c0acf9f097,"Vicco Turmeric Ayurvedic Skin Cream with Sandalwood Oil – 30g – Natural Antiseptic & Brightening Face Cream – Fades Dark Spots, Fights Acne & Promotes Healthy Glowing Skin",US,148.00,290.08,96.00,73.00,50.00,256.04
9051df67-d1e4-47be-89e0-3b1e1863f416,Vicco Turmeric Skin Cream with Sandalwood Oil | 15g | Ayurvedic Face Cream for Glowing Skin | Daily Skincare,AL,82.00,160.72,96.00,73.00,50.00,141.86
9051df67-d1e4-47be-89e0-3b1e1863f416,Vicco Turmeric Skin Cream with Sandalwood Oil | 15g | Ayurvedic Face Cream for Glowing Skin | Daily Skincare,CH,82.00,160.72,96.00,73.00,50.00,141.86
9051df67-d1e4-47be-89e0-3b1e1863f416,Vicco Turmeric Skin Cream with Sandalwood Oil | 15g | Ayurvedic Face Cream for Glowing Skin | Daily Skincare,DE,82.00,160.72,96.00,73.00,50.00,141.86
9051df67-d1e4-47be-89e0-3b1e1863f416,Vicco Turmeric Skin Cream with Sandalwood Oil | 15g | Ayurvedic Face Cream for Glowing Skin | Daily Skincare,FR,82.00,160.72,96.00,73.00,50.00,141.86
9051df67-d1e4-47be-89e0-3b1e1863f416,Vicco Turmeric Skin Cream with Sandalwood Oil | 15g | Ayurvedic Face Cream for Glowing Skin | Daily Skincare,GB,82.00,160.72,96.00,73.00,50.00,141.86
9051df67-d1e4-47be-89e0-3b1e1863f416,Vicco Turmeric Skin Cream with Sandalwood Oil | 15g | Ayurvedic Face Cream for Glowing Skin | Daily Skincare,IE,82.00,164.82,101.00,78.00,55.00,145.96
9051df67-d1e4-47be-89e0-3b1e1863f416,Vicco Turmeric Skin Cream with Sandalwood Oil | 15g | Ayurvedic Face Cream for Glowing Skin | Daily Skincare,KE,82.00,160.72,96.00,73.00,50.00,141.86
9051df67-d1e4-47be-89e0-3b1e1863f416,Vicco Turmeric Skin Cream with Sandalwood Oil | 15g | Ayurvedic Face Cream for Glowing Skin | Daily Skincare,MT,82.00,160.72,96.00,73.00,50.00,141.86
9051df67-d1e4-47be-89e0-3b1e1863f416,Vicco Turmeric Skin Cream with Sandalwood Oil | 15g | Ayurvedic Face Cream for Glowing Skin | Daily Skincare,US,82.00,160.72,96.00,73.00,50.00,141.86
a0055e89-4f79-4509-b2ea-4d8fd67da650,Vintage Style Convertible Toy Car – Mint Green,AL,207.00,405.72,96.00,73.00,50.00,358.11
a0055e89-4f79-4509-b2ea-4d8fd67da650,Vintage Style Convertible Toy Car – Mint Green,CH,207.00,405.72,96.00,73.00,50.00,358.11
a0055e89-4f79-4509-b2ea-4d8fd67da650,Vintage Style Convertible Toy Car – Mint Green,DE,207.00,405.72,96.00,73.00,50.00,358.11
a0055e89-4f79-4509-b2ea-4d8fd67da650,Vintage Style Convertible Toy Car – Mint Green,FR,207.00,405.72,96.00,73.00,50.00,358.11
a0055e89-4f79-4509-b2ea-4d8fd67da650,Vintage Style Convertible Toy Car – Mint Green,GB,207.00,405.72,96.00,73.00,50.00,358.11
a0055e89-4f79-4509-b2ea-4d8fd67da650,Vintage Style Convertible Toy Car – Mint Green,IE,207.00,416.07,101.00,78.00,55.00,368.46
a0055e89-4f79-4509-b2ea-4d8fd67da650,Vintage Style Convertible Toy Car – Mint Green,KE,207.00,405.72,96.00,73.00,50.00,358.11
a0055e89-4f79-4509-b2ea-4d8fd67da650,Vintage Style Convertible Toy Car – Mint Green,MT,207.00,405.72,96.00,73.00,50.00,358.11
a0055e89-4f79-4509-b2ea-4d8fd67da650,Vintage Style Convertible Toy Car – Mint Green,US,207.00,405.72,96.00,73.00,50.00,358.11
4128772a-97da-4892-a356-709c055c990b,Vstar sarah double layered Bra( pack of 3),AL,1199.00,2409.99,101.00,78.00,55.00,2134.22
4128772a-97da-4892-a356-709c055c990b,Vstar sarah double layered Bra( pack of 3),CH,1199.00,2409.99,101.00,78.00,55.00,2134.22
4128772a-97da-4892-a356-709c055c990b,Vstar sarah double layered Bra( pack of 3),KE,1199.00,2409.99,101.00,78.00,55.00,2134.22
7b5fbc38-4379-4a0e-8e19-56f14a405e3b,"WhiteTone Soft & Smooth Face Cream – Hydrating Formula with Sun Protection for Brightening Skin Tone – Daily Moisturizing Cream for Soft, Smooth Skin – Standard Pack",AL,150.00,294.00,96.00,73.00,50.00,259.50
7b5fbc38-4379-4a0e-8e19-56f14a405e3b,"WhiteTone Soft & Smooth Face Cream – Hydrating Formula with Sun Protection for Brightening Skin Tone – Daily Moisturizing Cream for Soft, Smooth Skin – Standard Pack",CH,150.00,294.00,96.00,73.00,50.00,259.50
7b5fbc38-4379-4a0e-8e19-56f14a405e3b,"WhiteTone Soft & Smooth Face Cream – Hydrating Formula with Sun Protection for Brightening Skin Tone – Daily Moisturizing Cream for Soft, Smooth Skin – Standard Pack",DE,150.00,294.00,96.00,73.00,50.00,259.50
7b5fbc38-4379-4a0e-8e19-56f14a405e3b,"WhiteTone Soft & Smooth Face Cream – Hydrating Formula with Sun Protection for Brightening Skin Tone – Daily Moisturizing Cream for Soft, Smooth Skin – Standard Pack",FR,150.00,294.00,96.00,73.00,50.00,259.50
7b5fbc38-4379-4a0e-8e19-56f14a405e3b,"WhiteTone Soft & Smooth Face Cream – Hydrating Formula with Sun Protection for Brightening Skin Tone – Daily Moisturizing Cream for Soft, Smooth Skin – Standard Pack",GB,150.00,294.00,96.00,73.00,50.00,259.50
7b5fbc38-4379-4a0e-8e19-56f14a405e3b,"WhiteTone Soft & Smooth Face Cream – Hydrating Formula with Sun Protection for Brightening Skin Tone – Daily Moisturizing Cream for Soft, Smooth Skin – Standard Pack",IE,150.00,301.50,101.00,78.00,55.00,267.00
7b5fbc38-4379-4a0e-8e19-56f14a405e3b,"WhiteTone Soft & Smooth Face Cream – Hydrating Formula with Sun Protection for Brightening Skin Tone – Daily Moisturizing Cream for Soft, Smooth Skin – Standard Pack",KE,150.00,294.00,96.00,73.00,50.00,259.50
7b5fbc38-4379-4a0e-8e19-56f14a405e3b,"WhiteTone Soft & Smooth Face Cream – Hydrating Formula with Sun Protection for Brightening Skin Tone – Daily Moisturizing Cream for Soft, Smooth Skin – Standard Pack",MT,150.00,294.00,96.00,73.00,50.00,259.50
7b5fbc38-4379-4a0e-8e19-56f14a405e3b,"WhiteTone Soft & Smooth Face Cream – Hydrating Formula with Sun Protection for Brightening Skin Tone – Daily Moisturizing Cream for Soft, Smooth Skin – Standard Pack",US,150.00,294.00,96.00,73.00,50.00,259.50
96c50d29-bb41-4aa9-b165-ce9ace36846a,WishCare Ceramide Lip Balm SPF50 PA+++,AL,290.00,568.40,96.00,73.00,50.00,501.70
96c50d29-bb41-4aa9-b165-ce9ace36846a,WishCare Ceramide Lip Balm SPF50 PA+++,CH,290.00,568.40,96.00,73.00,50.00,501.70
96c50d29-bb41-4aa9-b165-ce9ace36846a,WishCare Ceramide Lip Balm SPF50 PA+++,DE,290.00,568.40,96.00,73.00,50.00,501.70
96c50d29-bb41-4aa9-b165-ce9ace36846a,WishCare Ceramide Lip Balm SPF50 PA+++,FR,290.00,568.40,96.00,73.00,50.00,501.70
96c50d29-bb41-4aa9-b165-ce9ace36846a,WishCare Ceramide Lip Balm SPF50 PA+++,GB,290.00,568.40,96.00,73.00,50.00,501.70
96c50d29-bb41-4aa9-b165-ce9ace36846a,WishCare Ceramide Lip Balm SPF50 PA+++,IE,290.00,582.90,101.00,78.00,55.00,516.20
96c50d29-bb41-4aa9-b165-ce9ace36846a,WishCare Ceramide Lip Balm SPF50 PA+++,KE,290.00,568.40,96.00,73.00,50.00,501.70
96c50d29-bb41-4aa9-b165-ce9ace36846a,WishCare Ceramide Lip Balm SPF50 PA+++,MT,290.00,568.40,96.00,73.00,50.00,501.70
96c50d29-bb41-4aa9-b165-ce9ace36846a,WishCare Ceramide Lip Balm SPF50 PA+++,US,290.00,568.40,96.00,73.00,50.00,501.70
529b1b93-ef1e-4f73-a03b-6886566bc239,"WishCare Vitamin C Pure Glow Milk Sunscreen SPF 50+ PA++++, Ultra Light Face Sunscreen with Kojic Acid, Hyaluronic Acid & Licorice, Brightening & Hydrating, Broad Spectrum UV Protection",AL,496.00,972.16,96.00,73.00,50.00,858.08
529b1b93-ef1e-4f73-a03b-6886566bc239,"WishCare Vitamin C Pure Glow Milk Sunscreen SPF 50+ PA++++, Ultra Light Face Sunscreen with Kojic Acid, Hyaluronic Acid & Licorice, Brightening & Hydrating, Broad Spectrum UV Protection",CH,496.00,972.16,96.00,73.00,50.00,858.08
529b1b93-ef1e-4f73-a03b-6886566bc239,"WishCare Vitamin C Pure Glow Milk Sunscreen SPF 50+ PA++++, Ultra Light Face Sunscreen with Kojic Acid, Hyaluronic Acid & Licorice, Brightening & Hydrating, Broad Spectrum UV Protection",DE,496.00,972.16,96.00,73.00,50.00,858.08
529b1b93-ef1e-4f73-a03b-6886566bc239,"WishCare Vitamin C Pure Glow Milk Sunscreen SPF 50+ PA++++, Ultra Light Face Sunscreen with Kojic Acid, Hyaluronic Acid & Licorice, Brightening & Hydrating, Broad Spectrum UV Protection",FR,496.00,972.16,96.00,73.00,50.00,858.08
529b1b93-ef1e-4f73-a03b-6886566bc239,"WishCare Vitamin C Pure Glow Milk Sunscreen SPF 50+ PA++++, Ultra Light Face Sunscreen with Kojic Acid, Hyaluronic Acid & Licorice, Brightening & Hydrating, Broad Spectrum UV Protection",GB,496.00,972.16,96.00,73.00,50.00,858.08
529b1b93-ef1e-4f73-a03b-6886566bc239,"WishCare Vitamin C Pure Glow Milk Sunscreen SPF 50+ PA++++, Ultra Light Face Sunscreen with Kojic Acid, Hyaluronic Acid & Licorice, Brightening & Hydrating, Broad Spectrum UV Protection",IE,496.00,996.96,101.00,78.00,55.00,882.88
529b1b93-ef1e-4f73-a03b-6886566bc239,"WishCare Vitamin C Pure Glow Milk Sunscreen SPF 50+ PA++++, Ultra Light Face Sunscreen with Kojic Acid, Hyaluronic Acid & Licorice, Brightening & Hydrating, Broad Spectrum UV Protection",KE,496.00,972.16,96.00,73.00,50.00,858.08
529b1b93-ef1e-4f73-a03b-6886566bc239,"WishCare Vitamin C Pure Glow Milk Sunscreen SPF 50+ PA++++, Ultra Light Face Sunscreen with Kojic Acid, Hyaluronic Acid & Licorice, Brightening & Hydrating, Broad Spectrum UV Protection",MT,496.00,972.16,96.00,73.00,50.00,858.08
529b1b93-ef1e-4f73-a03b-6886566bc239,"WishCare Vitamin C Pure Glow Milk Sunscreen SPF 50+ PA++++, Ultra Light Face Sunscreen with Kojic Acid, Hyaluronic Acid & Licorice, Brightening & Hydrating, Broad Spectrum UV Protection",US,496.00,972.16,96.00,73.00,50.00,858.08
3554af10-a441-48da-a499-75d4da9b6029,Women’s Chanderi Silk Printed Midi Dress with Lining & Sleeves,AL,910.00,1757.51,93.13,70.13,47.13,1548.21
3554af10-a441-48da-a499-75d4da9b6029,Women’s Chanderi Silk Printed Midi Dress with Lining & Sleeves,CH,910.00,1757.51,93.13,70.13,47.13,1548.21
3554af10-a441-48da-a499-75d4da9b6029,Women’s Chanderi Silk Printed Midi Dress with Lining & Sleeves,DE,910.00,1883.70,107.00,84.00,61.00,1674.40
3554af10-a441-48da-a499-75d4da9b6029,Women’s Chanderi Silk Printed Midi Dress with Lining & Sleeves,FR,910.00,1992.90,119.00,96.00,73.00,1783.60
3554af10-a441-48da-a499-75d4da9b6029,Women’s Chanderi Silk Printed Midi Dress with Lining & Sleeves,GB,910.00,1892.80,108.00,85.00,62.00,1683.50
3554af10-a441-48da-a499-75d4da9b6029,Women’s Chanderi Silk Printed Midi Dress with Lining & Sleeves,IE,910.00,1892.80,108.00,85.00,62.00,1683.50
3554af10-a441-48da-a499-75d4da9b6029,Women’s Chanderi Silk Printed Midi Dress with Lining & Sleeves,KE,910.00,1757.51,93.13,70.13,47.13,1548.21
3554af10-a441-48da-a499-75d4da9b6029,Women’s Chanderi Silk Printed Midi Dress with Lining & Sleeves,MT,910.00,2184.00,140.00,117.00,94.00,1974.70
3554af10-a441-48da-a499-75d4da9b6029,Women’s Chanderi Silk Printed Midi Dress with Lining & Sleeves,US,910.00,2011.10,121.00,98.00,75.00,1801.80
7b7f5ff5-c95b-4e47-8b3a-93ef2fb1a070,Women’s Cotton Ajrakh Print Straight Kurti with 3/4 Sleeves | Ethnic Casual Daily Wear Long Kurta,AL,699.00,1350.00,93.13,70.13,47.13,1189.23
7b7f5ff5-c95b-4e47-8b3a-93ef2fb1a070,Women’s Cotton Ajrakh Print Straight Kurti with 3/4 Sleeves | Ethnic Casual Daily Wear Long Kurta,CH,699.00,1350.00,93.13,70.13,47.13,1189.23
7b7f5ff5-c95b-4e47-8b3a-93ef2fb1a070,Women’s Cotton Ajrakh Print Straight Kurti with 3/4 Sleeves | Ethnic Casual Daily Wear Long Kurta,IE,699.00,1335.09,91.00,68.00,45.00,1174.32
7b7f5ff5-c95b-4e47-8b3a-93ef2fb1a070,Women’s Cotton Ajrakh Print Straight Kurti with 3/4 Sleeves | Ethnic Casual Daily Wear Long Kurta,KE,699.00,1350.00,93.13,70.13,47.13,1189.23
7b7f5ff5-c95b-4e47-8b3a-93ef2fb1a070,Women’s Cotton Ajrakh Print Straight Kurti with 3/4 Sleeves | Ethnic Casual Daily Wear Long Kurta,MT,699.00,1328.10,90.00,67.00,44.00,1167.33
7b7f5ff5-c95b-4e47-8b3a-93ef2fb1a070,Women’s Cotton Ajrakh Print Straight Kurti with 3/4 Sleeves | Ethnic Casual Daily Wear Long Kurta,US,699.00,1328.10,90.00,67.00,44.00,1167.33
77638216-54b5-481f-a126-fb9cfe73dcfd,Women’s Cotton Chikankari Embroidered Kurti without Lining,AL,899.00,1736.26,93.13,70.13,47.13,1529.49
77638216-54b5-481f-a126-fb9cfe73dcfd,Women’s Cotton Chikankari Embroidered Kurti without Lining,CH,899.00,1736.26,93.13,70.13,47.13,1529.49
77638216-54b5-481f-a126-fb9cfe73dcfd,Women’s Cotton Chikankari Embroidered Kurti without Lining,DE,899.00,1806.99,101.00,78.00,55.00,1600.22
77638216-54b5-481f-a126-fb9cfe73dcfd,Women’s Cotton Chikankari Embroidered Kurti without Lining,FR,899.00,1878.91,109.00,86.00,63.00,1672.14
77638216-54b5-481f-a126-fb9cfe73dcfd,Women’s Cotton Chikankari Embroidered Kurti without Lining,GB,899.00,1815.98,102.00,79.00,56.00,1609.21
77638216-54b5-481f-a126-fb9cfe73dcfd,Women’s Cotton Chikankari Embroidered Kurti without Lining,IE,899.00,1815.98,102.00,79.00,56.00,1609.21
77638216-54b5-481f-a126-fb9cfe73dcfd,Women’s Cotton Chikankari Embroidered Kurti without Lining,KE,899.00,1736.26,93.13,70.13,47.13,1529.49
77638216-54b5-481f-a126-fb9cfe73dcfd,Women’s Cotton Chikankari Embroidered Kurti without Lining,MT,899.00,1932.85,115.00,92.00,69.00,1726.08
77638216-54b5-481f-a126-fb9cfe73dcfd,Women’s Cotton Chikankari Embroidered Kurti without Lining,US,899.00,1896.89,111.00,88.00,65.00,1690.12
9c2de31e-f2d5-4a51-ab8f-611377d7ae74,Women’s Cotton Printed Co-ord Set with Lining & Sleeves | Ethnic Top and Palazzo Pants Set for Casual Wear,AL,799.00,1543.13,93.13,70.13,47.13,1359.36
9c2de31e-f2d5-4a51-ab8f-611377d7ae74,Women’s Cotton Printed Co-ord Set with Lining & Sleeves | Ethnic Top and Palazzo Pants Set for Casual Wear,CH,799.00,1543.13,93.13,70.13,47.13,1359.36
9c2de31e-f2d5-4a51-ab8f-611377d7ae74,Women’s Cotton Printed Co-ord Set with Lining & Sleeves | Ethnic Top and Palazzo Pants Set for Casual Wear,FR,799.00,1534.08,92.00,69.00,46.00,1350.31
9c2de31e-f2d5-4a51-ab8f-611377d7ae74,Women’s Cotton Printed Co-ord Set with Lining & Sleeves | Ethnic Top and Palazzo Pants Set for Casual Wear,IE,799.00,1845.69,131.00,108.00,85.00,1661.92
9c2de31e-f2d5-4a51-ab8f-611377d7ae74,Women’s Cotton Printed Co-ord Set with Lining & Sleeves | Ethnic Top and Palazzo Pants Set for Casual Wear,KE,799.00,1543.13,93.13,70.13,47.13,1359.36
9c2de31e-f2d5-4a51-ab8f-611377d7ae74,Women’s Cotton Printed Co-ord Set with Lining & Sleeves | Ethnic Top and Palazzo Pants Set for Casual Wear,MT,799.00,1550.06,94.00,71.00,48.00,1366.29
9c2de31e-f2d5-4a51-ab8f-611377d7ae74,Women’s Cotton Printed Co-ord Set with Lining & Sleeves | Ethnic Top and Palazzo Pants Set for Casual Wear,US,799.00,1550.06,94.00,71.00,48.00,1366.29
29c52acc-60aa-4e11-bdd5-51e830e702be,Women’s Cotton Printed Straight Kurti with Lining & 3/4 Sleeves | Ethnic Casual Long Kurta for Daily Wear,AL,879.00,1697.63,93.13,70.13,47.13,1495.46
29c52acc-60aa-4e11-bdd5-51e830e702be,Women’s Cotton Printed Straight Kurti with Lining & 3/4 Sleeves | Ethnic Casual Long Kurta for Daily Wear,CH,879.00,1697.63,93.13,70.13,47.13,1495.46
29c52acc-60aa-4e11-bdd5-51e830e702be,Women’s Cotton Printed Straight Kurti with Lining & 3/4 Sleeves | Ethnic Casual Long Kurta for Daily Wear,IE,879.00,1678.89,91.00,68.00,45.00,1476.72
29c52acc-60aa-4e11-bdd5-51e830e702be,Women’s Cotton Printed Straight Kurti with Lining & 3/4 Sleeves | Ethnic Casual Long Kurta for Daily Wear,KE,879.00,1697.63,93.13,70.13,47.13,1495.46
29c52acc-60aa-4e11-bdd5-51e830e702be,Women’s Cotton Printed Straight Kurti with Lining & 3/4 Sleeves | Ethnic Casual Long Kurta for Daily Wear,MT,879.00,1670.10,90.00,67.00,44.00,1467.93
86114c35-876e-44b5-99b2-e6299e1d0fb9,Women’s Cotton Printed Tunic Top without Lining,AL,699.00,1350.00,93.13,70.13,47.13,1189.23
86114c35-876e-44b5-99b2-e6299e1d0fb9,Women’s Cotton Printed Tunic Top without Lining,CH,699.00,1350.00,93.13,70.13,47.13,1189.23
86114c35-876e-44b5-99b2-e6299e1d0fb9,Women’s Cotton Printed Tunic Top without Lining,DE,699.00,1516.83,117.00,94.00,71.00,1356.06
86114c35-876e-44b5-99b2-e6299e1d0fb9,Women’s Cotton Printed Tunic Top without Lining,FR,699.00,1579.74,126.00,103.00,80.00,1418.97
86114c35-876e-44b5-99b2-e6299e1d0fb9,Women’s Cotton Printed Tunic Top without Lining,GB,699.00,1523.82,118.00,95.00,72.00,1363.05
86114c35-876e-44b5-99b2-e6299e1d0fb9,Women’s Cotton Printed Tunic Top without Lining,IE,699.00,1523.82,118.00,95.00,72.00,1363.05
86114c35-876e-44b5-99b2-e6299e1d0fb9,Women’s Cotton Printed Tunic Top without Lining,KE,699.00,1350.00,93.13,70.13,47.13,1189.23
86114c35-876e-44b5-99b2-e6299e1d0fb9,Women’s Cotton Printed Tunic Top without Lining,MT,699.00,1628.67,133.00,110.00,87.00,1467.90
86114c35-876e-44b5-99b2-e6299e1d0fb9,Women’s Cotton Printed Tunic Top without Lining,US,699.00,1593.72,128.00,105.00,82.00,1432.95
dbdc2308-a67a-4477-80ac-52800884fcb7,Xibei Baby Nail Clippers (Health Use),AL,76.50,149.94,96.00,73.00,50.00,132.35
dbdc2308-a67a-4477-80ac-52800884fcb7,Xibei Baby Nail Clippers (Health Use),CH,76.50,149.94,96.00,73.00,50.00,132.35
dbdc2308-a67a-4477-80ac-52800884fcb7,Xibei Baby Nail Clippers (Health Use),DE,76.50,149.94,96.00,73.00,50.00,132.35
dbdc2308-a67a-4477-80ac-52800884fcb7,Xibei Baby Nail Clippers (Health Use),FR,76.50,149.94,96.00,73.00,50.00,132.35
dbdc2308-a67a-4477-80ac-52800884fcb7,Xibei Baby Nail Clippers (Health Use),GB,76.50,149.94,96.00,73.00,50.00,132.35
dbdc2308-a67a-4477-80ac-52800884fcb7,Xibei Baby Nail Clippers (Health Use),IE,76.50,153.78,101.02,78.02,55.02,136.18
dbdc2308-a67a-4477-80ac-52800884fcb7,Xibei Baby Nail Clippers (Health Use),KE,76.50,149.94,96.00,73.00,50.00,132.35
dbdc2308-a67a-4477-80ac-52800884fcb7,Xibei Baby Nail Clippers (Health Use),MT,76.50,149.94,96.00,73.00,50.00,132.35
dbdc2308-a67a-4477-80ac-52800884fcb7,Xibei Baby Nail Clippers (Health Use),US,76.50,149.94,96.00,73.00,50.00,132.35
e70d5ae4-2704-4d64-aa54-5e4af60d5398,Yardley London Hand Sanitizer Spray 60 ml,AL,40.00,78.40,96.00,73.00,50.00,69.20
e70d5ae4-2704-4d64-aa54-5e4af60d5398,Yardley London Hand Sanitizer Spray 60 ml,CH,40.00,78.40,96.00,73.00,50.00,69.20
e70d5ae4-2704-4d64-aa54-5e4af60d5398,Yardley London Hand Sanitizer Spray 60 ml,DE,40.00,78.40,96.00,73.00,50.00,69.20
e70d5ae4-2704-4d64-aa54-5e4af60d5398,Yardley London Hand Sanitizer Spray 60 ml,FR,40.00,78.40,96.00,73.00,50.00,69.20
e70d5ae4-2704-4d64-aa54-5e4af60d5398,Yardley London Hand Sanitizer Spray 60 ml,GB,40.00,78.40,96.00,73.00,50.00,69.20
e70d5ae4-2704-4d64-aa54-5e4af60d5398,Yardley London Hand Sanitizer Spray 60 ml,IE,40.00,80.40,101.00,78.00,55.00,71.20
e70d5ae4-2704-4d64-aa54-5e4af60d5398,Yardley London Hand Sanitizer Spray 60 ml,KE,40.00,78.40,96.00,73.00,50.00,69.20
e70d5ae4-2704-4d64-aa54-5e4af60d5398,Yardley London Hand Sanitizer Spray 60 ml,MT,40.00,78.40,96.00,73.00,50.00,69.20
e70d5ae4-2704-4d64-aa54-5e4af60d5398,Yardley London Hand Sanitizer Spray 60 ml,US,40.00,78.40,96.00,73.00,50.00,69.20
